ScripID,ScripCode,ScripName,OurSectorClassification
533292,A2zmes      ,A2zmes      ,Engineering
526071,SELLAIDS PUB,SELLAIDS PUBLICATI INR10 (DEMAT) (BSE code:526071)   ,Others
532391,OPTO CIRCUIT,Opto Circuits India Ltd. (BSE code:532391)   ,Engineering
530017,STD.INDUST. ,Standard Industries Limited (BSE code:530017)   ,Chemicals
511658,NETTLINX LTD,Nettlinx Ltd (BSE code:511658)   ,Financial Services
500472,SKF INDIA   ,Skf India    (Bse Code: 500472 ),Engineering
531568,ASHUTOSH PAP,Ashutosh Pap,Paper
530859,COSBOARD IND,Cosboard Ind,Paper
512349,LINKHOUSE IN,Linkhouse Industries Ltd. (BSE code:512349)   ,Construction and Building Materials
533128,T25BHIPD (BSE code:533128)   ,T25BHIPD (BSE code:533128)   ,Financial Services
531968,INDO GREEN  ,INDO GREEN P (BSE code:531968)   ,Food Processing
532162,JK PAPER    ,JK Paper Ltd. (BSE code:532162)   ,Paper
524013,HIND.FLUROCA,HIND.FLUROCA (BSE code:524013)   ,Petro Chemicals
532360,VINTAGE CARD,VINTAGE CARD (BSE code:532360)   ,Others
513648,MARG PRO IN ,MARG PRO IN (BSE code:513648)   ,Financial Services
946560,Usdpl8feb10 ,Usdpl8feb10 ,Un classified
934773,Bajautfincd  (Bse Code: 934773 ),Bajautfincd  (Bse Code: 934773 ),Un classified
531651,NATIONAL GEN,National Gen (Bse Code: 531651 ),Steel
500253,LIC HOUS.FIN,Lic Hous.Fin (Bse Code: 500253 ),Housing Finance
570002,PANTALBNDVR ,PANTALBNDVR (BSE code:570002)   ,Retail
590018,HISARMET(PS ,HISAR METAL INDUST INR10 (BSE code:590018)   ,Steel
590078,MAITHAN ALL ,MAITHAN ALL (BSE code:590078)   ,Steel
590095,GOLDBEES    ,BENCHMARK ASSET MG GOLD EXCH TRAD-GOLD BEES (BSE code:590095)   ,Financial Services
506405,DHARAMSI CHM,Dharamsi Chm (Bse Code: 506405 ),Chemicals
500260,MADRAS CEM. ,Madras Cem.  (Bse Code: 500260 ),Cement
500255,LML LTD.    ,Lml Ltd.     (Bse Code: 500255 ),Automobiles
501455,GREAVES COTT,Greaves Cott (Bse Code: 501455 ),Engineering
507870,LLOYDS FIN. ,Lloyds Fin.  (Bse Code: 507870 ),Financial Services
511176,PARSHWA HS.F,Parshwa Hs.F (Bse Code: 511176 ),Housing Finance
600300,GRASIMSL    ,Grasimsl     (Bse Code: 600300 ),Un classified
500055,BHUSH STEEL ,Bhush Steel  (Bse Code: 500055 ),Steel
500117,DCW LTD.    ,Dcw Ltd.     (Bse Code: 500117 ),Diversified
500182,HERO HONDA  ,Hero Honda   (Bse Code: 500182 ),Automobiles
505872,WPIL LTD.   ,Wpil Ltd.    (Bse Code: 505872 ),Engineering
500388,SHREE KRISHN,Shree Krishn (Bse Code: 500388 ),Paper
500213,INTER.TRAVEL,Inter.Travel (Bse Code: 500213 ),Tourism and Hotels
507515,CJ GELATIN  ,Cj Gelatin   (Bse Code: 507515 ),Chemicals
590108,PSUBNK BEES ,PSUBNK BEES (BSE code:590108)   ,Financial Services
531373,SUAVE HOTEL ,Suave Hotels Ltd (BSE code:531373)   ,Financial Services
961681,Syncomwarr   (Bse Code: 961681 ),Syncomwarr   (Bse Code: 961681 ),Un classified
632187,Indus Ind Bk,Indus Ind Bk,Un classified
946446,Edelj0k903  ,Edelj0k903  ,Un classified
511503,SYNERG LOGIN,Globsyn Infotech Ltd (BSE code:511503)   ,IT
532890,TAKE SOLUT  ,TAKE Solutions Limited (BSE code:532890)   ,IT
918762,TINPLAFCD   ,Tinplafcd    (Bse Code: 918762 ),Un classified
532164,Minolta Fin.,Minolta Fin.,Financial Services
532034,Parikh Herb.,Parikh Herb.,Personal Care
530899,Asia Pack   ,Asia Pack   ,Packaging
521005,Priya.Thread,Priya.Thread,Textile
533941,Tsil        ,Tsil        ,Textile
530053,Hillock Agro,Hillock Agro,Food Processing
524322,Kabra Drugs ,Kabra Drugs ,Pharmaceuticals
961728,830nhai27   ,830nhai27   ,Un classified
961727,820nhai22   ,820nhai22   ,Un classified
532336,Baron Info. ,Baron Info. ,IT
526691,Pretto Leath,Pretto Leath,Un classified
946548,Barclays132 ,Barclays132 ,Un classified
530061,Rockland Th.,Rockland Th.,Others
517548,Starlite Com,Starlite Com,Engineering
961729,820pfc2022  ,820pfc2022  ,Un classified
507968,Jolly Plast.,Jolly Plast.,Plastic Processing
526737,Corpor Cour ,Corpor Cour ,Others
961730,830pfc2027  ,830pfc2027  ,Un classified
511700,Std.Cap.Mrkt,Std.Cap.Mrkt,Others
945957,Efs02dec08  ,Efs02dec08  ,Un classified
526967,Heera Ispat ,Heera Ispat ,Steel
533337,Cc50        ,Cc50        ,Un classified
533523,Bslftpdjg   ,Bslftpdjg   ,Un classified
961746,843idfc22b  ,843idfc22b  ,Un classified
934843,1325mfl17   ,1325mfl17   ,Un classified
534245,Axisft22qd  ,Axisft22qd  ,Un classified
503637,Ratni Inv Co,Ratni Inv Co,Financial Services
533439,Dsp12m21d   ,Dsp12m21d   ,Un classified
500317,Oswal Agro. ,Oswal Agro. ,Diversified
500371,SAMTEL IND. ,Samtel Ind.  (Bse Code: 500371 ),IT
524642,SIKOZY REAL ,Griffin Chem (Bse Code: 524642 ),Chemicals
532725,SOLAR IND   ,Solar Explosives Limited (BSE code:532725)   ,Chemicals
507315,SAKTHI SUGAR,Sakthi Sugar (Bse Code: 507315 ),Sugar
511688,MATHEW EASOW,MATHEW EASOW (BSE code:511688)   ,Others
502445,ROHIT PULP  ,Rohit Pulp   (Bse Code: 502445 ),Paper
532607,ONTRACK     ,Ontrack Systems Ltd(NDA) (BSE code:532607)   ,IT
509040,NETLINK SOLU,Netlink Solu (Bse Code: 509040 ),IT
532716,GILLA ARBUT ,Gillanders Arbuthnot & Company Ltd (BSE code:532716)   ,Others
524494,IPCA LAB.LTD,IPCA Laboratories Limited (BSE code:524494)   ,Pharmaceuticals
514175,VARDHMAN POL,Vardhman Polytex Ltd. (BSE code:514175)   ,Textile
509715,JAYSHREE TEA,Jayshree Tea (Bse Code: 509715 ),Agricultural Related
509930,SUPREM IND  ,Suprem Ind   (Bse Code: 509930 ),Plastic Processing
523648,PLASTIBLEND ,Plastiblend India Ltd. (BSE code:523648)   ,Others
533644,Mb Switch   ,Mb Switch   ,Engineering
934831,Mfinncd1c   ,Mfinncd1c   ,Un classified
531281,P.G.Ind.Ltd.,P.G.Ind.Ltd.,Mining
531521,Desh Rakshak,Desh Rakshak,Others
533493,Tftf2ab     ,Tftf2ab     ,Un classified
530601,Jagson Fin. ,Jagson Fin. ,Financial Services
530267,Saboo Bros. ,Saboo Bros. ,Engineering
531667,Shree Surgov,Shree Surgov,Chemicals
524632,Relish Phar.,Relish Phar.,Pharmaceuticals
946042,Edel30jan09 ,Edel30jan09 ,Un classified
533232,Tftf1a      ,Tftf1a      ,Un classified
534312,Mt Educare  ,Mt Educare  ,Others
534309,Nbcc Ltd    ,Nbcc Ltd    ,Real Estate
935174,0mmfl20     ,0mmfl20     ,Un classified
526001,Jaus Polymer,Jaus Polymer,Un classified
949327,Eclf4f302   ,Eclf4f302   ,Un classified
947503,Ecl30sep11f ,Ecl30sep11f ,Un classified
935140,0stfc2019   ,0stfc2019   ,Un classified
536993,Rcledpladg  ,Rcledpladg  ,Un classified
935156,1075mfl15b  ,1075mfl15b  ,Un classified
523353,Cdr Health  ,Cdr Health  ,Un classified
912458,Indhotelccd ,Indhotelccd ,Un classified
948537,Rcl20sep12b ,Rcl20sep12b ,Un classified
538611,Asscerl     ,Asscerl     ,Un classified
950492,846pfc28    ,846pfc28    ,Un classified
948069,Kmpl28jun12 ,Kmpl28jun12 ,Un classified
934990,1350mmfl17  ,1350mmfl17  ,Un classified
948514,Rcl3aug12i  ,Rcl3aug12i  ,Un classified
935196,1275dsk2021 ,1275dsk2021 ,Un classified
935176,1150kfl15   ,1150kfl15   ,Un classified
948294,1495ecl13   ,1495ecl13   ,Un classified
961776,846rec28    ,846rec28    ,Un classified
972336,Nabardsr2c1 ,Nabardsr2c1 ,Un classified
514400,Garware Syn.,Garware Syn.,Un classified
949568,12sssspl18  ,12sssspl18  ,Un classified
523351,Std Shoe    ,Std Shoe    ,Un classified
934910,0sifl18     ,0sifl18     ,Un classified
536799,Srs Finance ,Srs Finance ,Un classified
534613,Ipru1956    ,Ipru1956    ,Un classified
534712,Idfcftps4g  ,Idfcftps4g  ,Un classified
934933,1075scuf17g ,1075scuf17g ,Un classified
948521,Rcl31jul12a ,Rcl31jul12a ,Un classified
537201,Rclendplbg  ,Rclendplbg  ,Un classified
934936,1075scuf17j ,1075scuf17j ,Un classified
948507,Rcl16jul12b ,Rcl16jul12b ,Un classified
948601,Ecll3k201   ,Ecll3k201   ,Un classified
948304,Ecle5e202   ,Ecle5e202   ,Un classified
537253,Sunil Health,Sunil Health,Un classified
948598,Ecll4k201   ,Ecll4k201   ,Un classified
948515,Ecla4i201   ,Ecla4i201   ,Un classified
934896,12mfl18     ,12mfl18     ,Un classified
536083,H1001a27dd  ,H1001a27dd  ,Un classified
934953,1185ecl19c  ,1185ecl19c  ,Un classified
961813,876hudco34  ,876hudco34  ,Un classified
934951,1160ecl17a  ,1160ecl17a  ,Un classified
934952,0ecl2017b   ,0ecl2017b   ,Un classified
961819,866iifcl34b ,866iifcl34b ,Un classified
934954,0ecl2019d   ,0ecl2019d   ,Un classified
537007,Nifetf      ,Nifetf      ,Un classified
934940,0mfl2015a   ,0mfl2015a   ,Un classified
537392,Arunjyoti En,Arunjyoti En,Un classified
961826,875nhai29   ,875nhai29   ,Un classified
948327,Karvyb24    ,Karvyb24    ,Un classified
934946,0mfl17g     ,0mfl17g     ,Un classified
961824,852nhai24   ,852nhai24   ,Un classified
536994,Rclendplad  ,Rclendplad  ,Un classified
934955,1075mfl16i  ,1075mfl16i  ,Un classified
934961,0mfl15vii   ,0mfl15vii   ,Un classified
961830,865irfc29   ,865irfc29   ,Un classified
537524,Hsgil       ,Hsgil       ,Un classified
934964,0mfl19x     ,0mfl19x     ,Un classified
961799,818pfc23    ,818pfc23    ,Un classified
961829,848irfc24   ,848irfc24   ,Un classified
934950,0mfl19k     ,0mfl19k     ,Un classified
934958,1125mfl16iv ,1125mfl16iv ,Un classified
535337,Licnfrggp   ,Licnfrggp   ,Un classified
536329,Hcpo36mard  ,Hcpo36mard  ,Un classified
947034,Ecl24dec10  ,Ecl24dec10  ,Un classified
949613,10vfpl2018  ,10vfpl2018  ,Un classified
934965,0mfl20xi    ,0mfl20xi    ,Un classified
948904,Ecle6b303   ,Ecle6b303   ,Un classified
537708,Kotaknifty  ,Kotaknifty  ,Un classified
948176,Ecle5e201   ,Ecle5e201   ,Un classified
934942,12mfl16c    ,12mfl16c    ,Un classified
947298,Ecl23may11d ,Ecl23may11d ,Un classified
948762,Rcl30nov12d ,Rcl30nov12d ,Un classified
961713,Pfcbs3      ,Pfcbs3      ,Un classified
539786,Dune        ,Dune        ,Un classified
948635,Eclk5e201   ,Eclk5e201   ,Un classified
715023,Ilfs30mar16 ,Ilfs30mar16 ,Un classified
538704,D29sm40rd   ,D29sm40rd   ,Un classified
539844,Equitas     ,Equitas     ,Un classified
935664,739nhai31a  ,739nhai31a  ,Un classified
935656,115kfl22    ,115kfl22    ,Un classified
539660,Sahyog      ,Sahyog      ,Un classified
512091,Anshuni Com.,Anshuni Com.,Un classified
949809,Ecll6d301   ,Ecll6d301   ,Un classified
953547,1125sobha18 ,1125sobha18 ,Un classified
951281,Efila6k401  ,Efila6k401  ,Un classified
951946,Efilc7c501a ,Efilc7c501a ,Un classified
949037,Eclf6e301   ,Eclf6e301   ,Un classified
539853,Goldencap   ,Goldencap   ,Un classified
531503,Maris Spin. ,Maris Spin. ,Un classified
539833,Sicltd      ,Sicltd      ,Un classified
530929,Euro Asia   ,Euro Asia   ,Un classified
951282,Efilb6k401  ,Efilb6k401  ,Un classified
949933,Ecla6e401   ,Ecla6e401   ,Un classified
972777,721rec22    ,721rec22    ,Un classified
952202,1725kehi18  ,1725kehi18  ,Un classified
539861,Skil        ,Skil        ,Un classified
710054,Rswmocrps   ,Rswmocrps   ,Un classified
953458,175vhl19a   ,175vhl19a   ,Un classified
715020,1646ilfs22e ,1646ilfs22e ,Un classified
935538,689rec25    ,689rec25    ,Un classified
539864,Ghushine    ,Ghushine    ,Un classified
951801,Efilb7c501  ,Efilb7c501  ,Un classified
949965,Eclb6b401   ,Eclb6b401   ,Un classified
539871,Thyrocare   ,Thyrocare   ,Un classified
539874,Ujjivan     ,Ujjivan     ,Un classified
539872,Bajajhcare  ,Bajajhcare  ,Un classified
935648,1025kfl18   ,1025kfl18   ,Un classified
949707,Eclc6b301   ,Eclc6b301   ,Un classified
539876,Crompton    ,Crompton    ,Un classified
951804,Efilc6b501a ,Efilc6b501a ,Un classified
953646,1690sppl21  ,1690sppl21  ,Un classified
935700,9mfl19a     ,9mfl19a     ,Un classified
935694,875mfl19    ,875mfl19    ,Un classified
953644,18fbpl21    ,18fbpl21    ,Un classified
935692,850mfl18    ,850mfl18    ,Un classified
948852,Ecla6c301   ,Ecla6c301   ,Un classified
948856,Ecll5c201   ,Ecll5c201   ,Un classified
950334,0gipl2016b  ,0gipl2016b  ,Un classified
539838,Drreddy*    ,Drreddy*    ,Un classified
539311,Nfil        ,Nfil        ,Un classified
539883,Pilaniinvs  ,Pilaniinvs  ,Un classified
800180,750goi2034  ,750goi2034  ,Un classified
539889,Paragmilk   ,Paragmilk   ,Un classified
935496,0mfl2017c   ,0mfl2017c   ,Un classified
539884,Darshanorna ,Darshanorna ,Un classified
538796,Sdafvgr     ,Sdafvgr     ,Un classified
972787,721irfc22a  ,721irfc22a  ,Un classified
951379,Efilb6l401  ,Efilb6l401  ,Un classified
530313,Laurel Organ,Laurel Organ,Un classified
935704,0mfl17a1    ,0mfl17a1    ,Un classified
948969,Eclb4c301   ,Eclb4c301   ,Un classified
935526,1075mfl18   ,1075mfl18   ,Un classified
539895,Sagl        ,Sagl        ,Un classified
539474,Axishb28gp  ,Axishb28gp  ,Un classified
949313,Eclf6f301   ,Eclf6f301   ,Un classified
524675,Kabsons Indu,Kabsons Indu,Un classified
949987,Rcl18mar14b ,Rcl18mar14b ,Un classified
800181,740goi2035  ,740goi2035  ,Un classified
948916,Karvyb32    ,Karvyb32    ,Un classified
504356,Multi-Purpos,Multi-Purpos,Un classified
950007,Rcl21mar14b ,Rcl21mar14b ,Un classified
539134,Hfefbrg     ,Hfefbrg     ,Un classified
950019,Rclsr226    ,Rclsr226    ,Un classified
539805,H1190m36rq  ,H1190m36rq  ,Un classified
800251,Sgb20151    ,Sgb20151    ,Un classified
935732,844mmfsl21  ,844mmfsl21  ,Un classified
948693,Eclc6l202   ,Eclc6l202   ,Un classified
539921,Seil        ,Seil        ,Un classified
935762,0kfl17b     ,0kfl17b     ,Un classified
949793,Ecld6c302   ,Ecld6c302   ,Un classified
539469,Apunka      ,Apunka      ,Un classified
935754,Mmfsl21     ,Mmfsl21     ,Un classified
539917,Nagarfert   ,Nagarfert   ,Un classified
537648,Ipru2262    ,Ipru2262    ,Un classified
539246,Jel         ,Jel         ,Un classified
935764,975kfl18    ,975kfl18    ,Un classified
539784,Licnfnhgp   ,Licnfnhgp   ,Un classified
639874,Ujjivan     ,Ujjivan     ,Un classified
539939,Yashchem    ,Yashchem    ,Un classified
935710,0mfl19a4    ,0mfl19a4    ,Un classified
539296,Sdafxgr     ,Sdafxgr     ,Un classified
948948,Eclb6e302   ,Eclb6e302   ,Un classified
539679,Kapilraj    ,Kapilraj    ,Un classified
504365,Riddhi Synth,Riddhi Synth,Un classified
952003,Ecld6d501a  ,Ecld6d501a  ,Un classified
539940,Maxvil      ,Maxvil      ,Un classified
935708,0mfl18a3    ,0mfl18a3    ,Un classified
949058,Eclc6e301   ,Eclc6e301   ,Un classified
935473,115mmfl18   ,115mmfl18   ,Un classified
539944,Rxxx1sr2g   ,Rxxx1sr2g   ,Un classified
935610,728ireda26  ,728ireda26  ,Un classified
539693,Alora       ,Alora       ,Un classified
935419,950mfl20c   ,950mfl20c   ,Un classified
935698,875mfl18a   ,875mfl18a   ,Un classified
538577,Ipru2428    ,Ipru2428    ,Un classified
539804,H1190m36rd  ,H1190m36rd  ,Un classified
948757,Eclc6a303   ,Eclc6a303   ,Un classified
935774,1115kfl22   ,1115kfl22   ,Un classified
539957,Mgl         ,Mgl         ,Un classified
539956,Taalent     ,Taalent     ,Un classified
539873,Bronze      ,Bronze      ,Un classified
539979,Digjamltd   ,Digjamltd   ,Un classified
539982,Asyl        ,Asyl        ,Un classified
539335,Chplind     ,Chplind     ,Un classified
935562,1150kfl22g  ,1150kfl22g  ,Un classified
949067,Rcl03apr13d ,Rcl03apr13d ,Un classified
539963,Zeal        ,Zeal        ,Un classified
539697,Airl        ,Airl        ,Un classified
539978,Quess       ,Quess       ,Un classified
539985,Titaanium   ,Titaanium   ,Un classified
539981,Maxindia    ,Maxindia    ,Un classified
949885,Ecle6d301   ,Ecle6d301   ,Un classified
539986,Comsyn      ,Comsyn      ,Un classified
949932,Ecld72402   ,Ecld72402   ,Un classified
912253,Icic M5-Ddb-,Icic M5-Ddb-,Un classified
948815,Ecld6a302   ,Ecld6a302   ,Un classified
948875,Ecld6b303   ,Ecld6b303   ,Un classified
949199,Ecld4d306   ,Ecld4d306   ,Un classified
954236,1150boipera ,1150boipera ,Un classified
960633,Iccgb2 Feb01,Iccgb2 Feb01,Un classified
912433,Icmmp2 Jul99,Icmmp2 Jul99,Un classified
949470,848iifcl28b ,848iifcl28b ,Un classified
949561,Rcl04oct13g ,Rcl04oct13g ,Un classified
949479,Rcl06sep13a ,Rcl06sep13a ,Un classified
539332,Navkarcorp  ,Navkarcorp  ,Un classified
948240,Rfl08aug12c ,Rfl08aug12c ,Un classified
539331,Veto        ,Veto        ,Un classified
950111,Eclf5c401   ,Eclf5c401   ,Un classified
538924,Ipru2591    ,Ipru2591    ,Un classified
539201,Satia       ,Satia       ,Un classified
949387,Eclj5g301   ,Eclj5g301   ,Un classified
539353,Swarajauto  ,Swarajauto  ,Un classified
935453,1025sefl22i ,1025sefl22i ,Un classified
539398,Vishalbl    ,Vishalbl    ,Un classified
949421,Rcl13aug13b ,Rcl13aug13b ,Un classified
750572,Decngoldlr  ,Decngoldlr  ,Un classified
539399,Bellacasa   ,Bellacasa   ,Un classified
526073,Galaxy Bear.,Galaxy Bear.,Un classified
950695,Efil120814a ,Efil120814a ,Un classified
972610,Ifci150910c ,Ifci150910c ,Un classified
539403,Cbcsl       ,Cbcsl       ,Un classified
961902,728ntpc30b  ,728ntpc30b  ,Un classified
530361,Seagold Aqua,Seagold Aqua,Un classified
539492,Goldenprop  ,Goldenprop  ,Un classified
590125,Crmfgetf    ,Crmfgetf    ,Financial Services
534328,Hexatradex  ,Hexatradex  ,Un classified
531274,Kinetic Trus,Kinetic Trus,Financial Services
534425,Speciality R,Speciality R,Tourism and Hotels
972713,Ifci150212a ,Ifci150212a ,Un classified
534422,Monarch Heal,Monarch Heal,HealthcareandHospitals
961716,Pfcbt1s2    ,Pfcbt1s2    ,Un classified
521232,Sunil Indus.,Sunil Indus.,Textile
946745,Ecl03may10b ,Ecl03may10b ,Un classified
511149,Remi Securit,Remi Securit,Financial Services
511539,Vijay Growth,Vijay Growth,Financial Services
506041,Mahesh.Agr. ,Mahesh.Agr. ,Others
534020,Ipru1881    ,Ipru1881    ,Un classified
947214,Ecl25mar11d ,Ecl25mar11d ,Un classified
523838,SIMPLX INFRA,Simplex Infrastructure Limited (BSE code:523838)   ,Construction and Building Materials
526143,MILTON PLAST,Milton Plastics Ltd(NDA) (BSE code:526143)   ,Plastic Processing
526465,RAGHAV IND. ,Raghav Industries Ltd. (BSE code:526465)   ,Financial Services
517224,SUJANA INDUS,Sujana Universal Industries Ltd(NDA) (BSE code:517224)   ,Consumer Durables
522073,HI-TECH GEAR,Hi-Tech Gears Ltd (BSE code:522073)   ,Auto Ancillaries
507892,SU-RAJ DIAM.,Su-Raj Diam. (Bse Code: 507892 ),Fashion and personal items
513397,VALLABH STEL,Vallabh Steels Ltd (BSE code:513397)   ,Steel
532727,ADHUNIK MET ,Adhunik Metaliks Limited (BSE code:532727)   ,Steel
532887,SUJANATOWER ,Sujana Towers Limited. (BSE code:532887)   ,Power
530025,SAMYAK INT  ,SAMYAK INT (BSE code:530025)   ,Financial Services
530145,KISAN MOULD.,Kisan Mouldings Ltd(NDA) (BSE code:530145)   ,Others
531497,MADHUCON PRJ,Madhucon Projects Ltd. (BSE code:531497)   ,Construction and Building Materials
531539,RISHABH DIGH,Rishabh Digha Steel & Allied Produc(NDA) (BSE code:531539)   ,Steel
532031,SARANG CHEM.,SARANG CHEMI (BSE code:532031)   ,Chemicals
530973,ALFA ICA (I),ALFAICA(IND) (BSE code:530973)   ,Packaging
532113,BRIJLAXMI LE,BRIJLAX LEAS (BSE INDONEXT) (BSE code:532113)   ,Financial Services
507442,DHARANI SUG ,Dharani Sug  (Bse Code: 507442 ),Sugar
505890,KENNAMETAL  ,Kennametal   (Bse Code: 505890 ),Engineering
530405,JINDAL CAP. ,JINDAL CAP. (BSE code:530405)   ,Financial Services
500116,IDBI BANK L ,Idbi Bank L  (Bse Code: 500116 ),Banks
503031,PENLAND LTD ,Penland Ltd  (Bse Code: 503031 ),Real Estate
532293,SOFTWARE TEC,Software Technology Group Internati(NDA) (BSE code:532293)   ,IT
512169,Capricorn   ,Capricorn   ,IT
533676,Indo Thai   ,Indo Thai   ,Un classified
511597,Palsoft Info,Palsoft Info,IT
531771,Towa Sokki  ,Towa Sokki  ,Engineering
531463,Asianlak Cap,Asianlak Cap,Financial Services
532021,Senbo Ind.  ,Senbo Ind.  ,Pharmaceuticals
526081,Sheel Int.  ,Sheel Int.  ,Food Processing
512113,Dahyabhai   ,Dahyabhai   ,Others
570004,Jislbndvr   ,Jislbndvr   ,Plastic Processing
530683,Pithamp.Poly,Pithamp.Poly,Packaging
533758,Apl Apollo  ,Apl Apollo  ,Steel
533761,Gpt Infra   ,Gpt Infra   ,Construction and Building Materials
531295,Sunlake     ,Sunlake     ,Tourism and Hotels
633248,Gppl        ,Gppl        ,Un classified
949558,Rcl09oct13d ,Rcl09oct13d ,Un classified
950099,Rcl04apr14a ,Rcl04apr14a ,Un classified
950639,Eclg7k401   ,Eclg7k401   ,Un classified
951972,Efilc8c501a ,Efilc8c501a ,Un classified
935475,0mmfl19     ,0mmfl19     ,Un classified
539524,Lalpathlab  ,Lalpathlab  ,Un classified
810573,799mahsdl25 ,799mahsdl25 ,Un classified
539523,Alkem       ,Alkem       ,Un classified
935479,0mmfl21     ,0mmfl21     ,Un classified
539544,Abhiinfra   ,Abhiinfra   ,Un classified
539391,Acme        ,Acme        ,Un classified
539070,Rcbfiicg    ,Rcbfiicg    ,Un classified
935534,1075mfl18a  ,1075mfl18a  ,Un classified
506935,Cont.Chem   ,Cont.Chem   ,Un classified
539525,Navketan    ,Navketan    ,Un classified
935379,0kfl2021g   ,0kfl2021g   ,Un classified
539012,Megrisoft   ,Megrisoft   ,Un classified
539494,Smartfin    ,Smartfin    ,Un classified
935554,0kfl17c     ,0kfl17c     ,Un classified
539515,Gmlm        ,Gmlm        ,Un classified
951526,Karvyb43ii  ,Karvyb43ii  ,Un classified
960523,Icimm2 Nov99,Icimm2 Nov99,Un classified
539686,Kpel        ,Kpel        ,Un classified
934975,1094srei19j ,1094srei19j ,Un classified
948543,Kmpl31oct12 ,Kmpl31oct12 ,Un classified
935688,729nabard26 ,729nabard26 ,Un classified
539408,Kuberji     ,Kuberji     ,Un classified
935690,764nabard31 ,764nabard31 ,Un classified
935686,735nabard31 ,735nabard31 ,Un classified
961707,Iifclbdis3  ,Iifclbdis3  ,Un classified
949886,Ecla6c303   ,Ecla6c303   ,Un classified
951148,Rcl28oct14a ,Rcl28oct14a ,Un classified
961714,Pfcbs4      ,Pfcbs4      ,Un classified
961711,Pfcbs1      ,Pfcbs1      ,Un classified
961712,Pfcbs2      ,Pfcbs2      ,Un classified
949636,Ecl6nov13f  ,Ecl6nov13f  ,Un classified
537867,Hrgessrd2   ,Hrgessrd2   ,Un classified
935748,88mmfsl23   ,88mmfsl23   ,Un classified
935760,Mmfsl26a    ,Mmfsl26a    ,Un classified
935740,872mmfsl26  ,872mmfsl26  ,Un classified
935752,9mmfsl26    ,9mmfsl26    ,Un classified
935744,87mmfsl21   ,87mmfsl21   ,Un classified
539820,P1dgrw2019  ,P1dgrw2019  ,Un classified
539997,Kpl         ,Kpl         ,Un classified
540005,Lti         ,Lti         ,Un classified
947651,Rfl30nov11  ,Rfl30nov11  ,Un classified
935782,975ehfl21   ,975ehfl21   ,Un classified
954235,1150boiper  ,1150boiper  ,Un classified
935768,11kfl19a    ,11kfl19a    ,Un classified
935788,10ehfl26    ,10ehfl26    ,Un classified
950302,Ecle7h401   ,Ecle7h401   ,Un classified
948864,Eclc6a301   ,Eclc6a301   ,Un classified
935706,0mfl17a2    ,0mfl17a2    ,Un classified
935790,0ehfl26     ,0ehfl26     ,Un classified
539992,Lloydsteel  ,Lloydsteel  ,Un classified
951787,Efilb7b502a ,Efilb7b502a ,Un classified
953371,Ecla9a603a  ,Ecla9a603a  ,Un classified
935786,957ehfl26   ,957ehfl26   ,Un classified
540006,Bull        ,Bull        ,Un classified
948838,Ecld6a304   ,Ecld6a304   ,Un classified
539255,Stardelta   ,Stardelta   ,Un classified
539301,Arvinfra    ,Arvinfra    ,Un classified
539302,Powermech   ,Powermech   ,Un classified
952516,12sl17      ,12sl17      ,Un classified
935467,11mmfl17    ,11mmfl17    ,Un classified
949580,Ecli5l301   ,Ecli5l301   ,Un classified
949468,275ecl2015  ,275ecl2015  ,Un classified
949366,Ecli5f301   ,Ecli5f301   ,Un classified
539334,Shreepushk  ,Shreepushk  ,Un classified
539333,Penpebs     ,Penpebs     ,Un classified
948301,Ecle5f201   ,Ecle5f201   ,Un classified
539337,Hkt         ,Hkt         ,Un classified
522036,Miven Machin,Miven Machin,Un classified
539363,Skc         ,Skc         ,Un classified
948511,Rcl4jul12f  ,Rcl4jul12f  ,Un classified
539405,Ditco       ,Ditco       ,Un classified
500380,JK LAKSHMI  ,Jk Lakshmi   (Bse Code: 500380 ),Cement
500439,VARD HOLDNG ,Vard Holdng  (Bse Code: 500439 ),Financial Services
506720,ZANDU PHARM ,Zandu Pharm  (Bse Code: 506720 ),Pharmaceuticals
500418,TOKYO PLAST ,Tokyo Plast  (Bse Code: 500418 ),Plastic Processing
509486,CAPRIHANS   ,Caprihans    (Bse Code: 509486 ),Plastic Processing
533252,Welspun Inv ,Welspun Inv ,Others
513627,Krishna Ferr,Krishna Ferr,Engineering
750489,Sbmlr       ,Sbmlr       ,Un classified
500307,NIRLON      ,Nirlon       (Bse Code: 500307 ),Textile
500234,KAKATIYA CEM,Kakatiya Cem (Bse Code: 500234 ),Cement
500267,MAJESTIC AUT,Majestic Aut (Bse Code: 500267 ),Automobiles
500250,L.G.BALKRISH,L.G.Balkrish (Bse Code: 500250 ),Tyres
500399,STEELCO GUJ.,Steelco Guj. (Bse Code: 500399 ),Steel
500400,TATA POWER  ,Tata Power   (Bse Code: 500400 ),Power
500355,RALLIS INDIA,Rallis India (Bse Code: 500355 ),Agricultural Related
507410,WALCHANDNGR ,Walchandngr  (Bse Code: 507410 ),Engineering
500038,BALRAM.CHINI,Balram.Chini (Bse Code: 500038 ),Sugar
531928,GOLDEN CARPE,GOLDEN CARPE (BSE code:531928)   ,Textile
500850,INDIAN HOTEL,Indian Hotel (Bse Code: 500850 ),Tourism and Hotels
523890,DS.KULKARNI ,DS Kulkarni Developers Ltd. (BSE code:523890)   ,Real Estate
531609,KG PETROCHEM,KG PETROCHEM (BSE code:531609)   ,Packaging
530135,AKANKSHA FIN,AKANKSH FINV (BSE code:530135)   ,Financial Services
500041,BANNARI AMAN,Bannari Aman (Bse Code: 500041 ),Sugar
530343,GENUS POWER ,Genus Power Infrastructures Ltd. (BSE code:530343)   ,Power
506131,INDIACO VEN ,Indiaco Ven  (Bse Code: 506131 ),Financial Services
532144,WELSP GUJ SR,Welspun-Gujarat Stahl Rohren Limited (BSE code:532144)   ,Steel
532025,SOWBH MEDIA ,Sowbhagya Media Ltd(NDA) (BSE code:532025)   ,Media and Entertainment
532538,ULTRATECH CM,UltraTech Cement Ltd. (BSE code:532538)   ,Cement
530701,GOMTI FINLEA,GOMTI FINLEA (BSE code:530701)   ,Financial Services
530999,BALAJI AMINE,Balaji Amines Limited (BSE code:530999)   ,Chemicals
517564,G.R.CABLES  ,GR Cables Ltd(NDA) (BSE code:517564)   ,Telecom
532481,NOIDA-TOLL B,Noida Toll Bridge Company Limited (BSE code:532481)   ,Others
531861,JOINDRE CAPI,JOINDRE CAPITAL SE INR10 (BSE code:531861)   ,Financial Services
513131,METALMAN IND,METALMAN IND (BSE code:513131)   ,Steel
531215,RTS POWER CO,R T S Power Corpn Ltd (BSE code:531215)   ,Engineering
508998,STERL INTER ,Sterl Inter  (Bse Code: 508998 ),IT
500414,TIMEX GROUP ,Timex Group  (Bse Code: 500414 ),Others
532988,RANE ENGVL  ,RANE ENGVL (BSE code:532988)   ,Auto Ancillaries
531673,Anka India  ,Anka India  ,Un classified
532342,IT PEOPLE   ,IT People (India) Ltd. (BSE code:532342)   ,IT
517206,LUMAX IND   ,Lumax Industries Limited (BSE code:517206)   ,Auto Ancillaries
504988,WELCAST     ,Welcast      (Bse Code: 504988 ),Steel
513097,SHIV.BIMETAL,Shivalik Bimetal Controls Ltd(NDA) (BSE code:513097)   ,Others
521080,PASARI SPIN ,PASARI SPIN (BSE code:521080)   ,Textile
507498,PICCADILY SU,Piccadily Su (Bse Code: 507498 ),Sugar
524576,VIVID IND   ,VIVID IND (BSE code:524576)   ,Chemicals
524758,WINTAC LTD  ,Wintac Ltd (BSE code:524758)   ,Pharmaceuticals
505537,ZEE ENTER   ,Zee Enter    (Bse Code: 505537 ),Media and Entertainment
500295,SESA GOA    ,Sesa Goa     (Bse Code: 500295 ),Mining
507468,SH.VANI SUGR,Sh.Vani Sugr (Bse Code: 507468 ),Sugar
531744,GINI SILK MI,Gini Silk Mills Ltd (BSE code:531744)   ,Textile
519475,CHORDIA FOOD,Chordia Food Products Ltd(NDA) (BSE code:519475)   ,Food Processing
519560,NEHA INTER. ,Neha International Ltd. (BSE code:519560)   ,Others
519287,MODERN DAIRI,Modern Dairies Ltd(NDA) (BSE code:519287)   ,Food Processing
530111,RAJ PACKAGIN,RAJ PACKAG I (BSE code:530111)   ,Packaging
590101,UTI GOLD ETF,UTI GOLD ETF (BSE code:590101)   ,Financial Services
511696,CHARTERED CA,CHAR CAP INV (BSE code:511696)   ,Financial Services
532344,SOFTSOL (I) ,Softsol India Ltd(NDA) (BSE code:532344)   ,IT
532349,TRANSPORT CO,Transport Corporation of India Limited (BSE code:532349)   ,Courier and Logistic Services
532355,TELEPHOTO EN,Telephoto Entertainments Ltd(NDA) (BSE code:532355)   ,Media and Entertainment
532356,TRIVENI ENGG,Triveni Engineering & Industries Ltd. (BSE code:532356)   ,Sugar
532374,STER TECH   ,Sterlite Technologies Limited (BSE code:532374)   ,Telecom
514448,JYOTI RESINS,Jyoti Resins and Adhesives Ltd (BSE code:514448)   ,Chemicals
531390,UPSURGE INV.,UPSURGE INVS (BSE code:531390)   ,Financial Services
511760,KOSIAN INDUS,KOSIAN INDUS (BSE code:511760)   ,Financial Services
514286,ASHIMA LTD. ,Ashima Ltd (BSE code:514286)   ,Textile
530769,VENUS UNIVER,VENUS UNIVERSAL INR2.5 (BSE code:530769)   ,Personal Care
532645,BEEYU OVERSE,Beeyu Overseas Ltd(NDA) (BSE code:532645)   ,Agricultural Related
500048,BEML LTD    ,Beml Ltd     (Bse Code: 500048 ),Engineering
531149,SRANG MARK  ,Srang Mark   (Bse Code: 531149 ),Tourism and Hotels
530657,GLOBAL SEC. ,Global Sec. ,Financial Services
526483,TGF MEDIA SY,Tgf Media Sy,Media and Entertainment
522245,IYKOT HITEC ,Iykot Hitec ,Others
532691,TULIP TELE  ,Tulip Telecom Limited (BSE code:532691)   ,IT
531832,NAGAR.AGRITE,NAGAR AGRITE (BSE code:531832)   ,Others
890010,CLUT AUTO PP,Clut Auto Pp,Un classified
700113,ISPAT CRP 12,Ispat Crp 12,Un classified
513403,PM TELELINN ,Pm Telelinn ,Steel
530997,UNIQUE ORGAN,Unique Organ,Food Processing
531601,GUJ.CAPITAL ,Guj.Capital ,Financial Services
530141,GYAN DEVELOP,Gyan Develop,Construction and Building Materials
580001,STAN CHART  ,Stan Chart  ,Banks
533209,SAMRUDDHI   ,Samruddhi   ,Un classified
533210,KRITI NUTRI ,Kriti Nutri ,Food Processing
507405,VISHNU SUGAR,Vishnu Sugar,Sugar
503663,TILAK FIN.  ,Tilak Fin.  ,Financial Services
511764,Upasana Fin.,Upasana Fin.,Financial Services
945776,Ecl05jun08  ,Ecl05jun08  ,Un classified
533748,Avante Ltd* ,Avante Ltd* ,Un classified
934795,Stf Ncd1 Ot ,Stf Ncd1 Ot ,Un classified
526873,Raj.Gases Lt,Raj.Gases Lt,Oil and Gas
946427,Barclays106 ,Barclays106 ,Un classified
521036,Tirumala Seu,Tirumala Seu,Textile
946549,Barclays133 ,Barclays133 ,Un classified
515099,La Mansion G,La Mansion G,Construction and Building Materials
526530,Sudev Ind.  ,Sudev Ind.  ,Plastic Processing
946436,Kmplsrn0910 ,Kmplsrn0910 ,Un classified
934794,Stf Ncd1 Ur ,Stf Ncd1 Ur ,Un classified
530033,Moonbeam Ind,Moonbeam Ind,Others
534091,Mcx Ltd     ,Mcx Ltd     ,Others
534076,Orient Ref  ,Orient Ref  ,Engineering
947211,Ecl11mar11b ,Ecl11mar11b ,Un classified
947035,Ecl22dec10  ,Ecl22dec10  ,Un classified
632218,South Ind.Bk,South Ind.Bk,Un classified
947142,Ecl28feb11  ,Ecl28feb11  ,Un classified
520141,Sibar Auto  ,Sibar Auto  ,Auto Ancillaries
534063,Fut Sol     ,Fut Sol     ,Financial Services
533983,Geeceeven*  ,Geeceeven*  ,Un classified
530663,Goyal Asso. ,Goyal Asso. ,Fashion and personal items
533417,Ktkfmp46g   ,Ktkfmp46g   ,Un classified
531581,Alka Diamond,Alka Diamond,Fashion and personal items
534082,Axisft18gp  ,Axisft18gp  ,Un classified
531617,Osian Ind.  ,Osian Ind.  ,Plastic Processing
530215,Kingsinfra  ,Kingsinfra  ,Real Estate
516106,Sh.Karthik P,Sh.Karthik P,Paper
946586,Ecl25feb10  ,Ecl25feb10  ,Un classified
514332,Anuvin Indus,Anuvin Indus,Textile
946085,Edel27feb9d ,Edel27feb9d ,Un classified
710012,Shentr Chemi,Shentr Chemi,Un classified
947255,Ecl7apr11d  ,Ecl7apr11d  ,Un classified
946731,Ecl28apr10a ,Ecl28apr10a ,Un classified
505502,Parag Shilpa,Parag Shilpa,Financial Services
947295,Ecl20may11a ,Ecl20may11a ,Un classified
511012,Yamini Inves,Yamini Inves,Financial Services
947781,Ldl06feb12  ,Ldl06feb12  ,Un classified
946670,Barclays171 ,Barclays171 ,Un classified
514336,Fine Plast  ,Fine Plast  ,Plastic Processing
532189,India Touris,India Touris,Tourism and Hotels
512301,Chambal Brew,Chambal Brew,Breweries and Distilleries
946512,Kmpl290110b ,Kmpl290110b ,Un classified
500256,LOK.HOUS&CON,Lok.Hous&Con (Bse Code: 500256 ),Construction and Building Materials
530427,CHOKSI IMAG ,CHOKSI IMAG (BSE code:530427)   ,Others
512585,KARMA ISP   ,KARMA ISP (BSE code:512585)   ,IT
519174,ASHIANA AGRO,ASHIAN AGR I (BSE code:519174)   ,Food Processing
506854,TANFAC IND. ,Tanfac Ind.  (Bse Code: 506854 ),Non Ferrous Metals
507649,RASOI LTD.  ,Rasoi Ltd.   (Bse Code: 507649 ),Food Processing
530125,SAMRAT PHARM,SAMRAT PHARM(BSE INDONEXT) (BSE code:530125)   ,Petro Chemicals
533079,SAND PLAST  ,SAND PLAST (BSE code:533079)   ,Construction and Building Materials
532045,NEXXOFT INFO,NEXXOFT INFO (BSE code:532045)   ,IT
946781,Barclays177 ,Barclays177 ,Un classified
946477,Barclays113 ,Barclays113 ,Un classified
945899,Efs29sep08  ,Efs29sep08  ,Un classified
504180,Std.Battery ,Std.Battery ,Others
972605,Nabard10810 ,Nabard10810 ,Un classified
946532,Barclays125 ,Barclays125 ,Un classified
533896,Ferventsl   ,Ferventsl   ,Pharmaceuticals
945937,Kmilsrvii   ,Kmilsrvii   ,Un classified
946531,Barclays124 ,Barclays124 ,Un classified
531909,Swagruha    ,Swagruha    ,Real Estate
946519,Kmpl220110c ,Kmpl220110c ,Un classified
537766,Bcp Ltd     ,Bcp Ltd     ,Un classified
934962,0mfl16viii  ,0mfl16viii  ,Un classified
934957,1075mfl19   ,1075mfl19   ,Un classified
935028,1225mfl17   ,1225mfl17   ,Un classified
961873,844rec24    ,844rec24    ,Un classified
530797,Shree Ganes.,Shree Ganes.,Un classified
935026,0mfl2016    ,0mfl2016    ,Un classified
934972,0srei17g    ,0srei17g    ,Un classified
538128,Womens Next ,Womens Next ,Un classified
935022,115mfl2016  ,115mfl2016  ,Un classified
961857,873hudco29  ,873hudco29  ,Un classified
934971,115srei17f  ,115srei17f  ,Un classified
948784,1750mrpl15a ,1750mrpl15a ,Un classified
961861,854hudco24  ,854hudco24  ,Un classified
935032,0mfl2017    ,0mfl2017    ,Un classified
961817,841iifcl24  ,841iifcl24  ,Un classified
934996,1075mfl17b  ,1075mfl17b  ,Un classified
934959,1150mfl17v  ,1150mfl17v  ,Un classified
961805,841ntpc23   ,841ntpc23   ,Un classified
536671,Subhtex     ,Subhtex     ,Un classified
526983,Ashoka Refin,Ashoka Refin,Un classified
535790,Aptechltd*  ,Aptechltd*  ,Un classified
536672,Vcu Data    ,Vcu Data    ,Un classified
624494,Ipca Lab Ltd,Ipca Lab Ltd,Un classified
934909,1175sifl18  ,1175sifl18  ,Un classified
536161,Nitinfire*  ,Nitinfire*  ,Un classified
947085,Ecl21jan11d ,Ecl21jan11d ,Un classified
934895,1225mfl16   ,1225mfl16   ,Un classified
948539,Rcl11sep12d ,Rcl11sep12d ,Un classified
536709,Vak Pow Inf ,Vak Pow Inf ,Un classified
961782,851hudco28  ,851hudco28  ,Un classified
536773,Jin Poly Inv,Jin Poly Inv,Un classified
536642,Hcpo36msrg  ,Hcpo36msrg  ,Un classified
934916,1075stfc18  ,1075stfc18  ,Un classified
948534,Eclk3h201   ,Eclk3h201   ,Un classified
961802,843pfc23    ,843pfc23    ,Un classified
961803,879pfc28    ,879pfc28    ,Un classified
961789,867nhpc33   ,867nhpc33   ,Un classified
536820,Boston Tek  ,Boston Tek  ,Un classified
536591,Garwarewal* ,Garwarewal* ,Un classified
961804,892pfc33    ,892pfc33    ,Un classified
536084,H1001a27dq  ,H1001a27dq  ,Un classified
536328,Hcpo36marg  ,Hcpo36marg  ,Un classified
934918,0stfc16iv   ,0stfc16iv   ,Un classified
947431,Barclays255 ,Barclays255 ,Un classified
535374,Ktkfmp100d  ,Ktkfmp100d  ,Un classified
934919,0stfc18v    ,0stfc18v    ,Un classified
961796,863iifcl28  ,863iifcl28  ,Un classified
961794,826iifcl23  ,826iifcl23  ,Un classified
530787,Inland Print,Inland Print,Un classified
536868,Integra Tele,Integra Tele,Un classified
961806,848ntpc28   ,848ntpc28   ,Un classified
536965,Bp Capital  ,Bp Capital  ,Un classified
532105,Mega Fin (I),Mega Fin (I),Un classified
537092,Modex Int   ,Modex Int   ,Un classified
535729,Motilalofs* ,Motilalofs* ,Un classified
947538,Ecl18oct11f ,Ecl18oct11f ,Un classified
537119,Tentiwal Wir,Tentiwal Wir,Un classified
947540,Ecl19oct11h ,Ecl19oct11h ,Un classified
934932,1152iihf18  ,1152iihf18  ,Un classified
537259,Suyog Tele  ,Suyog Tele  ,Un classified
961822,891iifcl34  ,891iifcl34  ,Un classified
536086,H1001a27rd  ,H1001a27rd  ,Un classified
536087,H1001a27rq  ,H1001a27rq  ,Un classified
536094,Idfcftpd27q ,Idfcftpd27q ,Un classified
537326,Chemtech Ind,Chemtech Ind,Un classified
536088,H1001a27rf  ,H1001a27rf  ,Un classified
948607,Karvyb30    ,Karvyb30    ,Un classified
536090,Idfcftpr27q ,Idfcftpr27q ,Un classified
934944,1225mfl17e  ,1225mfl17e  ,Un classified
934923,1075mfl18c  ,1075mfl18c  ,Un classified
502250,MARATH.REFRA,Marath.Refra (Bse Code: 502250 ),Engineering
512153,SPEC.MARKET ,Spec.Market  (Bse Code: 512153 ),Financial Services
512437,APOLLO FIN I,APOLLO FINVEST(IN) INR10 (BSE code:512437)   ,Financial Services
514386,GUJ COTEX   ,Gujarat Cotex Ltd(NDA) (BSE code:514386)   ,IT
512604,HARIA EXPORT,HARIA EXPO L (BSE INDONEXT) (BSE code:512604)   ,Textile
513456,KANISHK ST. ,Kanishk Steel Industries Ltd. (BSE code:513456)   ,Steel
519224,WILLIAM.MAGO,Williamson Magar and Co Ltd (BSE code:519224)   ,Financial Services
520022,DENSO INDIA ,Denso India Limited (BSE code:520022)   ,Auto Ancillaries
526971,DHOOT I.FIN.,DHOOT INDUS. (BSE code:526971)   ,Others
530047,RAISAHEB RCK,Rai Saheb Rekhchand Mohota Spinning & We (BSE code:530047)   ,Textile
531717,VIDHI DYESTU,Vidhi Dyestuffs Manufacturing Ltd(NDA) (BSE code:531717)   ,Dye Material
532221,SONATA SOFT.,Sonata Software Limited (BSE code:532221)   ,IT
511210,BASIL INF   ,Basil Inf    (Bse Code: 511210 ),Financial Services
504864,ORISA SP IRS,Orisa Sp Irs (Bse Code: 504864 ),Steel
500520,MAH & MAH   ,Mah & Mah    (Bse Code: 500520 ),Engineering
530841,BHOLANATH IN,BHOLANATH IN (BSE code:530841)   ,Textile
512345,YASH TRADING,Yash Trading,Financial Services
531412,RAGSAN PETRO,Ragsan Petro,Un classified
508905,SMIFS CAPITA,Smifs Capita (Bse Code: 508905 ),Financial Services
505576,GOLDCREST FN,Goldcrest Fn (Bse Code: 505576 ),Financial Services
501150,CENTRUM CAP ,Centrum Cap  (Bse Code: 501150 ),Financial Services
500878,CEAT LIMITED,Ceat Limited (Bse Code: 500878 ),Tyres
533138,ASTEC LIFE  ,Astec Life   (Bse Code: 533138 ),Chemicals
500060,BIRLA ERIC. ,Birla Eric.  (Bse Code: 500060 ),Engineering
501425,BOM.BURMAH  ,Bom.Burmah   (Bse Code: 501425 ),Diversified
500211,INSILCO LTD.,Insilco Ltd. (Bse Code: 500211 ),Chemicals
500147,CMI FPE     ,Cmi Fpe      (Bse Code: 500147 ),Engineering
505526,DOLAT INV.  ,Dolat Inv.   (Bse Code: 505526 ),Financial Services
507528,EASTERN SUG.,Eastern Sug. (Bse Code: 507528 ),Sugar
505250,G.G.DANDEKAR,G.G.Dandekar (Bse Code: 505250 ),Engineering
532926,JYOTHY LAB  ,Jyothy Lab   (Bse Code: 532926 ),Personal Care
509546,GRAVISS HOSP,Graviss Hosp (Bse Code: 509546 ),Tourism and Hotels
507966,RAS RESORTS ,Ras Resorts  (Bse Code: 507966 ),Tourism and Hotels
507472,VENUS SUGAR ,Venus Sugar  (Bse Code: 507472 ),Sugar
507894,SCHABLONA (I,Schablona (I (Bse Code: 507894 ),Others
508976,SPANCO      ,Spanco       (Bse Code: 508976 ),Telecom
507852,ADDI IND.   ,Addi Ind.    (Bse Code: 507852 ),Textile
511196,CANFIN HOMES,Canfin Homes (Bse Code: 511196 ),Housing Finance
500051,BHAG GAS    ,Bhag Gas     (Bse Code: 500051 ),Others
500049,BHARAT ELECT,Bharat Elect (Bse Code: 500049 ),Engineering
500164,GODREJ IND  ,Godrej Ind   (Bse Code: 500164 ),Chemicals
509162,INDAG RUBBER,Indag Rubber (Bse Code: 509162 ),Tyres
531448,Arrow Sec.  ,Arrow Sec.  ,Financial Services
511726,VIPUL LTD   ,Vipul Ltd. (BSE code:511726)   ,Financial Services
514209,SHAMKEN COT.,SHAMKEN COTS (BSE code:514209)   ,Textile
506874,SHREEJAL    ,Shreejal     (Bse Code: 506874 ),Others
512624,CHANDRIKA TR,CHANDRIK TRA (BSE code:512624)   ,Others
524506,CORAL LAB.  ,Coral Laboratories Ltd(NDA) (BSE code:524506)   ,Pharmaceuticals
533055,EDSERV SOFT ,Edserv Softsystems Ltd (BSE code:533055)   ,IT
532541,NIITTECH    ,NIIT Technologies Ltd. (BSE code:532541)   ,IT
532744,GTN TEXTILE ,GTN Textiles Ltd(NDA) (BSE code:532744)   ,Textile
507813,NATI. OXYGEN,Nati. Oxygen (Bse Code: 507813 ),Others
504269,KHAITAN ELEC,Khaitan Elec (Bse Code: 504269 ),Consumer Durables
523031,Ads Dignos  ,Ads Dignos  ,HealthcareandHospitals
946194,Edlsre0f903 ,Edlsre0f903 ,Un classified
521022,SURYAJYOTI S,Surya Jyoti Spinning Mills Ltd(NDA) (BSE code:521022)   ,Textile
526773,PRESSURE SEN,PRESSURE SEN SYS INR10 (BSE code:526773)   ,Packaging
524091,ACRYCIL LTD.,ACRYSIL LTD. (BSE code:524091)   ,Others
500031,BAJAJ ELECT.,Bajaj Elect. (Bse Code: 500031 ),Consumer Durables
500790,NESTLE (I)  ,Nestle (I)   (Bse Code: 500790 ),Food Processing
530127,NPR FINANCE ,NPR FINANCE (BSE code:530127)   ,Financial Services
504093,PANA ENERG  ,Pana Energ   (Bse Code: 504093 ),Others
500696,HIND UNI LT ,Hind Uni Lt  (Bse Code: 500696 ),Personal Care
502168,N C L IND.  ,N C L Ind.   (Bse Code: 502168 ),Cement
523218,KILBURN OFFI,KILBURN OFFI (BSE code:523218)   ,Others
512299,STERL.BIOTEC,Sterling Biotech Limited (BSE code:512299)   ,Chemicals
522281,RAM RAT.WIRE,Ram Ratna Wires Limited (BSE code:522281)   ,Non Ferrous Metals
519373,VIMAL OIL FD,Vimal Oil & Foods Ltd (BSE code:519373)   ,Food Processing
530269,SCIL VENTU  ,SCIL Ventures Ltd.(NDA) (BSE code:530269)   ,Financial Services
531658,TRIJAL IND. ,TRIJAL INDUS (BSE code:531658)   ,Others
530783,TRANS ASIAC ,TRANS ASIAC (BSE code:530783)   ,Pharmaceuticals
503722,BANSW.SYNTEX,Bansw.Syntex (Bse Code: 503722 ),Textile
505255,GMM PFAUDLER,Gmm Pfaudler (Bse Code: 505255 ),Engineering
532658,INDO ASI FU ,Indo Asian Fusegear Ltd. (BSE code:532658)   ,Others
524830,ELDER HEALTH,Elder Health Care Ltd(NDA) (BSE code:524830)   ,Pharmaceuticals
532503,RAJAPAMILLS ,Rajapalayam Mills Ltd. (BSE code:532503)   ,Textile
530271,RICH CAPITAL,RICH CAP FIN (BSE code:530271)   ,Financial Services
590088,ADINATH BIO ,Adinath Bio-Labs Limited (BSE code:590088)   ,Pharmaceuticals
533108,BHILWRA TEC ,BHILWRA TEC (BSE code:533108)   ,Textile
509438,BENARES HOT ,Benares Hot  (Bse Code: 509438 ),Tourism and Hotels
530699,RAJ RAYON   ,Raj Rayon Limited (BSE code:530699)   ,Textile
531663,INTENSIV AIR,Intensiv Air (Bse Code: 531663 ),Consumer Durables
946702,Ecl30apr10  ,Ecl30apr10  ,Un classified
526901,SONAL ADHESI,SONAL ADHESI (BSE code:526901)   ,Packaging
531878,ANJANI FINL ,Anjani Finance Ltd(NDA) (BSE code:531878)   ,Financial Services
508954,SANJAY LEAS ,Sanjay Leas  (Bse Code: 508954 ),Financial Services
531307,Srk Indus   ,Srk Indus   ,Engineering
526887,Indo Credit ,Indo Credit ,Financial Services
533982,Terasoftware,Terasoftware,IT
519200,Navcom Ind. ,Navcom Ind. ,Food Processing
947637,Tpcl02jun11 ,Tpcl02jun11 ,Un classified
946011,Edel01jan9c ,Edel01jan9c ,Un classified
934825,Scfncd2unr  ,Scfncd2unr  ,Un classified
531820,Finalysis Cr,Finalysis Cr,Financial Services
710028,S.Kumar S(C),S.Kumar S(C),Un classified
534044,Jklakshmi*  ,Jklakshmi*  ,Un classified
514354,Premier Poly,Premier Poly,Plastic Processing
534184,Norl        ,Norl        ,Oil and Gas
534190,Olympic     ,Olympic     ,Printing and stationary
504340,Confidence  ,Confidence  ,Others
947062,Kmpl21jan11 ,Kmpl21jan11 ,Un classified
506113,Lifeline Dru,Lifeline Dru,Pharmaceuticals
534185,Mgold       ,Mgold       ,Financial Services
961719,Idfcbd1sr1  ,Idfcbd1sr1  ,Un classified
524055,Panther Indu,Panther Indu,Packaging
961744,821rec27    ,821rec27    ,Un classified
961743,793rec22    ,793rec22    ,Un classified
504369,Grandma Trad,Grandma Trad,Others
534535,Biogrpaper  ,Biogrpaper  ,Un classified
505533,DHANPRAYOG  ,Dhanprayog  ,Financial Services
533176,DQ ENT      ,Dq Ent      ,Media and Entertainment
533178,PRADIPOVERS ,Pradipovers ,Textile
501242,TCI FINANCE ,Tci Finance  (Bse Code: 501242 ),Financial Services
511200,MUNOTH CAP. ,Munoth Cap.  (Bse Code: 511200 ),Others
511644,OMEGA INTERA,OMEGA INTE T (BSE code:511644)   ,IT
523630,NATIONAL FER,National Fertilizers Limited (BSE code:523630)   ,Agricultural Related
532275,LANDMARC LEI,Landmarc Leisure Corporation Ltd (BSE code:532275)   ,Financial Services
533573,Alem Pharma ,Alem Pharma ,Pharmaceuticals
531570,Shubham Gran,Shubham Gran,Un classified
514360,Gupta Ca.Int,Gupta Ca.Int,Textile
521137,Eureka Ind. ,Eureka Ind. ,Textile
506365,Chemo Pharma,Chemo Pharma,Pharmaceuticals
526439,Ambitious Pl,Ambitious Pl,Plastic Processing
533310,Midval Ent  ,Midval Ent  ,Un classified
533317,Omkar Spc   ,Omkar Spc   ,Chemicals
590113,HNGSNG BEES ,Hngsng Bees ,Financial Services
533213,FRONT SEC   ,Front Sec   ,Financial Services
505525,PARICHAY INV,Parichay Inv,Financial Services
506879,GUJ.THEMIS. ,Guj.Themis.  (Bse Code: 506879 ),Pharmaceuticals
531830,TODAYS WRITI,Todays Writi (Bse Code: 531830 ),Printing and stationary
500042,BASF INDIA  ,Basf India   (Bse Code: 500042 ),Chemicals
972660,Ifci310111a ,Ifci310111a ,Un classified
934839,Rflncdo2c2  ,Rflncdo2c2  ,Un classified
945852,Efs28aug08  ,Efs28aug08  ,Un classified
590122,Ashikacr    ,Ashikacr    ,Financial Services
524210,Pentokey Org,Pentokey Org,Chemicals
531260,Ykm Ind     ,Ykm Ind     ,Food Processing
519586,Wyn Aqua Exp,Wyn Aqua Exp,Food Processing
945874,Kmil26sep08 ,Kmil26sep08 ,Un classified
533704,Essar Ship  ,Essar Ship  ,Shipping
533719,Idbigold    ,Idbigold    ,Financial Services
531885,Sva India   ,Sva India   ,Financial Services
632254,Polaris S   ,Polaris S   ,Un classified
524444,Atreya Petro,Atreya Petro,Oil and Gas
934818,Iiislncdiii1,Iiislncdiii1,Un classified
948527,Rcl6sep12g  ,Rcl6sep12g  ,Un classified
505336,Mirch-Mirex ,Mirch-Mirex ,Un classified
535745,Ipru8298    ,Ipru8298    ,Un classified
934945,1250mfl17f  ,1250mfl17f  ,Un classified
537573,Polymac     ,Polymac     ,Un classified
537582,Unishire    ,Unishire    ,Un classified
537610,Miraef1d1g  ,Miraef1d1g  ,Un classified
948839,Ecla6g301   ,Ecla6g301   ,Un classified
537800,Mangalam Ind,Mangalam Ind,Un classified
949000,Mfl12mar13a ,Mfl12mar13a ,Un classified
961877,886rec34    ,886rec34    ,Un classified
961853,900epl34    ,900epl34    ,Un classified
961875,888rec29    ,888rec29    ,Un classified
961827,823irfc24   ,823irfc24   ,Un classified
961885,888irfc29   ,888irfc29   ,Un classified
537954,Skp         ,Skp         ,Un classified
961895,880iifcl29  ,880iifcl29  ,Un classified
524484,Trans Medi. ,Trans Medi. ,Un classified
534232,Dsp36ms02g  ,Dsp36ms02g  ,Un classified
961897,880iifcl34  ,880iifcl34  ,Un classified
537198,Rcledplbdd  ,Rcledplbdd  ,Un classified
961851,900epl29    ,900epl29    ,Un classified
961823,827nhai24   ,827nhai24   ,Un classified
946803,Ecl30jul10b ,Ecl30jul10b ,Un classified
536565,Trimurthi Dr,Trimurthi Dr,Un classified
750542,Uniphoslr   ,Uniphoslr   ,Un classified
536738,Stellar Cap ,Stellar Cap ,Un classified
535317,Idr1agd     ,Idr1agd     ,Un classified
511169,Himalchuli F,Himalchuli F,Un classified
948450,Karvyb25    ,Karvyb25    ,Un classified
533968,Bslftpeng   ,Bslftpeng   ,Un classified
536846,Yuranus Infr,Yuranus Infr,Un classified
948344,Ecll5i202   ,Ecll5i202   ,Un classified
948542,Eclb6k202   ,Eclb6k202   ,Un classified
948646,0gipl2013a  ,0gipl2013a  ,Un classified
715002,Ilfstn17prf ,Ilfstn17prf ,Un classified
536618,Ipru2168    ,Ipru2168    ,Un classified
948377,Ecla4g203   ,Ecla4g203   ,Un classified
961788,854nhpc28   ,854nhpc28   ,Un classified
501178,Suryoday Inv,Suryoday Inv,Un classified
934929,0mfl2016i   ,0mfl2016i   ,Un classified
972860,938mtnl2023 ,938mtnl2023 ,Un classified
947529,Kmp21oct11b ,Kmp21oct11b ,Un classified
536606,Ritiisr1dp  ,Ritiisr1dp  ,Un classified
534947,Ipru1998    ,Ipru1998    ,Un classified
536269,Axishyd7gp  ,Axishyd7gp  ,Un classified
934925,1150mfl16e  ,1150mfl16e  ,Un classified
948557,Eclj3j204   ,Eclj3j204   ,Un classified
633155,Jubl Food   ,Jubl Food   ,Un classified
948602,Eclj3j205   ,Eclj3j205   ,Un classified
800157,832goi2032  ,832goi2032  ,Un classified
501314,Kamalakshi  ,Kamalakshi  ,Un classified
512165,Matru Smriti,Matru Smriti,Un classified
949497,145ifmr2018 ,145ifmr2018 ,Un classified
934938,1075scuf19l ,1075scuf19l ,Un classified
961814,876hudco24  ,876hudco24  ,Un classified
961815,883hudco29  ,883hudco29  ,Un classified
961816,901hudco34  ,901hudco34  ,Un classified
948604,Eclj3k201   ,Eclj3k201   ,Un classified
934956,1125mfl17ii ,1125mfl17ii ,Un classified
961825,850nhai29   ,850nhai29   ,Un classified
948270,Rcl14sep14m ,Rcl14sep14m ,Un classified
948536,Rcl29aug12a ,Rcl29aug12a ,Un classified
633151,D B Corp    ,D B Corp    ,Un classified
948763,Rcl30nov12e ,Rcl30nov12e ,Un classified
537492,Agrimony Com,Agrimony Com,Un classified
934941,1150mfl16b  ,1150mfl16b  ,Un classified
934963,0mfl17ix    ,0mfl17ix    ,Un classified
948775,Rcl19oct12n ,Rcl19oct12n ,Un classified
948268,Rcl4aug15k  ,Rcl4aug15k  ,Un classified
537669,Si Vi       ,Si Vi       ,Un classified
533259,Microsecfin ,Microsecfin ,Financial Services
523359,Sharp Ind.  ,Sharp Ind.  ,Packaging
532540,TCS LTD.    ,Tata Consultancy Services Limited (BSE code:532540)   ,IT
946318,Edeli2i902  ,Edeli2i902  ,Un classified
946320,Edeli2j902  ,Edeli2j902  ,Un classified
946322,Edeli2j904  ,Edeli2j904  ,Un classified
946321,Edeli2j903  ,Edeli2j903  ,Un classified
504966,TINPLATE    ,Tinplate     (Bse Code: 504966 ),Non Ferrous Metals
503349,VICTORIA MIL,Victoria Mil (Bse Code: 503349 ),Textile
500389,SILVERLINE  ,Silverline   (Bse Code: 500389 ),IT
500112,STATE BANK  ,State Bank   (Bse Code: 500112 ),Banks
501887,SCINDIA STEA,Scindia Stea (Bse Code: 501887 ),Shipping
500003,AEGIS LOGIS ,Aegis Logis  (Bse Code: 500003 ),Petro Chemicals
504646,BHAGWATI AUT,Bhagwati Aut (Bse Code: 504646 ),Steel
500660,GLAXOSMITH  ,Glaxosmith   (Bse Code: 500660 ),Pharmaceuticals
504741,IND.HUME PIP,Ind.Hume Pip (Bse Code: 504741 ),Construction and Building Materials
511272,CFL CAPITAL ,Cfl Capital  (Bse Code: 511272 ),Financial Services
500301,NEPC INDIA  ,Nepc India   (Bse Code: 500301 ),Power
507155,JAGATJIT IND,Jagatjit Ind (Bse Code: 507155 ),Breweries and Distilleries
509627,HIND.DORR   ,Hind.Dorr    (Bse Code: 509627 ),Engineering
509020,RUCHI INFRA.,Ruchi Infra. (Bse Code: 509020 ),Food Processing
500247,KOTAK MAH.BK,Kotak Mah.Bk (Bse Code: 500247 ),Banks
532400,KPIT INFOSYS,KPIT Cummins Infosystems Limited (BSE code:532400)   ,IT
530199,THEMIS MEDIC,Themis Medicare Ltd (BSE code:530199)   ,Pharmaceuticals
516096,SANGAL PAPER,SANGAL PAPER (BSE code:516096)   ,Paper
504380,Vinaditya Tr,Vinaditya Tr,Others
500890,Modi Rubber ,Modi Rubber ,Tyres
946445,Edelj2k902  ,Edelj2k902  ,Un classified
961696,Idfc Bond3  ,Idfc Bond3  ,Un classified
512026,Ph Tradg    ,Ph Tradg    ,Others
511064,Thyrocare La,Thyrocare La,Diversified
504671,Chase Bright,Chase Bright,Steel
961694,Idfc Bond1  ,Idfc Bond1  ,Un classified
700062,S.Kumar S(P2,S.Kumar S(P2,Un classified
526347,ELPRO PACKIN,Elpro Packin,Packaging
507265,APTE AMAL.  ,Apte Amal.  ,Chemicals
710023,Paras.Sy(Ccp,Paras.Sy(Ccp,Un classified
530881,CENTURY PORT,Century Port,Financial Services
519331,VSF PROJ    ,Vsf Proj    ,Food Processing
500028,ATV PROJECTS,Atv Projects,Engineering
531854,FUNWORLD TOU,Funworld Tou,Tourism and Hotels
590086,Orissa Mine ,Orissa Mine ,Mining
531843,Mym Techno. ,Mym Techno. ,Un classified
531865,Volant Tex. ,Volant Tex. ,Textile
533221,Asian Htl W ,Asian Htl W ,Tourism and Hotels
507948,Key Corp.Ltd,Key Corp.Ltd,Financial Services
532354,Virgoglobal ,Virgoglobal ,IT
531635,Silver Oak  ,Silver Oak  ,Breweries and Distilleries
531886,Scope Ind   ,Scope Ind   ,Mining
531582,Beryl Secur.,Beryl Secur.,Financial Services
533230,Hdfcmfgetf  ,Hdfcmfgetf  ,Financial Services
533086,Tata Sm1bd  ,Tata Sm1bd  ,Un classified
526125,Ari.Tourneso,Ari.Tourneso,Food Processing
750488,Sadbhavlr   ,Sadbhavlr   ,Un classified
946276,Barclays89  ,Barclays89  ,Un classified
500446,CAROL INFO* ,Carol Info*  (Bse Code: 500446 ),Pharmaceuticals
533022,20 MICRONS  ,20 Microns Limited (BSE code:533022)   ,Mining
531686,ADVIK LABORS,ADVIK LABORT (BSE code:531686)   ,Pharmaceuticals
517546,ALFA TRANSFO,Alfa Transformers Ltd(NDA) (BSE code:517546)   ,Engineering
527001,ASHAPURA LTD,Ashapura Minechem Ltd. (BSE code:527001)   ,Mining
532507,BAG FIL MED ,B.A.G Films & Media Ltd. (BSE code:532507)   ,Media and Entertainment
500045,BELLARY STEE,Bellary Stee (Bse Code: 500045 ),Steel
531530,BETALA GLOBL,BETALA GLO S (BSE code:531530)   ,Others
500384,Brabourne    (Bse Code: 500384 ),Brabourne    (Bse Code: 500384 ),Pharmaceuticals
531723,BRILLIANT SE,BRILLIANT SE (BSE code:531723)   ,Financial Services
531613,GIVO LTD.   ,GIVO Ltd(NDA) (BSE code:531613)   ,Textile
506260,ANUH PHARMA ,Anuh Pharma  (Bse Code: 506260 ),Pharmaceuticals
517096,APLAB LTD.  ,Aplab Ltd(NDA) (BSE code:517096)   ,Engineering
532636,IND INFOLINE,India Infoline Limited (BSE code:532636)   ,Financial Services
500206,INDOCOUNT FI,Indocount Fi (Bse Code: 500206 ),Financial Services
505737,INTER.COMBUS,Inter.Combus (Bse Code: 505737 ),Engineering
501833,CHOWGULE ST ,Chowgule St  (Bse Code: 501833 ),Shipping
524824,BAL PHARMA  ,Bal Pharma Ltd (BSE code:524824)   ,Pharmaceuticals
506197,BLISSGVS PH ,Blissgvs Ph  (Bse Code: 506197 ),Pharmaceuticals
500077,CABLE CORP. ,Cable Corp.  (Bse Code: 500077 ),Power
532630,GOKALDAS    ,Gokaldas Exports Ltd. (BSE code:532630)   ,Textile
590054,JEYPORESUGAR,Jeypore Sugar Company Ltd (BSE code:590054)   ,Sugar
513691,JMT AUTO LTD,JMT Auto Limited (BSE code:513691)   ,Auto Ancillaries
504840,KAIRA CAN CO,Kaira Can Co (Bse Code: 504840 ),Packaging
507910,FIBERWB IN  ,Fiberwb In   (Bse Code: 507910 ),Plastic Processing
532996,FIRST WIN   ,First Winner Industries Ltd. (BSE code:532996)   ,Textile
523209,NICCO UCO AL,Nicco-Uco Alliance Credit Ltd(NDA) (BSE code:523209)   ,Financial Services
500730,NOCIL LTD   ,Nocil Ltd    (Bse Code: 500730 ),Petro Chemicals
531280,PANKAJ POLY.,PANKAJ POLYM (BSE code:531280)   ,Packaging
500219,JAIN IRRIG  ,Jain Irrig   (Bse Code: 500219 ),Plastic Processing
531550,JHAVERI CRED,JHAVERI CRED (BSE code:531550)   ,Financial Services
515059,MADHUS.IND. ,MADHUSUD IND (BSE code:515059)   ,Food Processing
523792,MAZDA LTD   ,Mazda Ltd(NDA) (BSE code:523792)   ,Engineering
513446,MONNE ISPAT*,Monnet Ispat & Energy Ltd. (BSE code:513446)   ,Steel
520059,MUNAUTO     ,Munjal Auto Industries Limited (BSE code:520059)   ,Cycle and Accessories
531952,RIBA TEXTILS,Riba Textiles Ltd(NDA) (BSE code:531952)   ,Textile
507508,RIGA SUGAR  ,Riga Sugar   (Bse Code: 507508 ),Sugar
512597,KEYNOTE CORP,Keynote Corporate Services Ltd (BSE code:512597)   ,Financial Services
500245,KIRL.FERROUS,Kirl.Ferrous (Bse Code: 500245 ),Steel
946537,Barclays128 ,Barclays128 ,Un classified
519570,LAKSHMI OVER,Lakshmi Energy & Foods Ltd. (BSE code:519570)   ,Food Processing
934798,Stf Ncd2 Ot ,Stf Ncd2 Ot ,Un classified
513422,Bloom Indust,Bloom Indust,Steel
946557,Barclays130 ,Barclays130 ,Un classified
961731,8irfc230222 ,8irfc230222 ,Un classified
961732,810irfc2327 ,810irfc2327 ,Un classified
947137,Ecl11feb11  ,Ecl11feb11  ,Un classified
946572,Barclays162 ,Barclays162 ,Un classified
972608,Ifci150910a ,Ifci150910a ,Un classified
946732,Ecl28apr10b ,Ecl28apr10b ,Un classified
530763,Sunbright   ,Sunbright   ,Financial Services
531458,Boston Bio  ,Boston Bio  ,HealthcareandHospitals
533809,Borosil*    ,Borosil*    ,Un classified
972691,Ifci311026d ,Ifci311026d ,Un classified
507645,Polson Ltd. ,Polson Ltd. ,Others
534339,Indbull*    ,Indbull*    ,Un classified
531944,Servotech En,Servotech En,Engineering
500376,SATYAM COM  ,Satyam Com   (Bse Code: 500376 ),IT
507050,BELAPUR IND.,Belapur Ind. (Bse Code: 507050 ),Diversified
522251,CENLUB INDUS,CENLUB INDUS (BSE code:522251)   ,Engineering
524542,SUKJIT STRCH,Sukhjit Starch & Chemicals Ltd(NDA) (BSE code:524542)   ,Chemicals
511131,KAMAN HSG   ,Kaman Hsg    (Bse Code: 511131 ),Construction and Building Materials
526733,SUASHISH DIA,Suashish Diamonds Ltd. (BSE code:526733)   ,Fashion and personal items
509499,CENTRON IND ,Centron Ind ,Others
530927,Har.Fin.Corp,Har.Fin.Corp,Financial Services
500151,GOLDEN TOB  ,Golden Tob   (Bse Code: 500151 ),Cigarettes
512487,REMIELEK    ,Remielek    ,Engineering
523862,Dhoot Indust,Dhoot Indust,Construction and Building Materials
531889,Integ.Tech. ,Integ.Tech. ,Engineering
532981,ANU LABS    ,Anu Labs     (Bse Code: 532981 ),Chemicals
508982,LINKSON I   ,Linkson I    (Bse Code: 508982 ),Financial Services
500670,GUJ.NARMADA ,Guj.Narmada  (Bse Code: 500670 ),Agricultural Related
526169,MULTIBASE I ,Multibase India Ltd (BSE code:526169)   ,Chemicals
505190,KINETIC MOTO,Kinetic Moto (Bse Code: 505190 ),Automobiles
533218,EMAMI INFRA ,Emami Infra ,Real Estate
533288,Claris Life ,Claris Life ,Pharmaceuticals
521105,Olympia Ind.,Olympia Ind.,Textile
512319,Rajlaxmi Ind,Rajlaxmi Ind,Non Ferrous Metals
532652,KARNATAKA BK,Karnataka Bank Limited (BSE code:532652)   ,Banks
505230,Cimmco Birla,Cimmco Birla,Diversified
531252,FARRY IND.  ,Farry Ind.  ,Financial Services
533002,DWS FTS50 AG,Dws Fts50 Ag (Bse Code: 533002 ),Un classified
590032,ZEN TECH    ,Zen Technologies Limited (BSE code:590032)   ,Others
533003,DWS FTS50 AD,Dws Fts50 Ad (Bse Code: 533003 ),Un classified
590105,REL BANK ETF,REL BANK ETF (BSE code:590105)   ,Financial Services
590059,BIHAR TUBES ,Bihar Tubes Ltd(NDA) (BSE code:590059)   ,Steel
532963,DWS FTS43 RD,DWS FTS43 RD (BSE code:532963)   ,Financial Services
590052,KIRLOSKAR EL,Kirloskar Electric Company Ltd (BSE code:590052)   ,Engineering
533114,Tfmp25ahg   ,Tfmp25ahg   ,Un classified
533201,Manaksia Lt*,Manaksia Lt*,Un classified
533191,Ktfmp370bd  ,Ktfmp370bd  ,Un classified
534160,Idfctms7g   ,Idfctms7g   ,Un classified
534079,Hfeb18mg20  ,Hfeb18mg20  ,Un classified
934976,1116srei19k ,1116srei19k ,Un classified
934977,125srei19l  ,125srei19l  ,Un classified
972869,672irfc2020 ,672irfc2020 ,Un classified
934934,1075scuf18h ,1075scuf18h ,Un classified
934974,1175srei19i ,1175srei19i ,Un classified
715003,Ilfstn18prf ,Ilfstn18prf ,Un classified
948311,Eclf5f203   ,Eclf5f203   ,Un classified
934948,12mfl19i    ,12mfl19i    ,Un classified
605242,Dynamat.Tech,Dynamat.Tech,Un classified
537709,Hansugar    ,Hansugar    ,Un classified
537784,Kcs Ltd     ,Kcs Ltd     ,Un classified
537785,Anisha Impex,Anisha Impex,Un classified
961835,855ireda34  ,855ireda34  ,Un classified
538081,Haria Apl   ,Haria Apl   ,Un classified
947082,Ecl28jan11a ,Ecl28jan11a ,Un classified
537839,Phoenix Tn  ,Phoenix Tn  ,Un classified
935016,12iihfl2020 ,12iihfl2020 ,Un classified
934931,0mfl2019k   ,0mfl2019k   ,Un classified
947113,Telsp241210 ,Telsp241210 ,Un classified
935018,0iihfl2020  ,0iihfl2020  ,Un classified
947301,Ecl20may11g ,Ecl20may11g ,Un classified
537750,Kiran Vypar ,Kiran Vypar ,Un classified
531112,Bell Agromac,Bell Agromac,Un classified
948546,Eclh4j201   ,Eclh4j201   ,Un classified
961849,861kpl24    ,861kpl24    ,Un classified
538092,Joonktollee ,Joonktollee ,Un classified
948840,Ecla4c301   ,Ecla4c301   ,Un classified
514330,Overseas Syn,Overseas Syn,Un classified
961800,854pfc28    ,854pfc28    ,Un classified
538119,Rnb Denims  ,Rnb Denims  ,Un classified
934922,1125mfl16b  ,1125mfl16b  ,Un classified
948296,17ecl13     ,17ecl13     ,Un classified
536974,Captain Poly,Captain Poly,Un classified
536960,M100        ,M100        ,Un classified
934921,1075mfl15a  ,1075mfl15a  ,Un classified
532035,Unistar Mult,Unistar Mult,Un classified
948378,Ecla4g201   ,Ecla4g201   ,Un classified
934900,0mfl18a     ,0mfl18a     ,Un classified
600180,Hdfc Bank Lt,Hdfc Bank Lt,Un classified
536995,Rclendplag  ,Rclendplag  ,Un classified
600770,Tata Chemica,Tata Chemica,Un classified
934927,0mfl2015g   ,0mfl2015g   ,Un classified
961810,891ntpc33   ,891ntpc33   ,Un classified
961809,873ntpc28   ,873ntpc28   ,Un classified
934924,1125mfl15d  ,1125mfl15d  ,Un classified
934930,0mfl2018j   ,0mfl2018j   ,Un classified
961808,866ntpc23   ,866ntpc23   ,Un classified
947307,Kmpl22jun11 ,Kmpl22jun11 ,Un classified
949483,Eclg4h303   ,Eclg4h303   ,Un classified
961881,863irfc29   ,863irfc29   ,Un classified
750546,Tatapowerlr ,Tatapowerlr ,Un classified
537985,Infronics Sy,Infronics Sy,Un classified
961865,896hudco34  ,896hudco34  ,Un classified
947346,Ecl300611b  ,Ecl300611b  ,Un classified
934978,12mmfl15    ,12mmfl15    ,Un classified
948777,Rcl29oct12o ,Rcl29oct12o ,Un classified
538019,Obi Ltd     ,Obi Ltd     ,Un classified
800148,826goi2027  ,826goi2027  ,Un classified
961863,898hudco29  ,898hudco29  ,Un classified
961879,819irfc24   ,819irfc24   ,Un classified
537707,Ett Ltd     ,Ett Ltd     ,Un classified
538057,Cpse Etf    ,Cpse Etf    ,Un classified
948983,Rcl11mar13a ,Rcl11mar13a ,Un classified
948855,Ecll3c201   ,Ecll3c201   ,Un classified
935030,125mfl17    ,125mfl17    ,Un classified
972857,848nhai2028 ,848nhai2028 ,Un classified
961811,851hudco24  ,851hudco24  ,Un classified
961893,841iifcl24b ,841iifcl24b ,Un classified
538180,Gold Line   ,Gold Line   ,Un classified
949144,Ecld4d304   ,Ecld4d304   ,Un classified
934994,1025mfl16a  ,1025mfl16a  ,Un classified
506355,CHEMPLAST SA,Chemplast Sa (Bse Code: 506355 ),Petro Chemicals
532705,JAGRAN PRAK ,Jagran Prakashan Limited (BSE code:532705)   ,Media and Entertainment
506457,GUJ.CARBON  ,Guj.Carbon   (Bse Code: 506457 ),Chemicals
590041,KAVERI TELE ,Kavveri Telecom Products Ltd. (BSE code:590041)   ,Telecom
517556,PVP VENT LTD,PVP Ventures Limited (BSE code:517556)   ,IT
524038,VENLON ENTR ,Venlon Enterprises Limited (BSE code:524038)   ,Packaging
512565,R.T.EXPORTS ,RT Exports Ltd (BSE code:512565)   ,Food Processing
524208,AARTI INDUST,Aarti Industries Ltd. (BSE code:524208)   ,Chemicals
500059,BINANI IND. ,Binani Ind.  (Bse Code: 500059 ),Non Ferrous Metals
511672,CLAURS      ,CLARUS (BSE code:511672)   ,Financial Services
513108,GANDHI SP.TU,Gandhi Special Tubes Ltd(NDA) (BSE code:513108)   ,Steel
506919,MAKERS LAB. ,Makers Lab.  (Bse Code: 506919 ),Pharmaceuticals
532376,MRO-TEK LTD*,Mro-Tek Limited (BSE code:532376)   ,IT
523363,STERL.HOL.RS,Sterling Holiday Resorts India Ltd. (BSE code:523363)   ,Tourism and Hotels
531234,VICTORY PAPR,VICTORY PAPE (BSE code:531234)   ,Paper
521222,SANBLUE     ,Sanblue      (Bse Code: 521222 ),Textile
533247,Tfha90a     ,Tfha90a     ,Un classified
531502,Esaar (I)Ltd,Esaar (I)Ltd,Financial Services
533285,Rdb Realty  ,Rdb Realty  ,Real Estate
533286,Moil Ltd    ,Moil Ltd    ,Mining
533287,Zee Learn   ,Zee Learn   ,Others
946317,Edeli0i901  ,Edeli0i901  ,Un classified
946117,Barclays78  ,Barclays78  ,Un classified
533293,Kirloil Eng ,Kirloil Eng ,Engineering
526443,Datasoft App,Datasoft App,IT
533294,Ravi Kumar  ,Ravi Kumar  ,Breweries and Distilleries
533146,DLINK IND   ,Dlink Ind    (Bse Code: 533146 ),IT
507260,OUDH SUGAR  ,Oudh Sugar   (Bse Code: 507260 ),Sugar
507796,JHAV FLEXO  ,Jhav Flexo   (Bse Code: 507796 ),Packaging
502873,H.P.COTTON  ,H.P.Cotton   (Bse Code: 502873 ),Textile
500257,LUPIN LTD.  ,Lupin Ltd.   (Bse Code: 500257 ),Pharmaceuticals
502933,KATARE SPG. ,Katare Spg.  (Bse Code: 502933 ),Textile
507435,KHOD.INDIA  ,Khod.India   (Bse Code: 507435 ),Breweries and Distilleries
500540,PREMIER LTD ,Premier Ltd  (Bse Code: 500540 ),Automobiles
500372,SAMTEL COL  ,Samtel Col   (Bse Code: 500372 ),Consumer Durables
511411,SHRISTINFRA ,Shristinfra  (Bse Code: 511411 ),Infrastructure Facilities
504605,UNI ABEX    ,Uni Abex     (Bse Code: 504605 ),Steel
533151,D B CORP    ,D B Corp     (Bse Code: 533151 ),Media and Entertainment
504382,SIMPLEX TRAD,Simplex Trad (Bse Code: 504382 ),Others
500870,CASTROL     ,Castrol      (Bse Code: 500870 ),Oil and Gas
507944,BAJAJ STEEL ,Bajaj Steel  (Bse Code: 507944 ),Packaging
502241,IAG CO.LTD. ,Iag Co.Ltd.  (Bse Code: 502241 ),Others
500201,IND.GLYCOLS ,Ind.Glycols  (Bse Code: 500201 ),Chemicals
500119,DHAMPUR SUGA,Dhampur Suga (Bse Code: 500119 ),Sugar
533170,TAMBOLI CAP ,Tamboli Cap ,Financial Services
934804,STF NCD4 OT ,Stf Ncd4 Ot ,Un classified
934793,Stf Ncd1 Re ,Stf Ncd1 Re ,Un classified
533012,LANDMRK PRO ,Landmark Property Development Co Ltd (BSE code:533012)   ,Real Estate
530585,SWASTIK INV ,SWASTIK INV (BSE code:530585)   ,Financial Services
505160,TALBROS AUTO,Talbros Auto (Bse Code: 505160 ),Auto Ancillaries
532780,PARSVNATH   ,Parsvnath Developers Limited (BSE code:532780)   ,Real Estate
522087,SULZER(IND) ,Sulzer India Ltd (BSE code:522087)   ,Engineering
524264,UNIMER INDIA,Unimers India Limited (BSE code:524264)   ,Petro Chemicals
524336,SH.HARI CHEM,Shree Hari Chem Exports Ltd(NDA) (BSE code:524336)   ,Textile
524372,ORCHID CHEM ,Orchid Chemicals & Pharmaceuticals Ltd (BSE code:524372)   ,Pharmaceuticals
524711,VISTA PHARMA,Vista Pharmaceuticals Ltd(NDA) (BSE code:524711)   ,Pharmaceuticals
513629,TULSYAN NEC ,Tulsyan NEC Ltd(NDA) (BSE code:513629)   ,Steel
972390,NABARD2I2   ,Nabard2i2    (Bse Code: 972390 ),Un classified
590109,SHARIA BEES ,SHARIA BEES (BSE code:590109)   ,Financial Services
533119,TFMP25ASDR  ,TFMP25ASDR (BSE code:533119)   ,Financial Services
530499,A.K.CAPITAL ,AK Capital Services Ltd (BSE code:530499)   ,Financial Services
533096,ADANI POWER ,Adani Power Limited (BSE code:533096)   ,Power
532413,CEREBRA INTE,CEREBRA INT (BSE code:532413)   ,IT
526546,CHOKSI LABOR,CHOKSI LABOR (BSE code:526546)   ,HealthcareandHospitals
506373,CITURGIA BIO,Citurgia Bio (Bse Code: 506373 ),Chemicals
516003,SARDA PLY.  ,Sarda Plywood Industries Ltd(NDA) (BSE code:516003)   ,Construction and Building Materials
516064,ARROW COATED,Arrow Coated Products Ltd(NDA) (BSE code:516064)   ,Paper
516092,PUDMJEE IND ,PUDMJEE IND (BSE code:516092)   ,Paper
516098,VENTURA TEXL,Ventura Textiles Ltd (BSE code:516098)   ,Textile
526761,HOWARD HOTEL,Howard Hotels Ltd(NDA) (BSE code:526761)   ,Tourism and Hotels
526785,CREST ANIM  ,Crest Animation Studios Limited (BSE code:526785)   ,Media and Entertainment
526823,RAJES FOUND ,Rajeswari Foundations Ltd(NDA) (BSE code:526823)   ,Media and Entertainment
526829,CONFI PETRO ,Confidence Petroleum India Ltd (BSE code:526829)   ,Oil and Gas
526861,RISHI LASER ,Rishi Laser Ltd(NDA) (BSE code:526861)   ,Engineering
526881,FINANC.TEC. ,Financial Technologies (India) Limited (BSE code:526881)   ,IT
531489,CG-VAK SOFTW,CG VAK SOF E (BSE code:531489)   ,IT
531541,AVON ORGANIC,AVON Organics Ltd (BSE code:531541)   ,Chemicals
531556,CORAL (I)FIN,Coral India Finance & Housing Ltd(NDA) (BSE code:531556)   ,Financial Services
531574,VAS INFRA   ,Vas Infrastructure Ltd(NDA) (BSE code:531574)   ,Real Estate
531611,PRRANETA IND,Prraneta Industries Ltd(NDA) (BSE code:531611)   ,Financial Services
531612,KGN IND LTD ,KGN Industries Ltd. (BSE code:531612)   ,Financial Services
531626,SILVER SMITH,SILVER SMITH INDIA INR10 (BSE code:531626)   ,Fashion and personal items
945891,Barclays38  ,Barclays38  ,Un classified
946353,Barclays97  ,Barclays97  ,Un classified
946443,Edeli2j906  ,Edeli2j906  ,Un classified
524590,Dinesh Allor,Dinesh Allor,Others
533192,KCP SUGAR IN,Kcp Sugar In,Sugar
890136,VIDEOCONPP  ,Videoconpp  ,Un classified
912381,Icic-Mmp2-3-,Icic-Mmp2-3-,Un classified
533984,Ipru1873    ,Ipru1873    ,Un classified
534600,Jtl Infra   ,Jtl Infra   ,Un classified
946387,Kmplsrn0905 ,Kmplsrn0905 ,Un classified
531819,Nuway Organi,Nuway Organi,Un classified
947135,Ecl8mar11   ,Ecl8mar11   ,Un classified
948179,Ecld3e201   ,Ecld3e201   ,Un classified
534680,Srg Hfl     ,Srg Hfl     ,Un classified
534675,Prozone Csc ,Prozone Csc ,Un classified
934854,1275iifl18  ,1275iifl18  ,Un classified
934855,1275iifl18a ,1275iifl18a ,Un classified
934856,0iifl18     ,0iifl18     ,Un classified
534691,Comfort Com ,Comfort Com ,Un classified
948167,Ecll3f201   ,Ecll3f201   ,Un classified
534690,Lakshmivilas,Lakshmivilas,Un classified
514296,Haryana Tex ,Haryana Tex ,Un classified
511509,Vivo Bio Tec,Vivo Bio Tec,Un classified
750527,Tv18brdcstr ,Tv18brdcstr ,Un classified
750526,Bajajfinslr ,Bajajfinslr ,Un classified
947455,Ecl04aug11a ,Ecl04aug11a ,Un classified
946848,Ecl31aug10  ,Ecl31aug10  ,Un classified
506822,M.P.Polyprop,M.P.Polyprop,Un classified
512600,Macro Inter.,Macro Inter.,Un classified
947407,Ecl18jul11d ,Ecl18jul11d ,Un classified
534748,Steel Exch  ,Steel Exch  ,Un classified
530231,Subhash Silk,Subhash Silk,Un classified
534757,Focus Ind   ,Focus Ind   ,Un classified
934876,1030sreic   ,1030sreic   ,Un classified
511357,Kailash Auto,Kailash Auto,Un classified
503127,Raja Bahadur,Raja Bahadur,Un classified
946941,Ecl151010   ,Ecl151010   ,Un classified
533737,Smfcp42g    ,Smfcp42g    ,Un classified
750529,Cityunibklr ,Cityunibklr ,Un classified
534090,Ktkfmp77d   ,Ktkfmp77d   ,Un classified
946392,Kmplsrn0907 ,Kmplsrn0907 ,Un classified
534141,Ktkfmp79d   ,Ktkfmp79d   ,Un classified
533447,Ktkfmp50g   ,Ktkfmp50g   ,Un classified
534796,Pankaj Poly ,Pankaj Poly ,Un classified
946900,Ecl08oct10f ,Ecl08oct10f ,Un classified
534804,Care Rating ,Care Rating ,Un classified
946431,Barclays110 ,Barclays110 ,Un classified
534839,Eco Friendly,Eco Friendly,Un classified
948695,11mosecptc  ,11mosecptc  ,Un classified
534644,Idfcftps1h  ,Idfcftps1h  ,Un classified
947286,Orris200511 ,Orris200511 ,Un classified
947413,Ecl29jun11j ,Ecl29jun11j ,Un classified
947458,Ecl05aug11d ,Ecl05aug11d ,Un classified
750531,Bajfinancer ,Bajfinancer ,Un classified
533402,Innov Ind   ,Innov Ind   ,Steel
530617,Sampre Nutri,Sampre Nutri,Food Processing
533412,Aanjaneya   ,Aanjaneya   ,Pharmaceuticals
533477,Enkei Wheel ,Enkei Wheel ,Auto Ancillaries
531754,Fintech Comm,Fintech Comm,Others
934848,1050tcfs14a ,1050tcfs14a ,Un classified
531627,Raghavaepl  ,Raghavaepl  ,Un classified
632819,Mindtree Ltd,Mindtree Ltd,Un classified
948111,17til2014   ,17til2014   ,Un classified
531724,Hrb Floricul,Hrb Floricul,Un classified
531392,Asian Flora ,Asian Flora ,Un classified
934857,1060scuf15a ,1060scuf15a ,Un classified
934858,1075scuf17b ,1075scuf17b ,Un classified
934862,Rfl15b      ,Rfl15b      ,Un classified
534711,Cinemax Ind ,Cinemax Ind ,Un classified
934866,Rfl17f      ,Rfl17f      ,Un classified
934859,Scuf15c     ,Scuf15c     ,Un classified
533699,Rain Comm*  ,Rain Comm*  ,Un classified
505592,Shreekris Bi,Shreekris Bi,Un classified
946849,Ecl06sep10  ,Ecl06sep10  ,Un classified
750548,Easunreyrlr ,Easunreyrlr ,Un classified
947412,Ecl29jul11i ,Ecl29jul11i ,Un classified
934986,1250mmfl17  ,1250mmfl17  ,Un classified
947408,Ecl22jul11e ,Ecl22jul11e ,Un classified
946631,Ail260310   ,Ail260310   ,Un classified
947296,Ecl06may11b ,Ecl06may11b ,Un classified
413228,Pennar Steel,Pennar Steel,Un classified
972377,Nabard11107 ,Nabard11107 ,Un classified
513703,Kumar Wire  ,Kumar Wire  ,Un classified
961883,844irfc24   ,844irfc24   ,Un classified
524502,Raajmedisafe,Raajmedisafe,Un classified
536777,Bslcap16rg  ,Bslcap16rg  ,Un classified
935046,1085scuf19  ,1085scuf19  ,Un classified
948262,Rcl2jun14i  ,Rcl2jun14i  ,Un classified
538268,Wonderla    ,Wonderla    ,Un classified
948474,Eclh4h202   ,Eclh4h202   ,Un classified
935052,0scuf19     ,0scuf19     ,Un classified
948760,Rcl30nov12b ,Rcl30nov12b ,Un classified
538287,Tarang Pro  ,Tarang Pro  ,Un classified
538295,Kausambi    ,Kausambi    ,Un classified
934973,115srei19h  ,115srei19h  ,Un classified
949176,Rcl06may13b ,Rcl06may13b ,Un classified
537483,Relcnx100   ,Relcnx100   ,Un classified
949143,Rcl02may13b ,Rcl02may13b ,Un classified
947528,Kmp04oct11a ,Kmp04oct11a ,Un classified
517172,Starvox Elec,Starvox Elec,Un classified
531365,Naisargik Ag,Naisargik Ag,Un classified
538452,Quasar      ,Quasar      ,Un classified
961869,863rec29    ,863rec29    ,Un classified
934874,984sreia    ,984sreia    ,Un classified
536592,Skfl        ,Skfl        ,Un classified
600257,Lupin Ltd   ,Lupin Ltd   ,Un classified
531826,Dee-Kartavya,Dee-Kartavya,Un classified
536644,Newever     ,Newever     ,Un classified
600620,Great Easte*,Great Easte*,Un classified
536666,Star Ferro  ,Star Ferro  ,Un classified
536659,Thirinfra   ,Thirinfra   ,Un classified
934901,0mfl19      ,0mfl19      ,Un classified
531963,Universal Cr,Universal Cr,Un classified
961786,874hudco33  ,874hudco33  ,Un classified
961785,876hudco28  ,876hudco28  ,Un classified
934915,1075stfc16  ,1075stfc16  ,Un classified
536710,Srgsfl      ,Srgsfl      ,Un classified
934917,1075stf20   ,1075stf20   ,Un classified
961784,839hudco23  ,839hudco23  ,Un classified
531035,Tobu Enter. ,Tobu Enter. ,Un classified
536737,Amrapali Cap,Amrapali Cap,Un classified
947430,Barclays254 ,Barclays254 ,Un classified
934899,0mfl16      ,0mfl16      ,Un classified
536751,Fivex Fin   ,Fivex Fin   ,Un classified
530391,Dot Com     ,Dot Com     ,Un classified
961792,892nhpc33   ,892nhpc33   ,Un classified
600114,Titan Ind.  ,Titan Ind.  ,Un classified
631344,Contain Corp,Contain Corp,Un classified
934920,0stfc20vi   ,0stfc20vi   ,Un classified
961790,843nhpc23   ,843nhpc23   ,Un classified
715001,9ltfin18prf ,9ltfin18prf ,Un classified
948470,Eclk3h204   ,Eclk3h204   ,Un classified
536095,Bslftphldg  ,Bslftphldg  ,Un classified
912394,Icic-Mmp2-28,Icic-Mmp2-28,Un classified
935006,0mfl15g     ,0mfl15g     ,Un classified
948853,Eclc4a301   ,Eclc4a301   ,Un classified
935020,0mfl2015    ,0mfl2015    ,Un classified
538212,Sharp Inv   ,Sharp Inv   ,Un classified
750549,Eco Friendlr,Eco Friendlr,Un classified
800174,601goi2028  ,601goi2028  ,Un classified
935008,0mfl16h     ,0mfl16h     ,Un classified
537200,Rclendplbd  ,Rclendplbd  ,Un classified
934980,1250mmfl15  ,1250mmfl15  ,Un classified
949116,Eclc4d301   ,Eclc4d301   ,Un classified
531470,Nilchem Cap.,Nilchem Cap.,Financial Services
506414,DIL LTD     ,Dil Ltd      (Bse Code: 506414 ),Pharmaceuticals
532825,JAGJANANI   ,Jagjanani Textiles Limited (BSE code:532825)   ,Textile
523160,MORGAN CRU  ,MORGAN CRU (BSE code:523160)   ,Engineering
512559,KOHINORFOODS,Kohinoor Foods Ltd (BSE code:512559)   ,Food Processing
532803,POCHIRAJU IN,Pochiraju Industries Limited (BSE code:532803)   ,Food Processing
506230,ALBR & WILSO,Albr & Wilso (Bse Code: 506230 ),Chemicals
531278,AXIS CAPITAL,AXIS CAPITAL MARKE INR10 (BSE code:531278)   ,Financial Services
531270,DAZZEL CONFI,DAZZEL CONFI (BSE code:531270)   ,Construction and Building Materials
532986,NIRAJ CEMENT,Niraj Cement Structurals Ltd. (BSE code:532986)   ,Construction and Building Materials
533143,RMEDIA WRLD ,Rmedia Wrld  (Bse Code: 533143 ),Media and Entertainment
512449,SVC RES     ,SVC Resources Limited (BSE code:512449)   ,Textile
511147,WALL ST.FIN.,Wall St.Fin. (Bse Code: 511147 ),Financial Services
526835,SILKTEX LTD.,Silktext Ltd(NDA) (BSE code:526835)   ,Textile
532622,GATEWAY DIST,Gateway Distriparks Ltd. (BSE code:532622)   ,Courier and Logistic Services
532411,VISESH INFO.,Visesh Infotecnis Ltd (BSE code:532411)   ,IT
512048,SPLASH MEDIA,SPLASH MEDIA (BSE code:512048)   ,Financial Services
533295,Punjabnsind ,Punjabnsind ,Banks
533296,Agre Develo ,Agre Develo ,Un classified
945866,Barclays25  ,Barclays25  ,Un classified
533297,Kirl Invest ,Kirl Invest ,Un classified
511543,GSB FINANCE ,GSB FINANCE LTD IRN10 (BSE code:511543)   ,Financial Services
532459,AUNDE FAZE  ,Aunde Faze Three Autofab Ltd(NDA) (BSE code:532459)   ,Textile
532505,UCOBANK     ,UCO Bank Limited (BSE code:532505)   ,Banks
532525,BANK MAHA   ,Bank of Maharashtra (BSE code:532525)   ,Banks
532604,SALSTEEL    ,SAL Steel Ltd. (BSE code:532604)   ,Steel
532631,FAME INDIA L,Fame India Ltd. (BSE code:532631)   ,Media and Entertainment
532669,SOUTHBIOTEC ,Southern Online Bio Technologies Limited (BSE code:532669)   ,IT
532693,PUNJ LLOYD  ,Punj Lloyd Limited (BSE code:532693)   ,Engineering
532701,SREE SAKTHI ,Sree Sakthi Paper Mills Limited (BSE code:532701)   ,Paper
532721,VISA STEEL  ,Visa Steel Limited (BSE code:532721)   ,Steel
505685,TAPARIA TOOL,Taparia Tool (Bse Code: 505685 ),Others
504398,SJ CORP LTD ,Sj Corp Ltd  (Bse Code: 504398 ),Others
530035,SANTOSH FINE,SANTOS FINEF (BSE code:530035)   ,Textile
532454,BHARTI ARTL ,Bharti Airtel Limited (BSE code:532454)   ,Telecom
532773,GLOBAL VECT ,Global Vectra Helicorp Limited (BSE code:532773)   ,Courier and Logistic Services
503831,FOMENTO HOTE,Fomento Hote (Bse Code: 503831 ),Tourism and Hotels
531157,ORGANIC COAT,Organic Coatings Ltd(NDA) (BSE code:531157)   ,Others
532724,MOUNT TRAD  ,MOUNT TRAD (BSE code:532724)   ,Financial Services
526753,ROSE LABS.  ,ROSELAB IND (BSE code:526753)   ,Dye Material
523301,TCPL PACK   ,Twenty First Century Printers Ltd(NDA) (BSE code:523301)   ,Packaging
532795,WIRE& WIRLES,Wire and Wireless India Limited (BSE code:532795)   ,Media and Entertainment
523840,INN.TECH.PAC,Inn.Tech.Pac,Packaging
506180,Shri Om Trd ,Shri Om Trd ,Others
511361,Blue Bl.Fin.,Blue Bl.Fin.,Financial Services
531411,TUNI TEXTILE,Tuni Textile,Textile
524752,Combat Drugs,Combat Drugs,Un classified
533202,NITESH EST  ,Nitesh Est  ,Real Estate
533203,TARAPUR TRA ,Tarapur Tra ,Power
508922,STAR LEASING,Star Leasing,Power
505075,SETCO AUTO  ,Setco Auto   (Bse Code: 505075 ),Auto Ancillaries
500012,ANDHRA PETRO,Andhra Petro (Bse Code: 500012 ),Chemicals
511395,BALA TEC GL ,Bala Tec Gl  (Bse Code: 511395 ),Financial Services
501848,GARWAR OFF  ,Garwar Off   (Bse Code: 501848 ),Shipping
502820,DCM LTD.    ,Dcm Ltd.     (Bse Code: 502820 ),Textile
503796,DIGJAM LTD  ,Digjam Ltd   (Bse Code: 503796 ),Textile
509550,GAMMON INDIA,Gammon India (Bse Code: 509550 ),Construction and Building Materials
506532,NITTA GELA  ,Nitta Gela   (Bse Code: 506532 ),Chemicals
502355,BALKRISH IND,Balkrish Ind (Bse Code: 502355 ),Tyres
507984,SER INDUST. ,Ser Indust.  (Bse Code: 507984 ),Courier and Logistic Services
961687,APPMLWARR   ,Appmlwarr   ,Un classified
517077,INDAGIV COMM,Indagiv Comm,Textile
946079,BARCLAYS74  ,Barclays74  ,Un classified
531003,SWARNA SECUR,Swarna Secur,Financial Services
632477,UNIONBANKSL ,Unionbanksl ,Un classified
533408,Bslgoldetf  ,Bslgoldetf  ,Financial Services
511114,Res Pro Inf ,Res Pro Inf ,Financial Services
522233,Jhaveri Weld,Jhaveri Weld,Un classified
972386,Nabard2j2   ,Nabard2j2   ,Un classified
590120,Provest Ser ,Provest Ser ,Financial Services
533427,Vms Industr ,Vms Industr ,Others
521003,Shiv.Suit   ,Shiv.Suit   ,Textile
533452,Weizmann Fx ,Weizmann Fx ,Financial Services
533451,Karma Energ ,Karma Energ ,Power
504731,I Bright St ,I Bright St ,Steel
947036,Ecl21dec10  ,Ecl21dec10  ,Un classified
946444,Edelj2k904  ,Edelj2k904  ,Un classified
533462,Tele Marine ,Tele Marine ,Un classified
531695,Dhvanil Chem,Dhvanil Chem,Chemicals
530475,Tina Oversea,Tina Oversea,Fashion and personal items
533470,Rushil Decor,Rushil Decor,Construction and Building Materials
533469,Birlapacific,Birlapacific,HealthcareandHospitals
524622,Princip.Phar,Princip.Phar,Un classified
533468,Sdf90d45d   ,Sdf90d45d   ,Un classified
511369,First Fin.  ,First Fin.  ,Financial Services
947146,Tata18mar11 ,Tata18mar11 ,Un classified
533482,Readymadestl,Readymadestl,Steel
503681,Elcid Inv   ,Elcid Inv   ,Financial Services
934811,Stfncd 1res ,Stfncd 1res ,Un classified
934815,Stfncd 2unr ,Stfncd 2unr ,Un classified
934810,Stfncd 1oth ,Stfncd 1oth ,Un classified
934812,Stfncd 1unr ,Stfncd 1unr ,Un classified
934814,Stfncd 2res ,Stfncd 2res ,Un classified
506164,Brindaban Ho,Brindaban Ho,Un classified
531712,Rabha Plasti,Rabha Plasti,Plastic Processing
533499,Bglobal     ,Bglobal     ,IT
531401,Khodiyar Ind,Khodiyar Ind,Un classified
523030,Rajdhani.Lea,Rajdhani.Lea,Financial Services
530581,Ekam Leasing,Ekam Leasing,Financial Services
972655,Ifci010811b ,Ifci010811b ,Un classified
947502,Ecl30sep11e ,Ecl30sep11e ,Un classified
947750,Mfl20dec11  ,Mfl20dec11  ,Un classified
948148,Eclg5c201   ,Eclg5c201   ,Un classified
530855,Gdl Leasing ,Gdl Leasing ,Un classified
934867,Rfl18g      ,Rfl18g      ,Un classified
531925,Shantanu She,Shantanu She,Un classified
947463,Ecl24aug11  ,Ecl24aug11  ,Un classified
947534,Ecl05oct11b ,Ecl05oct11b ,Un classified
947456,Ecl04aug11b ,Ecl04aug11b ,Un classified
948368,Eclf5g201   ,Eclf5g201   ,Un classified
948547,Ecli5l202   ,Ecli5l202   ,Un classified
947866,Mfl17jan12b ,Mfl17jan12b ,Un classified
961750,719pfc2023  ,719pfc2023  ,Un classified
700115,Dhfl Ncrp   ,Dhfl Ncrp   ,Un classified
534920,Aptus Inds  ,Aptus Inds  ,Un classified
948655,135pll2015e ,135pll2015e ,Un classified
948654,13pll2014d  ,13pll2014d  ,Un classified
946451,Edelj2k911  ,Edelj2k911  ,Un classified
972379,Nabard11207 ,Nabard11207 ,Un classified
507663,Sagar Soya  ,Sagar Soya  ,Un classified
535204,Pearl Agri  ,Pearl Agri  ,Un classified
535217,Hpc Bio     ,Hpc Bio     ,Un classified
535205,Pearl Elec  ,Pearl Elec  ,Un classified
946998,Stfc090910b ,Stfc090910b ,Un classified
534237,Dsp12ms41g  ,Dsp12ms41g  ,Un classified
972710,Ifci280212a ,Ifci280212a ,Un classified
948971,12sppl2016  ,12sppl2016  ,Un classified
535267,Com Fincap  ,Com Fincap  ,Un classified
535279,Bothra Met  ,Bothra Met  ,Un classified
947545,Bil14oct11b ,Bil14oct11b ,Un classified
531205,Kansal Fibre,Kansal Fibre,Un classified
948234,0mfl2013    ,0mfl2013    ,Un classified
946749,Ecl28may10d ,Ecl28may10d ,Un classified
934882,Srei2016iii ,Srei2016iii ,Un classified
523133,Bonanza Ind.,Bonanza Ind.,Un classified
535958,Integra Gar ,Integra Gar ,Un classified
947460,Ecl09aug11f ,Ecl09aug11f ,Un classified
531659,Tsl Inds    ,Tsl Inds    ,Un classified
948772,Rcl08nov12l ,Rcl08nov12l ,Un classified
948706,Ecll3a201   ,Ecll3a201   ,Un classified
534776,Idfctds82g  ,Idfctds82g  ,Un classified
948477,Eclj5h201   ,Eclj5h201   ,Un classified
524514,Tulasee Bio-,Tulasee Bio-,Un classified
503624,Svaraj Trad ,Svaraj Trad ,Un classified
948300,Ecli2f201   ,Ecli2f201   ,Un classified
947368,Barclays244 ,Barclays244 ,Un classified
949432,184kehiip16 ,184kehiip16 ,Un classified
949472,15scpl2017  ,15scpl2017  ,Un classified
536456,Rj Biotech  ,Rj Biotech  ,Un classified
536492,Atwl        ,Atwl        ,Un classified
948277,Rcl22oct13q ,Rcl22oct13q ,Un classified
532016,Wellesley   ,Wellesley   ,Un classified
534597,Ibipl       ,Ibipl       ,Un classified
512197,Silveroak   ,Silveroak   ,Un classified
947114,Barclays212 ,Barclays212 ,Un classified
946437,Kmplsrn0911 ,Kmplsrn0911 ,Un classified
531029,Bharat Texts,Bharat Texts,Un classified
534758,Cigniti Tech,Cigniti Tech,Un classified
534809,Pc Jeweller ,Pc Jeweller ,Un classified
534816,Bh Infratel ,Bh Infratel ,Un classified
534310,Ktkfmp84g   ,Ktkfmp84g   ,Un classified
947404,Ecl04jul11a ,Ecl04jul11a ,Un classified
632210,City Union  ,City Union  ,Un classified
512595,Unimode Over,Unimode Over,Un classified
535141,Sunstar R   ,Sunstar R   ,Un classified
535322,Repco Home  ,Repco Home  ,Un classified
961766,703hudco23  ,703hudco23  ,Un classified
531432,Systematix  ,Systematix  ,Un classified
961787,818nhpc23   ,818nhpc23   ,Un classified
512271,Tashi(I) Ltd,Tashi(I) Ltd,Un classified
949145,Eclg4d301   ,Eclg4d301   ,Un classified
538400,Mms Infra   ,Mms Infra   ,Un classified
538496,Tarini      ,Tarini      ,Un classified
948263,Rcl17jul14j ,Rcl17jul14j ,Un classified
935042,105scuf16   ,105scuf16   ,Un classified
972668,Sbi05jun06b ,Sbi05jun06b ,Un classified
538521,Crowntours  ,Crowntours  ,Un classified
949224,Rcl20may13b ,Rcl20may13b ,Un classified
538520,Sbl         ,Sbl         ,Un classified
531265,Progresive E,Progresive E,Un classified
949450,846iifcl28b ,846iifcl28b ,Un classified
604000,Elpro Inter ,Elpro Inter ,Un classified
935074,1140srei19  ,1140srei19  ,Un classified
536033,Axishyd6gp  ,Axishyd6gp  ,Un classified
935024,12mfl2016   ,12mfl2016   ,Un classified
949169,Eclc4d303   ,Eclc4d303   ,Un classified
949180,Ecld4d302   ,Ecld4d302   ,Un classified
935122,115mml2020d ,115mml2020d ,Un classified
949260,Ecle5g302   ,Ecle5g302   ,Un classified
935112,0mfl2019l   ,0mfl2019l   ,Un classified
961812,858hudco29  ,858hudco29  ,Un classified
935102,11mfl17f    ,11mfl17f    ,Un classified
531191,Filtron Eng.,Filtron Eng.,Un classified
538540,Rlfl        ,Rlfl        ,Un classified
800160,830goi2040  ,830goi2040  ,Un classified
538541,Angl        ,Angl        ,Un classified
538537,Omansh      ,Omansh      ,Un classified
800178,828goi2032  ,828goi2032  ,Un classified
538538,Welspun Ent ,Welspun Ent ,Un classified
538542,Goldcoinhf  ,Goldcoinhf  ,Un classified
531330,Dynamic Mic.,Dynamic Mic.,Un classified
948541,Rcl28sep12f ,Rcl28sep12f ,Un classified
972821,1012ifci27  ,1012ifci27  ,Un classified
948510,Rcl9jul12e  ,Rcl9jul12e  ,Un classified
538667,Sirohia     ,Sirohia     ,Un classified
949573,Ecli4i318   ,Ecli4i318   ,Un classified
948704,Ecll5f301   ,Ecll5f301   ,Un classified
948871,Rcl12feb13c ,Rcl12feb13c ,Un classified
949646,Ecl18112013 ,Ecl18112013 ,Un classified
934960,1125mfl19vi ,1125mfl19vi ,Un classified
538668,Naysaa      ,Naysaa      ,Un classified
934982,1225mmfl16  ,1225mmfl16  ,Un classified
538683,Relsensex   ,Relsensex   ,Un classified
947365,Ecl30jun11  ,Ecl30jun11  ,Un classified
947414,Ecl29jul11k ,Ecl29jul11k ,Un classified
538563,Adarsh      ,Adarsh      ,Un classified
949579,12ecl2014   ,12ecl2014   ,Un classified
947405,Ecl04jul11b ,Ecl04jul11b ,Un classified
948508,Rcl23jul12c ,Rcl23jul12c ,Un classified
538715,Dhabriya    ,Dhabriya    ,Un classified
935014,0mfl20k     ,0mfl20k     ,Un classified
935058,1250kfl15a  ,1250kfl15a  ,Un classified
538707,Rccl        ,Rccl        ,Un classified
949065,Rcl03apr13b ,Rcl03apr13b ,Un classified
538743,Greenfield  ,Greenfield  ,Un classified
935222,11mfl2016b  ,11mfl2016b  ,Un classified
947549,Bil24oct11f ,Bil24oct11f ,Un classified
972848,826iifcl28a ,826iifcl28a ,Un classified
935152,12mfl17     ,12mfl17     ,Un classified
949210,Rclindex15b ,Rclindex15b ,Un classified
935246,115mfl17c   ,115mfl17c   ,Un classified
504713,Hind.Wir Ltd,Hind.Wir Ltd,Un classified
538794,Jetinfra    ,Jetinfra    ,Un classified
947530,Kmp25oct11c ,Kmp25oct11c ,Un classified
935120,115mml2020c ,115mml2020c ,Un classified
538795,Sappl       ,Sappl       ,Un classified
935236,115mfl19i   ,115mfl19i   ,Un classified
935317,990ifci21d  ,990ifci21d  ,Un classified
935321,990ifci24f  ,990ifci24f  ,Un classified
948647,0gipl2014b  ,0gipl2014b  ,Un classified
935224,1125mfl16c  ,1125mfl16c  ,Un classified
521244,CHITRA.SPIN.,CHITRA.SPIN. (BSE code:521244)   ,Textile
532395,AXIT IT LTD ,AXIS-IT&T Ltd (BSE code:532395)   ,IT
506170,HIRAN ORGOCH,Hiran Orgoch (Bse Code: 506170 ),Chemicals
532305,IND-SWIFT LA,Ind Swift Laboratories Limited (BSE code:532305)   ,Pharmaceuticals
523222,SRM ENERGY  ,SRM ENERGY (BSE code:523222)   ,Power
531301,High Street ,High Street ,Textile
945849,Ecl07aug08  ,Ecl07aug08  ,Un classified
945749,Ecl05may08  ,Ecl05may08  ,Un classified
531597,Midland Poly,Midland Poly,Packaging
946208,Barclays86  ,Barclays86  ,Un classified
504746,Ind.Linkchai,Ind.Linkchai,Diversified
945884,Barclays32  ,Barclays32  ,Un classified
945795,Ecl09jul08  ,Ecl09jul08  ,Un classified
533275,Gyscoal     ,Gyscoal     ,Steel
533276,Bs Transcom ,Bs Transcom ,Infrastructure Facilities
533274,Prestige    ,Prestige    ,Real Estate
533217,HMVL        ,Hmvl        ,Media and Entertainment
513039,HIND.UDYOG(P,Hind.Udyog(P,Engineering
590114,ARUNJYOTI EN,Arunjyoti En,Retail
523232,CONT.PETRO  ,Cont.Petro  ,Oil and Gas
531760,FUSION FITT.,Fusion Fitt.,Engineering
750485,Trentrlr    ,Trentrlr    ,Un classified
500039,BANCO PROD. ,Banco Prod.  (Bse Code: 500039 ),Auto Ancillaries
531913,GOPAL IRON S,GOPAL IRON (BSE code:531913)   ,Steel
532783,DAAWAT      ,L.T. Overseas Limited (BSE code:532783)   ,Food Processing
524764,NUTRAPLUS PR,NUTRAPLUS PR (BSE code:524764)   ,Pharmaceuticals
532519,JK SUGAR LTD,JK Sugar Ltd (BSE code:532519)   ,Sugar
532234,NAT.ALUM    ,National Aluminium Company Limited (BSE code:532234)   ,Non Ferrous Metals
520121,ARCEE INDUST,ARCEE INDUST (BSE code:520121)   ,Plastic Processing
532992,CHL LTD     ,CHL Limited (BSE code:532992)   ,Tourism and Hotels
522195,FRONTIER SPR,FRONTIER SPR (BSE code:522195)   ,Auto Ancillaries
511000,MADHUS.SEC  ,Madhus.Sec   (Bse Code: 511000 ),Financial Services
524480,RIDHI SIDHI ,Riddhi Siddhi Gluco Biols Ltd. (BSE code:524480)   ,Dye Material
523373,MINI DIAMOND,MINI DIAMOND (BSE code:523373)   ,Fashion and personal items
523722,SVAM SOFTWAR,SVAM SOFTWAR (BSE code:523722)   ,IT
532884,REFEX REFRIG,Refex Refrigerants Ltd (BSE code:532884)   ,Others
501391,W.H.BRADY   ,W.H.Brady    (Bse Code: 501391 ),Engineering
500427,UNIFLEX CABL,Uniflex Cabl (Bse Code: 500427 ),Power
531310,AVAILABLE FI,AVAILAB FINC (BSE code:531310)   ,Financial Services
500043,BATA INDIA  ,Bata India   (Bse Code: 500043 ),Fashion and personal items
517571,IMPPOWERS   ,IMP Powers Ltd(NDA) (BSE code:517571)   ,Engineering
508989,NAVNEET PUBL,Navneet Publ (Bse Code: 508989 ),Media and Entertainment
506991,NOBLE EXPLO.,Noble Explo. (Bse Code: 506991 ),Others
502901,JAMSHRI RANJ,Jamshri Ranj (Bse Code: 502901 ),Textile
505750,JOSTS ENG.  ,Josts Eng.   (Bse Code: 505750 ),Engineering
500259,LYKA LABS   ,Lyka Labs    (Bse Code: 500259 ),Pharmaceuticals
500264,MAFATLAL IND,Mafatlal Ind (Bse Code: 500264 ),Textile
500366,ROLTA (I)   ,Rolta (I)    (Bse Code: 500366 ),IT
504335,Rutron Int. ,Rutron Int. ,Un classified
509024,Gold.Leg.Lea,Gold.Leg.Lea,Financial Services
501945,Hingir Rampu,Hingir Rampu,Others
945848,Ecl06aug08  ,Ecl06aug08  ,Un classified
972654,Ifci010811  ,Ifci010811  ,Un classified
533453,Pvr Ltd*    ,Pvr Ltd*    ,Un classified
533519,Lnt Fh      ,Lnt Fh      ,Financial Services
531846,Dr. Wellmans,Dr. Wellmans,Pharmaceuticals
533443,Sdf90d44d   ,Sdf90d44d   ,Un classified
524754,Guj.Meditech,Guj.Meditech,Personal Care
946652,Ecl30mar10  ,Ecl30mar10  ,Un classified
945689,Ecl08mar08  ,Ecl08mar08  ,Un classified
531207,Raymed Labs.,Raymed Labs.,Pharmaceuticals
533495,Welspun Glb ,Welspun Glb ,Textile
946455,Edelk2k915  ,Edelk2k915  ,Un classified
533506,Inventure   ,Inventure   ,Financial Services
934813,Stfncd 2oth ,Stfncd 2oth ,Un classified
972656,Ifci010811c ,Ifci010811c ,Un classified
531256,Praveen Prop,Praveen Prop,Un classified
972657,Ifci010811d ,Ifci010811d ,Un classified
533520,Indbull Wsl ,Indbull Wsl ,Retail
512163,Extol Comm. ,Extol Comm. ,Telecom
526849,Banaras Bead,Banaras Bead,Others
503635,Salasar Inv ,Salasar Inv ,Financial Services
533525,Religar Tec ,Religar Tec ,IT
511367,Meglon      ,Meglon      ,IT
506190,Sarvamang   ,Sarvamang   ,Others
632927,Eclerx      ,Eclerx      ,Un classified
524031,Patidar     ,Patidar     ,Pharmaceuticals
533543,Brooks Labs ,Brooks Labs ,Pharmaceuticals
934824,Scfncd2res  ,Scfncd2res  ,Un classified
523650,Redex Protec,Redex Protec,Engineering
945824,Kotaksec23  ,Kotaksec23  ,Un classified
531775,Cistro Tele.,Cistro Tele.,Fashion and personal items
530443,Kiran Syntex,Kiran Syntex,Textile
531402,Lws Knitwear,Lws Knitwear,Textile
526576,Nath Seeds  ,Nath Seeds  ,Food Processing
533552,Rupa & Co   ,Rupa & Co   ,Textile
531437,Prakash Wool,Prakash Wool,Textile
533553,Td Power    ,Td Power    ,Power
934821,Scfncd1res  ,Scfncd1res  ,Un classified
531163,Kemistar    ,Kemistar    ,Agricultural Related
934822,Scfncd1unr  ,Scfncd1unr  ,Un classified
519234,Siel        ,Siel        ,Food Processing
934826,Mflncd1     ,Mflncd1     ,Un classified
934828,Mflncd3     ,Mflncd3     ,Un classified
512329,Jarigold Tex,Jarigold Tex,Textile
533569,Srs Limited ,Srs Limited ,Diversified
972661,Ifci310111b ,Ifci310111b ,Un classified
533570,Axisgold    ,Axisgold    ,Financial Services
945836,Kmil15jul08 ,Kmil15jul08 ,Un classified
934830,Mfinncd1b   ,Mfinncd1b   ,Un classified
934829,Mfinncd1a   ,Mfinncd1a   ,Un classified
934832,Mfinncd1d   ,Mfinncd1d   ,Un classified
934834,Mfinncd1f   ,Mfinncd1f   ,Un classified
513721,Muskan Ferro,Muskan Ferro,Non Ferrous Metals
505529,Shyamlal Hol,Shyamlal Hol,Financial Services
513305,Moryo Ind   ,Moryo Ind   ,Others
946904,Kmpl151010a ,Kmpl151010a ,Un classified
531560,Aroma Ent   ,Aroma Ent   ,Financial Services
945863,Kmil16sep08 ,Kmil16sep08 ,Un classified
945873,Kmil18sep08 ,Kmil18sep08 ,Un classified
531648,Croitre     ,Croitre     ,Un classified
533581,Pg Electro  ,Pg Electro  ,Consumer Durables
945850,Efs08aug08  ,Efs08aug08  ,Un classified
526905,Nilchem Ind ,Nilchem Ind ,Chemicals
535387,Lakhotia Pol,Lakhotia Pol,Un classified
946485,Kmpl07jan10 ,Kmpl07jan10 ,Un classified
535431,Gcm Secu    ,Gcm Secu    ,Un classified
590133,Genera Agri ,Genera Agri ,Un classified
961764,734hudco23  ,734hudco23  ,Un classified
512067,Vishjyoti Tr,Vishjyoti Tr,Un classified
948259,Rcl7may14f  ,Rcl7may14f  ,Un classified
961765,751hudco28  ,751hudco28  ,Un classified
535466,Srl         ,Srl         ,Un classified
947374,Kmpl22jul11 ,Kmpl22jul11 ,Un classified
535467,Aifl        ,Aifl        ,Un classified
947083,Ecl28jan11b ,Ecl28jan11b ,Un classified
535458,Nrb Ind Bea ,Nrb Ind Bea ,Un classified
961772,688pfc2023  ,688pfc2023  ,Un classified
535310,Hrgessrg1   ,Hrgessrg1   ,Un classified
535486,Deltaltd    ,Deltaltd    ,Un classified
632757,Voltamp Tran,Voltamp Tran,Un classified
534479,Lkpfinance* ,Lkpfinance* ,Un classified
961767,719hudco28  ,719hudco28  ,Un classified
961763,717epl2028  ,717epl2028  ,Un classified
961773,704pfc2028  ,704pfc2028  ,Un classified
961760,704rec2028  ,704rec2028  ,Un classified
948703,Eclc4l201   ,Eclc4l201   ,Un classified
613375,Carbor.Uni  ,Carbor.Uni  ,Un classified
946782,Barclays178 ,Barclays178 ,Un classified
947303,Barclays231 ,Barclays231 ,Un classified
535789,Ibul Hsg Fin,Ibul Hsg Fin,Un classified
535910,Mmlf        ,Mmlf        ,Un classified
948317,Karvyb19    ,Karvyb19    ,Un classified
535917,Gcmcomm     ,Gcmcomm     ,Un classified
948548,Eclj5l201   ,Eclj5l201   ,Un classified
535916,Alsl        ,Alsl        ,Un classified
934890,0stfc18     ,0stfc18     ,Un classified
534749,Ipru1978    ,Ipru1978    ,Un classified
717502,Jsw Ncps    ,Jsw Ncps    ,Un classified
530131,Udaipur Ceme,Udaipur Ceme,Un classified
500458,Phil Corpn. ,Phil Corpn. ,Un classified
534719,Hoct370d22  ,Hoct370d22  ,Un classified
961779,871rec28    ,871rec28    ,Un classified
961778,826rec23    ,826rec23    ,Un classified
934897,0mfl14      ,0mfl14      ,Un classified
947384,Barclays245 ,Barclays245 ,Un classified
536493,Jkagri Gen  ,Jkagri Gen  ,Un classified
947321,Barclays239 ,Barclays239 ,Un classified
934892,12mfl16     ,12mfl16     ,Un classified
934894,12mfl15     ,12mfl15     ,Un classified
509945,Thacker     ,Thacker     ,Un classified
536507,Futlif Fas  ,Futlif Fas  ,Un classified
634091,Mcx Ltd     ,Mcx Ltd     ,Un classified
934905,0sifl16     ,0sifl16     ,Un classified
934898,0mfl15      ,0mfl15      ,Un classified
934906,1116sifl18  ,1116sifl18  ,Un classified
526941,Vaishno Cem.,Vaishno Cem.,Un classified
934904,1150sifl16  ,1150sifl16  ,Un classified
947356,Bill11jul11 ,Bill11jul11 ,Un classified
934911,12iifli16   ,12iifli16   ,Un classified
934914,12iifliv18  ,12iifliv18  ,Un classified
934913,12iifliii18 ,12iifliii18 ,Un classified
934891,1150mfl15   ,1150mfl15   ,Un classified
934912,12iiflii16  ,12iiflii16  ,Un classified
534564,Aseem Global,Aseem Global,Un classified
524434,Asian Petro ,Asian Petro ,Un classified
590127,Oripro Ltd  ,Oripro Ltd  ,Un classified
501261,Kratosener  ,Kratosener  ,Un classified
934846,1125tcfs14  ,1125tcfs14  ,Un classified
590128,Shree Tulsi ,Shree Tulsi ,Un classified
511024,Subway Fin. ,Subway Fin. ,Un classified
534598,Sepower     ,Sepower     ,Un classified
990003,928ioc16i   ,928ioc16i   ,Un classified
935234,1125mfl19h  ,1125mfl19h  ,Un classified
935300,0mfl2018d   ,0mfl2018d   ,Un classified
935315,940ifci19c  ,940ifci19c  ,Un classified
935313,0ifci19b    ,0ifci19b    ,Un classified
935226,0mfl2016d   ,0mfl2016d   ,Un classified
514366,Citizen Yarn,Citizen Yarn,Un classified
538834,Mel         ,Mel         ,Un classified
948767,Rcl05oct12i ,Rcl05oct12i ,Un classified
538835,Intellect   ,Intellect   ,Un classified
512367,Sheraton Pro,Sheraton Pro,Un classified
961833,855ireda29  ,855ireda29  ,Un classified
949599,Ecli4j303   ,Ecli4j303   ,Un classified
538500,Rfhxxvi29g  ,Rfhxxvi29g  ,Un classified
935282,105srei17c  ,105srei17c  ,Un classified
947561,Rcl21oct11f ,Rcl21oct11f ,Un classified
530801,Diamondinfo ,Diamondinfo ,Un classified
950035,Rcl27mar14  ,Rcl27mar14  ,Un classified
538856,Rcbfiiag    ,Rcbfiiag    ,Un classified
935180,12kfl2016   ,12kfl2016   ,Un classified
935333,1050mfl17   ,1050mfl17   ,Un classified
537293,Bslfcobarg  ,Bslfcobarg  ,Un classified
538898,Utirdpdaf1  ,Utirdpdaf1  ,Un classified
538926,Napl        ,Napl        ,Un classified
538928,Karnavati   ,Karnavati   ,Un classified
935339,0mfl16b     ,0mfl16b     ,Un classified
538923,Sofcom      ,Sofcom      ,Un classified
951598,172odpl17   ,172odpl17   ,Un classified
538941,Rcbfiibg    ,Rcbfiibg    ,Un classified
935170,13mmfl2017  ,13mmfl2017  ,Un classified
949480,Rcl04sep13b ,Rcl04sep13b ,Un classified
949737,Eclk5l301   ,Eclk5l301   ,Un classified
537380,Hcpo36mjrg  ,Hcpo36mjrg  ,Un classified
947546,Bil20oct11c ,Bil20oct11c ,Un classified
935351,940ifci25   ,940ifci25   ,Un classified
538987,Talbroseng  ,Talbroseng  ,Un classified
961818,848iifcl29a ,848iifcl29a ,Un classified
935258,115mfl16i   ,115mfl16i   ,Un classified
538653,Ammltd      ,Ammltd      ,Un classified
935327,1025mfl17   ,1025mfl17   ,Un classified
934865,Rfl17e      ,Rfl17e      ,Un classified
538858,Camsonbio   ,Camsonbio   ,Un classified
935278,1075srei16a ,1075srei16a ,Un classified
538857,Scc         ,Scc         ,Un classified
538862,Mymoney     ,Mymoney     ,Un classified
526977,Crimson     ,Crimson     ,Un classified
538860,Panafic     ,Panafic     ,Un classified
935252,1175mfl17vi ,1175mfl17vi ,Un classified
935162,1175mfl19   ,1175mfl19   ,Un classified
949664,1335ecl2015 ,1335ecl2015 ,Un classified
949665,131ecl2015  ,131ecl2015  ,Un classified
935182,0kfl2016    ,0kfl2016    ,Un classified
935383,849ntpc25   ,849ntpc25   ,Un classified
539043,Manakindltd ,Manakindltd ,Un classified
539044,Manaksteltd ,Manaksteltd ,Un classified
539045,Mnkalcoltd  ,Mnkalcoltd  ,Un classified
539046,Mnkcmiltd   ,Mnkcmiltd   ,Un classified
537484,Relnifty    ,Relnifty    ,Un classified
935066,1343kfl19   ,1343kfl19   ,Un classified
935375,125kfl2018e ,125kfl2018e ,Un classified
949388,Ecll5i301   ,Ecll5i301   ,Un classified
538873,Winycomm    ,Winycomm    ,Un classified
539117,Sujala      ,Sujala      ,Un classified
539132,Vegetable   ,Vegetable   ,Un classified
935427,0mfl2016g   ,0mfl2016g   ,Un classified
961775,801rec23    ,801rec23    ,Un classified
538808,D3yrceerg   ,D3yrceerg   ,Un classified
935421,975mfl17d   ,975mfl17d   ,Un classified
539006,Ptcil       ,Ptcil       ,Un classified
949081,Eclc5c302   ,Eclc5c302   ,Un classified
949061,Eclc5e301   ,Eclc5e301   ,Un classified
952201,1725kehii18 ,1725kehii18 ,Un classified
539177,Aiil        ,Aiil        ,Un classified
538918,Vanicom     ,Vanicom     ,Un classified
538982,Hfefrg      ,Hfefrg      ,Un classified
539148,Shivalik    ,Shivalik    ,Un classified
511128,Galaxy Con(P,Galaxy Con(P,Un classified
505283,KIRLOSAR PN ,Kirlosar Pn  (Bse Code: 505283 ),Engineering
500254,LLOYD STEEL ,Lloyd Steel  (Bse Code: 500254 ),Steel
507864,PION INVEST ,Pion Invest  (Bse Code: 507864 ),Financial Services
507490,RANA SUGARS ,Rana Sugars  (Bse Code: 507490 ),Sugar
500370,SALORA INT. ,Salora Int.  (Bse Code: 500370 ),Consumer Durables
946335,Abk301009   ,Abk301009   ,Un classified
911236,Unimer Pcd92,Unimer Pcd92,Un classified
531047,Adv Power   ,Adv Power   ,Financial Services
509053,Banas Fin.  ,Banas Fin.  ,Financial Services
507938,Manipalfin(P,Manipalfin(P,Financial Services
513307,Synthiko Foi,Synthiko Foi,Packaging
533278,Coal India  ,Coal India  ,Mining
513428,Indo Zinc   ,Indo Zinc   ,Non Ferrous Metals
500183,HIMACHAL FUT,Himachal Fut (Bse Code: 500183 ),Telecom
500405,SUPREME PETR,Supreme Petr (Bse Code: 500405 ),Petro Chemicals
500354,RAJSH.SUGAR ,Rajsh.Sugar  (Bse Code: 500354 ),Sugar
509966,VST INDUS.  ,Vst Indus.   (Bse Code: 509966 ),Cigarettes
503772,MODELLA WOOL,Modella Wool (Bse Code: 503772 ),Textile
632876,Everonn      (Bse Code: 632876 ),Everonn      (Bse Code: 632876 ),Un classified
517320,SAV INFOCOM ,Sav Infocom  (Bse Code: 517320 ),Power
972480,Nabard10309  (Bse Code: 972480 ),Nabard10309  (Bse Code: 972480 ),Un classified
946044,Edel27jan09  (Bse Code: 946044 ),Edel27jan09  (Bse Code: 946044 ),Un classified
524546,Shaba Chem.  (Bse Code: 524546 ),Shaba Chem.  (Bse Code: 524546 ),Pharmaceuticals
526957,UV BOARDS   ,Uv Boards    (Bse Code: 526957 ),Others
530187,ATHARV ENT  ,Atharv Ent   (Bse Code: 530187 ),Financial Services
934785,STFC NCDI   ,Stfc Ncdi    (Bse Code: 934785 ),Un classified
526325,ORIENT PRESS,Orient Press (Bse Code: 526325 ),Printing and stationary
505400,TEXMACO LTD.,Texmaco Ltd. (Bse Code: 505400 ),Engineering
502742,SINTEX IND. ,Sintex Ind.  (Bse Code: 502742 ),Diversified
700132,NETW18NCCPS ,Netw18nccps  (Bse Code: 700132 ),Un classified
972489,NABARD11208 ,Nabard11208 ,Un classified
934789,STFC NCDV   ,Stfc Ncdv   ,Un classified
533164,TEXMO PIPES ,Texmo Pipes ,Steel
533169,MAN INFRA   ,Man Infra   ,Construction and Building Materials
530781,INTER.HSG.FI,Inter.Hsg.Fi,Housing Finance
533168,ROSSELL TEA ,Rossell Tea ,Agricultural Related
961678,TATAINZCCBB ,Tatainzccbb ,Un classified
509917,Technojet Co,Technojet Co,Un classified
523054,BIN.TEX.PR(P,Bin.Tex.Pr(P,Retail
530295,SHRI RAJIV O,Shri Rajiv O,Others
531380,CENTENIAL SU,Centenial Su,HealthcareandHospitals
533177,IL&FS TRANS ,Il&Fs Trans ,Infrastructure Facilities
700131,ABAN31MAR07 ,Aban31mar07 ,Un classified
511557,PRO FIN CAP.,Pro Fin Cap.,Financial Services
946020,BARCLAYS64  ,Barclays64  ,Un classified
750477,HINDUJAFOLR ,Hindujafolr ,Un classified
524520,KMC SHIL    ,Kmc Shil    ,HealthcareandHospitals
533281,Techno Ele  ,Techno Ele  ,Engineering
531720,Alpha Graphi,Alpha Graphi,Engineering
533282,Gravita     ,Gravita     ,Non Ferrous Metals
946277,Barclays90  ,Barclays90  ,Un classified
532738,TANTIA CONS ,Tantia Constructions Limited (BSE code:532738)   ,Construction and Building Materials
934837,Rflncdo1c3  ,Rflncdo1c3  ,Un classified
934840,Rflncdo2c3  ,Rflncdo2c3  ,Un classified
533549,Dsp6ms11d   ,Dsp6ms11d   ,Un classified
526735,Ahmed.Gases ,Ahmed.Gases ,Chemicals
516110,Pharma Com(I,Pharma Com(I,Diversified
526598,Guj.Nar.Flya,Guj.Nar.Flya,Engineering
750511,Bajajhindlr ,Bajajhindlr ,Un classified
526355,Duro Pack   ,Duro Pack   ,Others
945788,Efs18jul08  ,Efs18jul08  ,Un classified
533605,Prakash Con ,Prakash Con ,Construction and Building Materials
533602,Leshaind    ,Leshaind    ,Diversified
533608,Rdb Rasayan ,Rdb Rasayan ,Packaging
507506,Girdhar. Sug,Girdhar. Sug,Sugar
946898,Ecl30sep10d ,Ecl30sep10d ,Un classified
946197,Edlsrf2f901 ,Edlsrf2f901 ,Un classified
512099,Punit Commer,Punit Commer,Others
530565,Archana Soft,Archana Soft,Financial Services
532090,Trendy Knit.,Trendy Knit.,Textile
533629,Tijaria Ppl ,Tijaria Ppl ,Plastic Processing
934836,Rflncdo1c2  ,Rflncdo1c2  ,Un classified
500426,Uni Tubes Lt,Uni Tubes Lt,Steel
533632,Onelife Cap ,Onelife Cap ,Financial Services
517403,Sun Source  ,Sun Source  ,Others
526403,REGENCY HOSP,Regency Hosp,HealthcareandHospitals
700064,S.Kumar S(P4,S.Kumar S(P4,Un classified
531472,CYBELE IND  ,CYBELE IND (BSE code:531472)   ,Engineering
500023,ASIAN HOTELS,Asian Hotels (Bse Code: 500023 ),Tourism and Hotels
531360,GOLECHA GLOB,GOLECHHA GLOBAL INR10 (BSE code:531360)   ,Financial Services
532958,ETC NETWORK ,ETC Network Ltd. (BSE code:532958)   ,Media and Entertainment
531752,WELLWORTH OV,Wellworth Overseas Ltd(NDA) (BSE code:531752)   ,Others
526751,GRATEX INDS.,GRATEX INDS. (BSE code:526751)   ,Others
532711,SUNIL HITECH,Sunil Hitech Engineers Limited (BSE code:532711)   ,Engineering
526109,PRICOL LTD. ,Pricol Limited (BSE code:526109)   ,Auto Ancillaries
507817,WIRES FABRIK,Wires Fabrik (Bse Code: 507817 ),Engineering
513262,ST.STR.WHEEL,Steel Strips Wheels Ltd. (BSE code:513262)   ,Auto Ancillaries
530289,SP CAPITAL  ,S P CAPITAL (BSE code:530289)   ,Financial Services
531831,UNISYS SOFT.,Unisys Soft. (Bse Code: 531831 ),IT
533163,ARSS INFRA  ,Arss Infra   (Bse Code: 533163 ),Infrastructure Facilities
511756,ABIRAMI FIN.,ABHIRAMI FINANCIAL INR10 (BSE code:511756)   ,Financial Services
533193,KIRLOSKAR EL,Kirloskar El,Engineering
511607,BIR SHL EDU ,BIR SHL EDU (BSE code:511607)   ,IT
532807,CINEMAX IND ,Cinemax India Limited (BSE code:532807)   ,Media and Entertainment
520051,JAMNA AUTO  ,Jamna Auto Industries Ltd (BSE code:520051)   ,Auto Ancillaries
590077,RANKLIN SOLU,Ranklin Solutions Limited (BSE code:590077)   ,IT
500101,ARVIND Ltd  ,Arvind Ltd   (Bse Code: 500101 ),Textile
533059,BRAND HOUSE ,Brandhouse Retails Limited (BSE code:533059)   ,Retail
501209,MAESTROS ME ,Maestros Me  (Bse Code: 501209 ),IT
531495,BLUECOASTHL ,Blue Coast Hotels & Resorts Ltd (BSE code:531495)   ,Tourism and Hotels
972536,NABARD31039 ,Nabard31039  (Bse Code: 972536 ),Un classified
531334,Vikalp Sec. ,Vikalp Sec. ,Financial Services
946234,Edelg0g904  ,Edelg0g904  ,Un classified
912356,Icic-Mmp3-11,Icic-Mmp3-11,Un classified
947420,Mfl29jul11  ,Mfl29jul11  ,Un classified
531887,Rahul Merch.,Rahul Merch.,Un classified
534631,Crmfgetf    ,Crmfgetf    ,Un classified
934852,Stfc2012c   ,Stfc2012c   ,Un classified
948094,Ecl13jan12a ,Ecl13jan12a ,Un classified
519126,Hind.Foods  ,Hind.Foods  ,Un classified
513507,Guj.Contain.,Guj.Contain.,Un classified
948146,Eclc5e201   ,Eclc5e201   ,Un classified
534674,Dynacons Tec,Dynacons Tec,Un classified
890139,Sun Phadvpp ,Sun Phadvpp ,Un classified
946837,Kmpl7sep10a ,Kmpl7sep10a ,Un classified
512036,Kapil Cotex ,Kapil Cotex ,Un classified
934864,Rfl17d      ,Rfl17d      ,Un classified
530057,Ivee Injecta,Ivee Injecta,Un classified
946524,Barclays119 ,Barclays119 ,Un classified
946432,Barclays111 ,Barclays111 ,Un classified
934871,1175mfl17   ,1175mfl17   ,Un classified
511185,Suryakrupa  ,Suryakrupa  ,Un classified
534731,Bronze Infra,Bronze Infra,Un classified
934869,1150mfl14   ,1150mfl14   ,Un classified
590130,Kanco Tea   ,Kanco Tea   ,Un classified
530441,Mahanivesh I,Mahanivesh I,Un classified
534734,Icvl Chem   ,Icvl Chem   ,Un classified
534733,Icvl Steels ,Icvl Steels ,Un classified
531783,Azure Exim  ,Azure Exim  ,Un classified
534732,Intell Adv  ,Intell Adv  ,Un classified
934873,0mfl18      ,0mfl18      ,Un classified
523105,P.Polysac(Nr,P.Polysac(Nr,Un classified
946282,Barclays94  ,Barclays94  ,Un classified
946838,Kmpl7sep10b ,Kmpl7sep10b ,Un classified
934870,1175mfl15   ,1175mfl15   ,Un classified
516038,Soma Papers ,Soma Papers ,Un classified
534740,Bhanotchl   ,Bhanotchl   ,Un classified
946354,Barclays98  ,Barclays98  ,Un classified
947505,Barclays263 ,Barclays263 ,Un classified
500159,Metroglobl  ,Metroglobl  ,Un classified
534742,Zuari Agro  ,Zuari Agro  ,Un classified
526301,Medinova Dia,Medinova Dia,Un classified
533960,Reliancind* ,Reliancind* ,Un classified
890140,Cityunibkpp ,Cityunibkpp ,Un classified
526488,Nylofils (I),Nylofils (I),Un classified
590132,Jay Mahesh  ,Jay Mahesh  ,Un classified
961754,740iifcl33  ,740iifcl33  ,Un classified
961752,719iifcl23  ,719iifcl23  ,Un classified
946768,Ecl28jun10  ,Ecl28jun10  ,Un classified
947465,Ecl30aug11k ,Ecl30aug11k ,Un classified
512191,Pyramid Trfn,Pyramid Trfn,Un classified
961755,718irfc2023 ,718irfc2023 ,Un classified
946505,Barclays114 ,Barclays114 ,Un classified
890141,Bhushanstpp ,Bhushanstpp ,Un classified
961756,734irfc2028 ,734irfc2028 ,Un classified
972323,Nabardsrib  ,Nabardsrib  ,Un classified
511421,Pineanim    ,Pineanim    ,Un classified
535276,Sbisensex   ,Sbisensex   ,Un classified
512207,Malti Textil,Malti Textil,Un classified
947548,Bil21oct11e ,Bil21oct11e ,Un classified
946547,Barclays131 ,Barclays131 ,Un classified
531980,Senthilinfo ,Senthilinfo ,Un classified
961758,704irfc2028 ,704irfc2028 ,Un classified
531517,Alang Inds. ,Alang Inds. ,Chemicals
526431,Welterman I.,Welterman I.,Others
512453,Shri Jagdamb,Shri Jagdamb,Un classified
530421,Kuwer Inds. ,Kuwer Inds. ,Un classified
534563,Max Alert   ,Max Alert   ,Un classified
534567,Vks Projects,Vks Projects,Un classified
511187,Mahamaya Inv,Mahamaya Inv,Un classified
539189,Adhbhutin   ,Adhbhutin   ,Un classified
537644,Bslfefs1rg  ,Bslfefs1rg  ,Un classified
539195,Poel        ,Poel        ,Un classified
536330,Ipru2138    ,Ipru2138    ,Un classified
539196,Ael         ,Ael         ,Un classified
537547,H370f29rg1  ,H370f29rg1  ,Un classified
536234,Ipru2142    ,Ipru2142    ,Un classified
536611,H370o28rg1  ,H370o28rg1  ,Un classified
539178,Peltd       ,Peltd       ,Un classified
536241,Bslftphqrg  ,Bslftphqrg  ,Un classified
935435,0mfl2022k   ,0mfl2022k   ,Un classified
935437,975sefl18a  ,975sefl18a  ,Un classified
949632,Ecl6nov13b  ,Ecl6nov13b  ,Un classified
539197,Devhari     ,Devhari     ,Un classified
539198,Capfin      ,Capfin      ,Un classified
539199,Moongipasec ,Moongipasec ,Un classified
632522,Petronet Lng,Petronet Lng,Un classified
539200,Nobpol      ,Nobpol      ,Un classified
539207,Manpasand   ,Manpasand   ,Un classified
539216,Junction    ,Junction    ,Un classified
537647,Bslfefs1dn  ,Bslfefs1dn  ,Un classified
950530,11pfc18     ,11pfc18     ,Un classified
539149,Icsl        ,Icsl        ,Un classified
539222,Vmv         ,Vmv         ,Un classified
949197,Eclh5d301   ,Eclh5d301   ,Un classified
539223,Ambition    ,Ambition    ,Un classified
539226,Mdinducto   ,Mdinducto   ,Un classified
539228,Gpcl        ,Gpcl        ,Un classified
539229,Mrss        ,Mrss        ,Un classified
539225,Jiyaeco     ,Jiyaeco     ,Un classified
539227,Loyal       ,Loyal       ,Un classified
609930,Suprem Ind  ,Suprem Ind  ,Un classified
935429,0mfl2017h   ,0mfl2017h   ,Un classified
912333,Icic-Mmp3-1-,Icic-Mmp3-1-,Un classified
950377,Eclf6f402   ,Eclf6f402   ,Un classified
935449,975sefl20g  ,975sefl20g  ,Un classified
951238,Efilj6d402  ,Efilj6d402  ,Un classified
951261,Eclj6d401   ,Eclj6d401   ,Un classified
950988,Ecli6i403   ,Ecli6i403   ,Un classified
537761,Hcpo36mfrg  ,Hcpo36mfrg  ,Un classified
538635,Snowman     ,Snowman     ,Un classified
948986,Rcl13mar13d ,Rcl13mar13d ,Un classified
538836,Montecarlo  ,Montecarlo  ,Un classified
538837,Jstl        ,Jstl        ,Un classified
538922,Csstech     ,Csstech     ,Un classified
538919,Skil        ,Skil        ,Un classified
949063,Eclf6c301   ,Eclf6c301   ,Un classified
949687,Karvyb35    ,Karvyb35    ,Un classified
538979,Grnlam Ind  ,Grnlam Ind  ,Un classified
948770,Rcl08oct12k ,Rcl08oct12k ,Un classified
949559,Rcl04oct13e ,Rcl04oct13e ,Un classified
949760,134ecl2015a ,134ecl2015a ,Un classified
935284,11srei17d   ,11srei17d   ,Un classified
538963,Pact        ,Pact        ,Un classified
949036,Eclh5c302   ,Eclh5c302   ,Un classified
538993,Purohitcon  ,Purohitcon  ,Un classified
537944,Rfhxxvi01g  ,Rfhxxvi01g  ,Un classified
949057,Eclc5c303   ,Eclc5c303   ,Un classified
949763,134ecl2015  ,134ecl2015  ,Un classified
538992,Sapl        ,Sapl        ,Un classified
538942,Mercantile  ,Mercantile  ,Un classified
948084,Ecl23dec11d ,Ecl23dec11d ,Un classified
934879,Srei19f     ,Srei19f     ,Un classified
539005,Jayatma     ,Jayatma     ,Un classified
539016,Neil        ,Neil        ,Un classified
972402,Nabard10518 ,Nabard10518 ,Un classified
530733,Novapublic  ,Novapublic  ,Un classified
949629,Rcl7nov13h  ,Rcl7nov13h  ,Un classified
935274,13kfl2020f  ,13kfl2020f  ,Un classified
536747,Ipru2186    ,Ipru2186    ,Un classified
539083,Inoxwind    ,Inoxwind    ,Un classified
935401,115mmfl17a  ,115mmfl17a  ,Un classified
935306,0mfl2020g   ,0mfl2020g   ,Un classified
539098,Filtra      ,Filtra      ,Un classified
539097,Yogya       ,Yogya       ,Un classified
539118,Vrllog      ,Vrllog      ,Un classified
532760,DEEP INDS   ,Deep Industries Limited (BSE code:532760)   ,Engineering
532792,CAIRN IND   ,Cairn India Limited (BSE code:532792)   ,Oil and Gas
532815,SMS PHARMACE,SMS Pharmaceuticals Ltd. (BSE code:532815)   ,Pharmaceuticals
532830,ASTRAL POLY ,Astral Poly Technik Limited (BSE code:532830)   ,Plastic Processing
532864,NELCAST     ,Nelcast Limited (BSE code:532864)   ,Auto Ancillaries
532873,HOUSING DEV ,Housing Development & Infrastructure (BSE code:532873)   ,Real Estate
532895,NAGREKA CAP ,Nagreeka Capital and Infrastructure(NDA) (BSE code:532895)   ,Financial Services
532919,ALLIED COMP ,Allied Computers Intl. (Asia) Limited (BSE code:532919)   ,IT
532944,ONMOBILE    ,OnMobile Global Limited (BSE code:532944)   ,Telecom
532975,AISHWARYA TE,Aishwarya Telecom Ltd (BSE code:532975)   ,Telecom
532997,KSK ENERGY  ,KSK Energy Ventures Limited (BSE code:532997)   ,Engineering
533047,INDIAN MET  ,Indian Metals & Ferro Alloys Ltd (BSE code:533047)   ,Steel
530019,JUBILANT ORG,Jubilant Organosys Ltd. (BSE code:530019)   ,Chemicals
530067,CONSOL.SEC. ,CONSOL. SEC. (BSE code:530067)   ,Financial Services
530175,ODYSSEY TECH,ODYSSEY TEC (BSE INDONEXT) (BSE code:530175)   ,IT
530259,INTER ST.OIL,INTER ST OIL (BSE code:530259)   ,Courier and Logistic Services
530317,GODAVARI DRU,Godavari Drugs Ltd(NDA) (BSE code:530317)   ,Pharmaceuticals
530401,VINYOFLEX LT,VINYOFLEX LT (BSE code:530401)   ,Plastic Processing
530521,VIRAT INDUS.,VIRAT INDUST (BSE code:530521)   ,Textile
530605,GSL NOVA    ,GSL Nova Petrochemicals Limited (BSE code:530605)   ,Textile
530745,LN POLYESTER,L N POLYESTE (BSE code:530745)   ,Textile
530829,CIL SECURITS,CIL SECUR LT (BSE code:530829)   ,Financial Services
530943,SRI ADHIKARI,Sri Adhikari Brothers Television Network (BSE code:530943)   ,Media and Entertainment
531041,COMPETENT AU,Competent Automobiles Co Ltd(NDA) (BSE code:531041)   ,Automobiles
531134,HARRINGTONS ,HARRING INDU (BSE code:531134)   ,Construction and Building Materials
530705,Flora Textil,Flora Textil,Textile
533298,Surana Vent ,Surana Vent ,Engineering
533248,Gppl        ,Gppl        ,Ports
972322,Nabardsria  ,Nabardsria  ,Un classified
532845,BHAGWATI BAN,Bhagwati Banquets And Hotels Ltd. (BSE code:532845)   ,Tourism and Hotels
500825,BRITANIA IND,Britania Ind (Bse Code: 500825 ),Food Processing
533068,ARROW TEX   ,ARROW TEXTILES LTD INR10 ARROWTEX (BSE code:533068)   ,Textile
505703,DECCAN BEAR.,Deccan Bear. (Bse Code: 505703 ),Engineering
532656,FACOR ALLOYS,Facor Alloys Ltd(NDA) (BSE code:532656)   ,Steel
526865,JAINCO PROJ.,Jainco Projects Ltd(NDA) (BSE code:526865)   ,Construction and Building Materials
532333,HB PORTFOLIO,HB Portfolio Ltd. (BSE code:532333)   ,Others
517035,RUTTONSHA IN,RUTTONSHA IN (BSE code:517035)   ,Engineering
531444,STRESSCRETE ,Stresscrete India Ltd (BSE code:531444)   ,Construction and Building Materials
532791,PYRAMID SAIM,Pyramid Saimira Theatre Limited (BSE code:532791)   ,Media and Entertainment
513216,UTTAM GALVA ,Uttam Galva Steels Ltd. (BSE code:513216)   ,Steel
521210,Cityman     ,Cityman     ,Textile
533269,Vatech Waba ,Vatech Waba ,Others
533270,Bedmutha In ,Bedmutha In ,Steel
533271,Ashoka      ,Ashoka      ,Infrastructure Facilities
700119,Thoms Rpsb  ,Thoms Rpsb  ,Un classified
533268,Seatv       ,Seatv       ,Media and Entertainment
946233,Edelg0g903  ,Edelg0g903  ,Un classified
533273,Oberoi Real ,Oberoi Real ,Real Estate
512465,Santowin Pol,Santowin Pol,Textile
507918,New Horizon ,New Horizon ,Financial Services
533261,Eros Media  ,Eros Media  ,Media and Entertainment
533260,Career Point,Career Point,Others
512477,Betex India ,Betex India ,Pharmaceuticals
533305,Srs Real    ,Srs Real    ,Real Estate
533309,Dalmia Bha  ,Dalmia Bha  ,Engineering
504080,Jsl Ltd.    ,Jsl Ltd.    ,Engineering
533306,Summit Secu ,Summit Secu ,Financial Services
946534,Ecl11jan10  ,Ecl11jan10  ,Un classified
533314,Ags Info    ,Ags Info    ,Others
945654,Kslks10     ,Kslks10     ,Un classified
533315,Inno Invest ,Inno Invest ,Financial Services
946384,Barclays103 ,Barclays103 ,Un classified
946508,Barclays129 ,Barclays129 ,Un classified
533316,Sentineltea ,Sentineltea ,Agricultural Related
945905,Barclays42  ,Barclays42  ,Un classified
533320,Jubilnt Ind ,Jubilnt Ind ,Chemicals
961695,Idfc Bond2  ,Idfc Bond2  ,Un classified
946454,Edelk0k916  ,Edelk0k916  ,Un classified
533321,Bil Energy  ,Bil Energy  ,Power
750493,Jyotistlr   ,Jyotistlr   ,Un classified
946535,Barclays126 ,Barclays126 ,Un classified
946875,Emaar020910 ,Emaar020910 ,Un classified
946066,Barclays72  ,Barclays72  ,Un classified
945705,Rankinvsr5  ,Rankinvsr5  ,Un classified
945886,Barclays33  ,Barclays33  ,Un classified
531893,Sawaca Busi ,Sawaca Busi ,Others
514482,Asahi Fibres,Asahi Fibres,Textile
961691,Sadbhavwar  ,Sadbhavwar  ,Un classified
590116,7seas Tech  ,7seas Tech  ,IT
946238,Edelg2h902  ,Edelg2h902  ,Un classified
946448,Edelj2k910  ,Edelj2k910  ,Un classified
533257,Indosolar   ,Indosolar   ,Power
533256,Hira Ferro  ,Hira Ferro  ,Steel
526523,Jay Energy  ,Jay Energy  ,Others
530525,Sheetal Diam,Sheetal Diam,Fashion and personal items
533258,Tirupati In ,Tirupati In ,Printing and stationary
972491,Nabard11108 ,Nabard11108 ,Un classified
945834,Barclays21  ,Barclays21  ,Un classified
946206,Barclays84  ,Barclays84  ,Un classified
533266,Tecpro Sys  ,Tecpro Sys  ,Engineering
533267,Cantabil    ,Cantabil    ,Textile
512481,Polytex(P)  ,Polytex(P)  ,Financial Services
530037,Sree Jaya.Au,Sree Jaya.Au,Textile
501473,Malabar Trad,Malabar Trad,Others
934808,Jyotistncd  ,Jyotistncd  ,Un classified
946526,Barclays121 ,Barclays121 ,Un classified
513554,Maha Steel  ,Maha Steel  ,Steel
947087,Tcppl091210 ,Tcppl091210 ,Un classified
946428,Barclays107 ,Barclays107 ,Un classified
526959,Woodsvila   ,Woodsvila   ,Financial Services
519273,Unno Indus. ,Unno Indus. ,Food Processing
509038,Voltair Leas,Voltair Leas,Financial Services
513613,Jalan Metall,Jalan Metall,Mining
750495,Eihlr       ,Eihlr       ,Un classified
503675,Agarwal Hold,Agarwal Hold,Financial Services
512341,Se Ent Solns,Se Ent Solns,Others
533642,Dsp12ms14g  ,Dsp12ms14g  ,Un classified
934849,Coro Int Ncd,Coro Int Ncd,Un classified
534612,Amtl        ,Amtl        ,Un classified
934847,1050tcfs14  ,1050tcfs14  ,Un classified
947409,Ecl26jul11f ,Ecl26jul11f ,Un classified
946751,Ecl31aug12f ,Ecl31aug12f ,Un classified
947302,Ecl31aug12h ,Ecl31aug12h ,Un classified
934853,Stfc2012d   ,Stfc2012d   ,Un classified
934850,Stfc2012a   ,Stfc2012a   ,Un classified
934851,Stfc2012b   ,Stfc2012b   ,Un classified
948166,Ecld3d201   ,Ecld3d201   ,Un classified
531262,Surya Ind.Co,Surya Ind.Co,Un classified
534707,Anshus Cloth,Anshus Cloth,Un classified
934861,Rfl15a      ,Rfl15a      ,Un classified
934860,Scuf17d     ,Scuf17d     ,Un classified
505797,Mipco Seam. ,Mipco Seam. ,Un classified
502761,Blue Blend  ,Blue Blend  ,Un classified
946933,Kmpl15nov10 ,Kmpl15nov10 ,Un classified
946319,Edeli2j901  ,Edeli2j901  ,Un classified
947558,Rcl13oct11c ,Rcl13oct11c ,Un classified
946899,Ecl01oct10e ,Ecl01oct10e ,Un classified
534089,Ktkfmp77g   ,Ktkfmp77g   ,Un classified
534140,Ktkfmp79g   ,Ktkfmp79g   ,Un classified
961748,722rec22tf  ,722rec22tf  ,Un classified
961749,738rec27tf  ,738rec27tf  ,Un classified
534117,Sdf13m12d   ,Sdf13m12d   ,Un classified
934877,1025sreid   ,1025sreid   ,Un classified
961753,736iifcl28  ,736iifcl28  ,Un classified
534927,Esteem Bio  ,Esteem Bio  ,Un classified
946520,Kmpl250110d ,Kmpl250110d ,Un classified
534735,Axiscpo5gp  ,Axiscpo5gp  ,Un classified
512375,Kayton Trade,Kayton Trade,Un classified
617354,Havellsindia,Havellsindia,Un classified
535142,Channel Nine,Channel Nine,Un classified
535136,Kavita Fab  ,Kavita Fab  ,Un classified
934806,Stf Ncd5 Ur ,Stf Ncd5 Ur ,Un classified
506947,Adv.Petroch.,Adv.Petroch.,Un classified
972711,Ifci280212b ,Ifci280212b ,Un classified
502294,Nilachal Ref,Nilachal Ref,Un classified
972358,Nabard2e    ,Nabard2e    ,Un classified
534195,Hmr399g211  ,Hmr399g211  ,Un classified
750533,Mediamatlr  ,Mediamatlr  ,Un classified
934881,1075srei16  ,1075srei16  ,Un classified
948142,Eclb5c202   ,Eclb5c202   ,Un classified
934885,Srei2019vi  ,Srei2019vi  ,Un classified
534970,Bslftpgmdg  ,Bslftpgmdg  ,Un classified
535602,Sharda Motor,Sharda Motor,Un classified
535621,Sv Global   ,Sv Global   ,Un classified
535620,Binny Mills ,Binny Mills ,Un classified
507652,Ratnamani   ,Ratnamani   ,Un classified
511441,Guj.Credit  ,Guj.Credit  ,Un classified
524602,Shiva Medic.,Shiva Medic.,Un classified
535647,Otml        ,Otml        ,Un classified
946651,Ecl26mar10  ,Ecl26mar10  ,Un classified
535648,Justdial    ,Justdial    ,Un classified
534610,Cp02g       ,Cp02g       ,Un classified
947556,Rcl21oct11a ,Rcl21oct11a ,Un classified
947464,Ecl17aug11j ,Ecl17aug11j ,Un classified
535667,Ifinsec     ,Ifinsec     ,Un classified
534009,Bslftpehg   ,Bslftpehg   ,Un classified
535658,Pawansut    ,Pawansut    ,Un classified
534365,Ipru1923    ,Ipru1923    ,Un classified
535657,Oone        ,Oone        ,Un classified
947468,Ecl30aug11n ,Ecl30aug11n ,Un classified
512377,Magn.Trad(P),Magn.Trad(P),Un classified
947235,Ecl290411a  ,Ecl290411a  ,Un classified
534396,Hap24m20g   ,Hap24m20g   ,Un classified
947426,Kmpl26aug11 ,Kmpl26aug11 ,Un classified
947293,Kmpl13jun11 ,Kmpl13jun11 ,Un classified
935403,0mmfl17b    ,0mmfl17b    ,Un classified
539124,Sarvottam   ,Sarvottam   ,Un classified
539125,Hari        ,Hari        ,Un classified
948924,Rcl01mar13b ,Rcl01mar13b ,Un classified
538863,Amarnath    ,Amarnath    ,Un classified
948095,Ecl31jan12b ,Ecl31jan12b ,Un classified
935188,0kfl2020    ,0kfl2020    ,Un classified
539119,Jainmarmo   ,Jainmarmo   ,Un classified
715014,815ltfh2020 ,815ltfh2020 ,Un classified
537009,Axisft43gp  ,Axisft43gp  ,Un classified
539151,Arfin       ,Arfin       ,Un classified
949025,Mfl20mar13b ,Mfl20mar13b ,Un classified
539169,Funny       ,Funny       ,Un classified
539168,Spisys      ,Spisys      ,Un classified
934902,1075sifl16  ,1075sifl16  ,Un classified
950554,895pfc20    ,895pfc20    ,Un classified
935441,0sefl2018c  ,0sefl2018c  ,Un classified
539220,Mishka      ,Mishka      ,Un classified
949168,Ecld4d307   ,Ecld4d307   ,Un classified
948144,Eclf5c201   ,Eclf5c201   ,Un classified
539217,Msinvest    ,Msinvest    ,Un classified
539252,Scfl        ,Scfl        ,Un classified
539251,Nirvikara   ,Nirvikara   ,Un classified
539218,Saumya      ,Saumya      ,Un classified
505515,Shyamkam Inv,Shyamkam Inv,Un classified
948162,Eclc5c201   ,Eclc5c201   ,Un classified
935431,0mfl2018i   ,0mfl2018i   ,Un classified
539112,Sab         ,Sab         ,Un classified
934947,1150mfl19h  ,1150mfl19h  ,Un classified
935461,1025srei20  ,1025srei20  ,Un classified
539254,Adanitrans  ,Adanitrans  ,Un classified
935409,0mmfl18e    ,0mmfl18e    ,Un classified
935463,1075srei20  ,1075srei20  ,Un classified
935455,10srei18    ,10srei18    ,Un classified
538421,Rclendiiag  ,Rclendiiag  ,Un classified
539265,Amrafin     ,Amrafin     ,Un classified
539253,Suryaindia  ,Suryaindia  ,Un classified
950117,Eclf7f401   ,Eclf7f401   ,Un classified
539266,Concrete    ,Concrete    ,Un classified
935238,0mfl19jx    ,0mfl19jx    ,Un classified
935465,Zcsrei20    ,Zcsrei20    ,Un classified
947355,Barclays242 ,Barclays242 ,Un classified
935190,125dsk2017  ,125dsk2017  ,Un classified
538666,Shardacrop  ,Shardacrop  ,Un classified
948199,Kmpl24aug12 ,Kmpl24aug12 ,Un classified
538674,Cityonline  ,Cityonline  ,Un classified
531677,Arisint     ,Arisint     ,Un classified
538468,Rfhxxvi28g  ,Rfhxxvi28g  ,Un classified
538706,Ultracab    ,Ultracab    ,Un classified
934939,1075scuf19m ,1075scuf19m ,Un classified
935192,0dsk2020    ,0dsk2020    ,Un classified
523315,Purity Flex ,Purity Flex ,Un classified
750557,Ncc Ltdlr   ,Ncc Ltdlr   ,Un classified
947489,Barclays262 ,Barclays262 ,Un classified
948823,Rcl31jan13c ,Rcl31jan13c ,Un classified
948926,Rcl26feb13d ,Rcl26feb13d ,Un classified
538713,Atishay     ,Atishay     ,Un classified
948761,Rcl20nov12c ,Rcl20nov12c ,Un classified
538730,Pdsmfl      ,Pdsmfl      ,Un classified
538731,Powerhouse  ,Powerhouse  ,Un classified
935206,1075mfl17   ,1075mfl17   ,Un classified
538732,Vgcl        ,Vgcl        ,Un classified
961867,819rec24    ,819rec24    ,Un classified
538714,Suchitra    ,Suchitra    ,Un classified
935212,0mfl2016a   ,0mfl2016a   ,Un classified
538733,Starlit     ,Starlit     ,Un classified
935146,1175mfl17ii ,1175mfl17ii ,Un classified
523151,Otco Intern.,Otco Intern.,Un classified
538708,Etil        ,Etil        ,Un classified
538734,Adcc        ,Adcc        ,Un classified
935248,12mfl20d    ,12mfl20d    ,Un classified
538765,Jshl        ,Jshl        ,Un classified
949638,1225ecl14h  ,1225ecl14h  ,Un classified
632898,Power Grid  ,Power Grid  ,Un classified
949508,Eclh4i301   ,Eclh4i301   ,Un classified
531652,Thirdwave Fi,Thirdwave Fi,Un classified
531569,SANJIVANI PA,SANJIVA PARA (BSE code:531569)   ,Pharmaceuticals
532883,ZYLOG SYSTEM,Zylog Systems Ltd. (BSE code:532883)   ,IT
961641,IDBIITSFL23A,Idbiitsfl23a (Bse Code: 961641 ),Un classified
524348,AARTI DRUGS ,Aarti Drugs Ltd. (BSE code:524348)   ,Pharmaceuticals
511738,MEHTA SECUR.,Mehta Secur. (Bse Code: 511738 ),Financial Services
511551,NETWORTH STK,Networth Stock Broking Ltd. (BSE code:511551)   ,Others
511676,GIC HOUSING ,GIC Housing Finance Ltd. (BSE code:511676)   ,Housing Finance
532311,TUTIS TECH  ,Tutis Technologies Ltd(NDA) (BSE code:532311)   ,IT
532338,VALUEMART   ,Valuemart Info Technologies Ltd(NDA) (BSE code:532338)   ,IT
532187,INDUSIND BNK,INDUS IND BK (BSE code:532187)   ,Banks
531235,CITI PORT FN,CITIPO FIN S (BSE code:531235)   ,Financial Services
500940,FINOLEX IND.,Finolex Ind. (Bse Code: 500940 ),Petro Chemicals
531726,PANCHSHEEL O,PANCH ORGAN (BSE code:531726)   ,Pharmaceuticals
934800,Stf Ncd3 Ur ,Stf Ncd3 Ur ,Un classified
946516,Barclays118 ,Barclays118 ,Un classified
500227,JINDAL POLYF,Jindal Polyf (Bse Code: 500227 ),Packaging
521018,MARAL OVERS ,Maral Overseas Limited (BSE code:521018)   ,Textile
512047,NATRAJ FIN  ,NATRAJ FIN (BSE code:512047)   ,Others
590069,LAKSHMI VILA,Lakshmi Vilas Bank Ltd. (BSE code:590069)   ,Banks
531688,PRITHVI SOF ,Prithvi Softech Ltd(NDA) (BSE code:531688)   ,Breweries and Distilleries
523888,V.R. WOODART,V R WOODART (BSE code:523888)   ,Others
526586,WIM PLAST LT,WIM Plast Ltd (BSE code:526586)   ,Plastic Processing
506559,SIE HEALTH  ,Sie Health   (Bse Code: 506559 ),HealthcareandHospitals
934770,TRENT07JUL10,Trent07jul10 (Bse Code: 934770 ),Un classified
509130,DUNLOP INDIA,Dunlop India (Bse Code: 509130 ),Tyres
530133,AMCO INDIA L,AMCO INDIA(BSE INDONEXT) (BSE code:530133)   ,Plastic Processing
530389,GEEFCEE FIN.,Geefcee Finance Ltd (BSE code:530389)   ,Financial Services
500189,HINDUJA VENT,Hinduja Vent (Bse Code: 500189 ),IT
500085,CHAMBAL FERT,Chambal Fert (Bse Code: 500085 ),Agricultural Related
523754,EPC INDUS.  ,EPC Industries Ltd. (BSE code:523754)   ,Plastic Processing
532286,JINDAL STE  ,Jindal Steel & Power Limited (BSE code:532286)   ,Steel
526263,MOLD-TEK TEC,MOLD-TEK Technologies Limited (BSE code:526263)   ,Plastic Processing
500298,NAT.PEROXIDE,Nat.Peroxide (Bse Code: 500298 ),Cement
590051,SAKSOFT LTD ,Saksoft Ltd. (BSE code:590051)   ,IT
500620,GREAT EASTE ,Great Easte  (Bse Code: 500620 ),Shipping
519612,MAHAAN FOODS,MAHAAN FOODS (BSE code:519612)   ,Food Processing
506525,KANORIA CHEM,Kanoria Chem (Bse Code: 506525 ),Chemicals
521228,TATIA GLOB  ,TATIA GLOB (BSE code:521228)   ,Textile
506022,PRAKASH IND.,Prakash Ind. (Bse Code: 506022 ),Diversified
526879,UT LTD.     ,UT Ltd(NDA) (BSE code:526879)   ,Engineering
532648,YES BANK    ,Yes Bank Limited (BSE code:532648)   ,Banks
513472,SIMPLEX CAST,Simplex Casting Ltd (BSE code:513472)   ,Steel
526839,CCAP LTD.   ,CCAP LTD(BSE INDONEXT) (BSE code:526839)   ,Construction and Building Materials
533326,Texmaco Rail,Texmaco Rail,Engineering
946022,Barclays66  ,Barclays66  ,Un classified
505688,BHARAT GEARS,Bharat Gears (Bse Code: 505688 ),Auto Ancillaries
506315,BORAX MORARJ,Borax Morarj (Bse Code: 506315 ),Chemicals
500106,IFCI LTD    ,Ifci Ltd     (Bse Code: 500106 ),Financial Services
511243,CHOLA DBS   ,Chola Dbs    (Bse Code: 511243 ),Financial Services
511122,FIRST CUSTO.,First Custo. (Bse Code: 511122 ),Financial Services
500033,FORCE MOTR  ,Force Motr   (Bse Code: 500033 ),Automobiles
511034,JINDAL DRILL,Jindal Drill (Bse Code: 511034 ),Engineering
509820,PAPER PROD  ,Paper Prod   (Bse Code: 509820 ),Packaging
509079,GUFIC BIO SC,Gufic Bio Sc (Bse Code: 509079 ),Pharmaceuticals
502405,MYSORE PAPER,Mysore Paper (Bse Code: 502405 ),Paper
507946,KIDUJA INDIA,Kiduja India (Bse Code: 507946 ),Textile
501301,TATA INVEST.,Tata Invest. (Bse Code: 501301 ),Financial Services
530635,TEXPLAST IND,TEXPLAST IND (BSE code:530635)   ,Packaging
508867,New Mkt Adv ,New Mkt Adv ,Others
512297,WHEEL & AXLE,Wheel & Axle,Textile
945812,KOTAKSEC7   ,Kotaksec7   ,Un classified
523242,NB FOOT WEAR,Nb Foot Wear,Fashion and personal items
946046,EDEL02FEB09 ,Edel02feb09 ,Un classified
533211,PARAB DRUGS ,Parab Drugs ,Chemicals
750483,REIAGROLR   ,Reiagrolr   ,Un classified
934796,STF NCD2 RE ,Stf Ncd2 Re ,Un classified
512062,SANMITRA COM,Sanmitra Com,Others
509870,SHAH CONSTN.,Shah Constn.,Construction and Building Materials
533216,TECHNOFAB   ,Technofab   ,Engineering
530557,NCL RESEARCH,Ncl Research,Financial Services
531082,EUROFINMART ,Eurofinmart ,Fashion and personal items
505513,Shrsha Tex  ,Shrsha Tex  ,Financial Services
934817,Iiislncdii  ,Iiislncdii  ,Un classified
934819,Iiislncdiii2,Iiislncdiii2,Un classified
934816,Iiislncdi   ,Iiislncdi   ,Un classified
531328,Ideal Optics,Ideal Optics,Personal Care
532024,R.B. Gupta  ,R.B. Gupta  ,Financial Services
531013,Sun Granite ,Sun Granite ,Mining
533540,Tree House  ,Tree House  ,Others
526187,Ashram Onlin,Ashram Onlin,HealthcareandHospitals
934809,Drreddyncd  ,Drreddyncd  ,Un classified
533398,Muthoot Fin ,Muthoot Fin ,Financial Services
961698,Jyotistwarr ,Jyotistwarr ,Un classified
530171,Daulat Sec. ,Daulat Sec. ,Financial Services
945864,Barclays31  ,Barclays31  ,Un classified
531713,Bluechip Sto,Bluechip Sto,Un classified
972574,Ifcisr53    ,Ifcisr53    ,Un classified
533407,Cil Nova    ,Cil Nova    ,Textile
946507,Barclays115 ,Barclays115 ,Un classified
533343,Lovable     ,Lovable     ,Textile
533329,Ind Terrain ,Ind Terrain ,Textile
946852,Ail25sep10  ,Ail25sep10  ,Un classified
961704,Sbibivnr    ,Sbibivnr    ,Un classified
533330,Acropet Tec ,Acropet Tec ,IT
946088,Edel19feb9g ,Edel19feb9g ,Un classified
533400,Future Vent ,Future Vent ,Financial Services
947121,Crehpl14311 ,Crehpl14311 ,Un classified
533411,Sangh Forg  ,Sangh Forg  ,Engineering
533344,Ptcfin Ser  ,Ptcfin Ser  ,Financial Services
961701,Sbibiiir    ,Sbibiiir    ,Un classified
946962,Kmpl6dec10  ,Kmpl6dec10  ,Un classified
947531,Kmp25oct11d ,Kmp25oct11d ,Un classified
514113,Adhinath Tex,Adhinath Tex,Un classified
534659,Jointeca Ed ,Jointeca Ed ,Un classified
515097,Gee Gee Gran,Gee Gee Gran,Un classified
947608,Rohan260811 ,Rohan260811 ,Un classified
750522,Sun Parmalr ,Sun Parmalr ,Un classified
590129,Star Delta  ,Star Delta  ,Un classified
526671,P.L.Enterpri,P.L.Enterpri,Un classified
534458,Bslftpfmg   ,Bslftpfmg   ,Un classified
946391,Kmplsrn0906 ,Kmplsrn0906 ,Un classified
946258,Edelh2h904  ,Edelh2h904  ,Un classified
526269,Crestchem Lt,Crestchem Lt,Un classified
946236,Edelg2g906  ,Edelg2g906  ,Un classified
590131,Sreeleather ,Sreeleather ,Un classified
534755,Trio Mercan ,Trio Mercan ,Un classified
948290,Mfl20sep12  ,Mfl20sep12  ,Un classified
534756,Tara Jewels ,Tara Jewels ,Un classified
948081,Ecl29dec11b ,Ecl29dec11b ,Un classified
534741,Virtual Glo ,Virtual Glo ,Un classified
961751,736pfc2028  ,736pfc2028  ,Un classified
501630,Anandproj   ,Anandproj   ,Un classified
934863,Rfl17c      ,Rfl17c      ,Un classified
531227,Deco-Mica   ,Deco-Mica   ,Un classified
535503,Roselabs Ltd,Roselabs Ltd,Un classified
961769,686iifcl23  ,686iifcl23  ,Un classified
946585,Ecl24feb10  ,Ecl24feb10  ,Un classified
617326,Cmc Ltd     ,Cmc Ltd     ,Un classified
530487,Vibros Org. ,Vibros Org. ,Un classified
947504,Ecl29sep11g ,Ecl29sep11g ,Un classified
948315,Karvyb16    ,Karvyb16    ,Un classified
947453,Barclays256 ,Barclays256 ,Un classified
934807,Stf Ncd5 Ot ,Stf Ncd5 Ot ,Un classified
535566,Kifs Fsl    ,Kifs Fsl    ,Un classified
511082,Parasram Crd,Parasram Crd,Un classified
961761,697dci2023  ,697dci2023  ,Un classified
632951,Gss Infotech,Gss Infotech,Un classified
961759,688rec2023  ,688rec2023  ,Un classified
535514,Primecapm   ,Primecapm   ,Un classified
934883,11srei18iv  ,11srei18iv  ,Un classified
512017,Exdon Trad.N,Exdon Trad.N,Un classified
934880,1035srei16  ,1035srei16  ,Un classified
503689,Healthy Inv.,Healthy Inv.,Un classified
948367,Eclf5g202   ,Eclf5g202   ,Un classified
534785,Hdec566q24  ,Hdec566q24  ,Un classified
535601,Sreeleather ,Sreeleather ,Un classified
533618,Ktkfmp58g   ,Ktkfmp58g   ,Un classified
961757,688irfc2023 ,688irfc2023 ,Un classified
512381,Nivedita Mer,Nivedita Mer,Un classified
531689,Maharem     ,Maharem     ,Un classified
535694,Edsl        ,Edsl        ,Un classified
506975,Raj.Petro   ,Raj.Petro   ,Un classified
534469,Ipru1938    ,Ipru1938    ,Un classified
535693,Brahm Infra ,Brahm Infra ,Un classified
947294,Kmpl16jun11 ,Kmpl16jun11 ,Un classified
972692,Irfc8nov11a ,Irfc8nov11a ,Un classified
526677,Dsj Comm.Ltd,Dsj Comm.Ltd,Un classified
946703,Ecl28apr10  ,Ecl28apr10  ,Un classified
948150,Eclc3d201   ,Eclc3d201   ,Un classified
534717,Bslcpc11g   ,Bslcpc11g   ,Un classified
535719,Quest Softec,Quest Softec,Un classified
946938,Ecl15oct10  ,Ecl15oct10  ,Un classified
535730,Khoobsurat  ,Khoobsurat  ,Un classified
524458,Indoeuro    ,Indoeuro    ,Un classified
961768,682jnpt2023 ,682jnpt2023 ,Un classified
535754,Orient Cem  ,Orient Cem  ,Un classified
535755,Pantaloons  ,Pantaloons  ,Un classified
532083,Shri Kalyan ,Shri Kalyan ,Un classified
750558,Estbio Lr   ,Estbio Lr   ,Un classified
935308,Bluencdsr1  ,Bluencdsr1  ,Un classified
935309,Bluencdsr2  ,Bluencdsr2  ,Un classified
800151,716goi2023  ,716goi2023  ,Un classified
935310,Bluencdsr3  ,Bluencdsr3  ,Un classified
949662,Ecla5k301   ,Ecla5k301   ,Un classified
948528,Rcl7sep12h  ,Rcl7sep12h  ,Un classified
949540,1525ecl2014 ,1525ecl2014 ,Un classified
949142,Rcl02may13a ,Rcl02may13a ,Un classified
949645,Ecl18nov13  ,Ecl18nov13  ,Un classified
948530,Rcl7sep12j  ,Rcl7sep12j  ,Un classified
519064,Khandel. Ext,Khandel. Ext,Un classified
800199,635goi2020  ,635goi2020  ,Un classified
935214,0mfl2017a   ,0mfl2017a   ,Un classified
935264,1175kfl16a  ,1175kfl16a  ,Un classified
538812,Aanchalisp  ,Aanchalisp  ,Un classified
538817,Cappipes    ,Cappipes    ,Un classified
949578,Ecli4i319   ,Ecli4i319   ,Un classified
935204,1025mfl16   ,1025mfl16   ,Un classified
538833,Anubhav     ,Anubhav     ,Un classified
950073,Eclc5c402   ,Eclc5c402   ,Un classified
949413,Eclg6g303   ,Eclg6g303   ,Un classified
537372,Rfhxxv15g   ,Rfhxxv15g   ,Un classified
590134,Madrasfert  ,Madrasfert  ,Un classified
537673,Rfhxxv25g   ,Rfhxxv25g   ,Un classified
538634,Vrl         ,Vrl         ,Un classified
948444,Karvya08    ,Karvya08    ,Un classified
538896,Kanchi      ,Kanchi      ,Un classified
935345,0mfl21      ,0mfl21      ,Un classified
536936,Ktkfmp127g  ,Ktkfmp127g  ,Un classified
538891,Siprojects  ,Siprojects  ,Un classified
533346,Ipru1064    ,Ipru1064    ,Un classified
935098,1025mfl19d  ,1025mfl19d  ,Un classified
948759,Rcl06nov12a ,Rcl06nov12a ,Un classified
935178,0kfl2015    ,0kfl2015    ,Un classified
935329,10mfl19     ,10mfl19     ,Un classified
948132,Eclb5b203   ,Eclb5b203   ,Un classified
935104,1075mfl19g  ,1075mfl19g  ,Un classified
935292,0srei19h    ,0srei19h    ,Un classified
949075,Eclc5e302   ,Eclc5e302   ,Un classified
715008,875ltfh16a  ,875ltfh16a  ,Un classified
935335,1025mfl19   ,1025mfl19   ,Un classified
715007,875ltfh16   ,875ltfh16   ,Un classified
948522,Rcl13aug12b ,Rcl13aug12b ,Un classified
935198,10mfl16     ,10mfl16     ,Un classified
972878,876ifci2029 ,876ifci2029 ,Un classified
715010,850ltfh17   ,850ltfh17   ,Un classified
935242,1025mfl15a  ,1025mfl15a  ,Un classified
935256,105mfl15h   ,105mfl15h   ,Un classified
935194,1265dsk2020 ,1265dsk2020 ,Un classified
948156,1375pll17c  ,1375pll17c  ,Un classified
949485,17ecl2014   ,17ecl2014   ,Un classified
935158,1175mfl16a  ,1175mfl16a  ,Un classified
538788,Giladafins  ,Giladafins  ,Un classified
538787,Gbfl        ,Gbfl        ,Un classified
538786,Cil         ,Cil         ,Un classified
949481,Rcl04sep13c ,Rcl04sep13c ,Un classified
538649,Ipru2488    ,Ipru2488    ,Un classified
935323,0ifci24g    ,0ifci24g    ,Un classified
935054,12kfl15     ,12kfl15     ,Un classified
538868,Csl         ,Csl         ,Un classified
538874,Nexuscommo  ,Nexuscommo  ,Un classified
949633,Ecl6nov13c  ,Ecl6nov13c  ,Un classified
935280,0srei16b    ,0srei16b    ,Un classified
538952,Alfl        ,Alfl        ,Un classified
530675,York Exports,York Exports,Un classified
949634,Ecl6nov11d  ,Ecl6nov11d  ,Un classified
536281,Bslftphsdg  ,Bslftphsdg  ,Un classified
539013,Gitarenew   ,Gitarenew   ,Un classified
539017,Ashfl       ,Ashfl       ,Un classified
948255,Rcl14may15d ,Rcl14may15d ,Un classified
935355,10ecl18     ,10ecl18     ,Un classified
538957,Licnfr3g    ,Licnfr3g    ,Un classified
538894,Octal       ,Octal       ,Un classified
539026,Sspnfin     ,Sspnfin     ,Un classified
538809,D3yrceerdp  ,D3yrceerdp  ,Un classified
502330,ANDHRA PAPER,Andhra Paper (Bse Code: 502330 ),Paper
526594,B NANJI ENT.,B NANJI ENTR (BSE code:526594)   ,Real Estate
530615,GARG FURNACE,Garg Furnace Ltd(NDA) (BSE code:530615)   ,Steel
522219,HYDERFLEXTC ,HYDERBD FLEX (BSE code:522219)   ,Others
532640,CYBER MEDIA ,Cyber Media India Ltd. (BSE code:532640)   ,Media and Entertainment
500220,JASCH INDUST,Jasch Indust (Bse Code: 500220 ),Petro Chemicals
530219,Shreeyash   ,Shreeyash   ,Textile
934803,Stf Ncd4 Ur ,Stf Ncd4 Ur ,Un classified
532654,MCLEOD RUSSE,McLeod Russel India Limited (BSE code:532654)   ,Agricultural Related
506642,SADHANA NITR,Sadhana Nitr (Bse Code: 506642 ),Chemicals
532390,TAJ GVK HOTL,Taj GVK Hotels & Resorts Limited (BSE code:532390)   ,Tourism and Hotels
531454,POLYLINK POL,POLY POL (I) (BSE code:531454)   ,Plastic Processing
533301,Shekhawati  ,Shekhawati  ,Textile
533302,Kalyani Inv ,Kalyani Inv ,Financial Services
511110,V.B.DESAI   ,V.B.Desai    (Bse Code: 511110 ),Financial Services
532116,XO INFOTECH ,XO INFOTEC L (BSE code:532116)   ,Engineering
531080,SHRI KRISH  ,SHRI KRISH (BSE code:531080)   ,Financial Services
506685,ULTRAMARINE ,Ultramarine  (Bse Code: 506685 ),Chemicals
511377,MEHTA I.FIN ,Mehta I.Fin  (Bse Code: 511377 ),Financial Services
530621,AKAR TOOLS L,AKAR TOOLS L (BSE code:530621)   ,Engineering
500034,BAJAJ AUTO F,Bajaj Auto F (Bse Code: 500034 ),Financial Services
514167,GANESH POLY.,GANESH POLYT (BSE code:514167)   ,Textile
532894,IWIND ENERGY,Indowind Energy Limited (BSE code:532894)   ,Power
523708,EIMCO ELECON,Eimco Elecon Ltd. (BSE code:523708)   ,Engineering
526666,BHARTIYA INT,Bhartiya International Ltd(NDA) (BSE code:526666)   ,Fashion and personal items
512424,MTZ POLYFILM,MTZ Polyfilms Ltd. (BSE code:512424)   ,Textile
526662,RAJDARSHAN  ,RAJDARSHA IN (BSE code:526662)   ,Others
512587,ZODIAC JRD  ,Zodiac JRD MKJ Ltd(NDA) (BSE code:512587)   ,Others
513117,AMFORGE IND.,Amforge Industries Limited (BSE code:513117)   ,Engineering
513179,NAT STL AGRO,National Steel and Agro Industries Ltd. (BSE code:513179)   ,Steel
513511,PANCH.STEEL ,Panchmahal Steel Ltd. (BSE code:513511)   ,Steel
513693,KIC METALIKS,KIC Metaliks Ltd (BSE code:513693)   ,Engineering
514215,BINNY LTD.  ,BINNY LTD. (BSE code:514215)   ,Textile
514324,OMNITEX IND.,Omnitex Industries (I) Ltd(NDA) (BSE code:514324)   ,Textile
515030,ASAHI IN.GLA,Asahi India Glass Limited (BSE code:515030)   ,Glass
516016,SHREYANS IND,Shreyans Industries Limited (BSE code:516016)   ,Textile
517146,USHA MART.LT,Usha Martin Limited (BSE code:517146)   ,Engineering
517296,HALONIX     ,Halonix Ltd. (BSE code:517296)   ,Auto Ancillaries
517437,DUTRON POLY.,Dutron Polymers Ltd(NDA) (BSE code:517437)   ,Plastic Processing
517973,DMC INTER   ,DMC International Ltd(NDA) (BSE code:517973)   ,Others
519281,AGRO DUTCH I,Agro Dutch Industries Ltd(NDA) (BSE code:519281)   ,Food Processing
520043,MUNJAL SHOWA,Munjal Showa Limited (BSE code:520043)   ,Auto Ancillaries
533385,N100        ,N100        ,Financial Services
690003,Karur Vy(Ps ,Karur Vy(Ps ,Un classified
972575,Ifcisr54    ,Ifcisr54    ,Un classified
509110,Ari Consolid,Ari Consolid,Financial Services
533340,Scpofii     ,Scpofii     ,Un classified
533339,Zen Tech    ,Zen Tech    ,Others
533333,Fineotex  Ch,Fineotex  Ch,Chemicals
533389,Shilpi Cable,Shilpi Cable,Telecom
532402,V & K Softec,V & K Softec,IT
590119,Axisgold    ,Axisgold    ,Un classified
532217,Siel Financl,Siel Financl,Financial Services
512399,Kapashi Comm,Kapashi Comm,Others
533334,Tfmp03b     ,Tfmp03b     ,Un classified
890137,Tulsyan Nec ,Tulsyan Nec ,Un classified
514280,Sanrhea Tech,Sanrhea Tech,Textile
533332,Sudar Garm  ,Sudar Garm  ,Textile
961703,Sbibivr     ,Sbibivr     ,Un classified
531196,Gagan Polyco,Gagan Polyco,Textile
531055,Gflfin      ,Gflfin      ,Financial Services
505343,Monotype Ind,Monotype Ind,Others
945789,Ecl15jul08  ,Ecl15jul08  ,Un classified
750496,Karbanklr   ,Karbanklr   ,Un classified
750500,Sbbjlr      ,Sbbjlr      ,Un classified
533336,Dhuninv     ,Dhuninv     ,Financial Services
503659,Sunwealth   ,Sunwealth   ,Financial Services
533393,Tci Develp  ,Tci Develp  ,Real Estate
530251,Govindji Tri,Govindji Tri,Textile
533401,Servalakshmi,Servalakshmi,Paper
533102,Srf Limited*,Srf Limited*,Un classified
972340,Nabardsr2d1 ,Nabardsr2d1 ,Un classified
509835,Premier Syn.,Premier Syn.,Textile
505678,C.P.E.C.Ltd ,C.P.E.C.Ltd ,Un classified
526570,Nova Granite,Nova Granite,Mining
531160,Arcadia Merc,Arcadia Merc,Financial Services
533399,Paramount Pr,Paramount Pr,Packaging
512417,Sharp Trad  ,Sharp Trad  ,Others
961702,Sbibiiinr   ,Sbibiiinr   ,Un classified
750498,Cbilr       ,Cbilr       ,Un classified
945691,Ecl30       ,Ecl30       ,Un classified
531509,Step Two Cor,Step Two Cor,Others
533444,Timbor Home ,Timbor Home ,Others
512397,Ratan Gli   ,Ratan Gli   ,Others
532029,Bhandari Con,Bhandari Con,Un classified
934833,Mfinncd1e   ,Mfinncd1e   ,Un classified
511391,Inter Glob F,Inter Glob F,Financial Services
513430,Parth Alum. ,Parth Alum. ,Non Ferrous Metals
519606,Integ.Proein,Integ.Proein,Un classified
531109,Ishan Dyes  ,Ishan Dyes  ,Dye Material
514177,Rishabh Yarn,Rishabh Yarn,Textile
530055,Harmony Cap.,Harmony Cap.,Financial Services
531293,Pramada Finv,Pramada Finv,Un classified
531737,Marigold Gla,Marigold Gla,Un classified
972487,Nabard11008 ,Nabard11008 ,Un classified
961725,Mfinncd2c   ,Mfinncd2c   ,Un classified
531192,Assoc.Finlea,Assoc.Finlea,Financial Services
961724,Mfinncd2b   ,Mfinncd2b   ,Un classified
961715,Pfcbt1s1    ,Pfcbt1s1    ,Un classified
946003,Kmilsrviii  ,Kmilsrviii  ,Un classified
934827,Mflncd2     ,Mflncd2     ,Un classified
532172,Color Chips ,Color Chips ,IT
972662,Ifci310111c ,Ifci310111c ,Un classified
946235,Edelf2g905  ,Edelf2g905  ,Un classified
534064,Aiml        ,Aiml        ,Steel
508900,Zen Capital ,Zen Capital ,Financial Services
961734,Hudco050327 ,Hudco050327 ,Un classified
503092,Pasupati Spg,Pasupati Spg,Un classified
934878,Srei19e     ,Srei19e     ,Un classified
934884,Srei2016v   ,Srei2016v   ,Un classified
934887,980stfc18   ,980stfc18   ,Un classified
934889,0stfc16     ,0stfc16     ,Un classified
514440,E-Wha Foam(I,E-Wha Foam(I,Plastic Processing
534618,Sangam Adv  ,Sangam Adv  ,Un classified
512311,Surabhi Chem,Surabhi Chem,Un classified
534615,Necc Ltd    ,Necc Ltd    ,Un classified
534623,Jupiter Info,Jupiter Info,Un classified
972688,Ifci311011a ,Ifci311011a ,Un classified
534639,Vinayak Pol ,Vinayak Pol ,Un classified
948168,12lmpipl15  ,12lmpipl15  ,Un classified
531825,Rcc Cements ,Rcc Cements ,Un classified
972689,Ifci311011b ,Ifci311011b ,Un classified
947366,Ecl24jun11  ,Ecl24jun11  ,Un classified
934868,Rfl18h      ,Rfl18h      ,Un classified
533808,Smfcp45g    ,Smfcp45g    ,Un classified
534708,Rcl Retail  ,Rcl Retail  ,Un classified
519415,Kmgmilk     ,Kmgmilk     ,Un classified
946231,Edelf2g901  ,Edelf2g901  ,Un classified
934872,1200mfl17   ,1200mfl17   ,Un classified
517080,Highground  ,Highground  ,Un classified
503863,Shree Mfg Co,Shree Mfg Co,Un classified
533965,Hjn4631q20  ,Hjn4631q20  ,Un classified
948699,65scspl15a  ,65scspl15a  ,Un classified
947461,Ecl24aug11g ,Ecl24aug11g ,Un classified
947559,Rcl13oct11d ,Rcl13oct11d ,Un classified
934845,975tcfs14   ,975tcfs14   ,Un classified
948564,15emaar2015 ,15emaar2015 ,Un classified
534976,Vmart       ,Vmart       ,Un classified
946476,Barclays112 ,Barclays112 ,Un classified
946986,Ecl06dec10  ,Ecl06dec10  ,Un classified
946995,Kmpl16dec10 ,Kmpl16dec10 ,Un classified
504345,Sam Leas Pu ,Sam Leas Pu ,Un classified
534176,Tfmp43b     ,Tfmp43b     ,Un classified
533685,Tfmp22b     ,Tfmp22b     ,Un classified
632648,Yes Bank    ,Yes Bank    ,Un classified
948165,Eclf3d201   ,Eclf3d201   ,Un classified
505585,Kovalin Inv ,Kovalin Inv ,Un classified
533956,Ipru1869    ,Ipru1869    ,Un classified
526075,Rekvina Lab.,Rekvina Lab.,Un classified
526833,Ananthi Cons,Ananthi Cons,Un classified
949394,12phoenix16 ,12phoenix16 ,Un classified
961771,708iifcl33  ,708iifcl33  ,Un classified
934886,965stfc16   ,965stfc16   ,Un classified
934888,940stfc18   ,940stfc18   ,Un classified
948323,Karvyb20    ,Karvyb20    ,Un classified
530213,Fortune Int.,Fortune Int.,Un classified
507917,Eastbuild   ,Eastbuild   ,Un classified
632531,Strides     ,Strides     ,Un classified
632215,Axis Bank   ,Axis Bank   ,Un classified
600469,Federal Bank,Federal Bank,Un classified
750539,Asahilr     ,Asahilr     ,Un classified
961770,702iifcl28  ,702iifcl28  ,Un classified
961762,701epl2023  ,701epl2023  ,Un classified
501831,Coast Corp  ,Coast Corp  ,Un classified
524588,Emedtech    ,Emedtech    ,Un classified
947319,Barclays235 ,Barclays235 ,Un classified
947385,Barclays249 ,Barclays249 ,Un classified
948175,Ecli2e201   ,Ecli2e201   ,Un classified
632659,Idfc        ,Idfc        ,Un classified
536073,Silinfra    ,Silinfra    ,Un classified
511463,Rudraksh    ,Rudraksh    ,Un classified
536128,Vkjinfra    ,Vkjinfra    ,Un classified
511634,Dugar Hou   ,Dugar Hou   ,Un classified
948171,Ecli2e202   ,Ecli2e202   ,Un classified
536170,Kushal      ,Kushal      ,Un classified
505807,Rolcon Engg.,Rolcon Engg.,Un classified
539040,Ttil        ,Ttil        ,Un classified
539042,Agiil       ,Agiil       ,Un classified
539031,Setfbse100  ,Setfbse100  ,Un classified
539032,Fraser      ,Fraser      ,Un classified
539041,Mahabir     ,Mahabir     ,Un classified
539056,Adlabs      ,Adlabs      ,Un classified
539113,Pml         ,Pml         ,Un classified
539116,Opchains    ,Opchains    ,Un classified
539010,Smadl       ,Smadl       ,Un classified
935349,0ifci20     ,0ifci20     ,Un classified
539110,Northlink   ,Northlink   ,Un classified
950459,880pfc25    ,880pfc25    ,Un classified
512441,Enbee Tradg.,Enbee Tradg.,Un classified
539115,Alan Scott  ,Alan Scott  ,Un classified
951949,879irfc2030 ,879irfc2030 ,Un classified
632899,Kaveri Seed ,Kaveri Seed ,Un classified
949986,Rcl18mar14a ,Rcl18mar14a ,Un classified
935186,0kfl2017    ,0kfl2017    ,Un classified
539114,Hindsecr    ,Hindsecr    ,Un classified
950004,Ecld7c403   ,Ecld7c403   ,Un classified
539120,Bffl        ,Bffl        ,Un classified
539121,Palco       ,Palco       ,Un classified
539123,Vbind       ,Vbind       ,Un classified
538970,Manvijay    ,Manvijay    ,Un classified
949670,Rcl27nov13b ,Rcl27nov13b ,Un classified
539122,Bodhtree    ,Bodhtree    ,Un classified
504387,Elf Trading ,Elf Trading ,Un classified
539126,Mep         ,Mep         ,Un classified
539131,Cllimited   ,Cllimited   ,Un classified
935415,950mfl17a   ,950mfl17a   ,Un classified
935417,975mfl18b   ,975mfl18b   ,Un classified
530179,Rsc Int     ,Rsc Int     ,Un classified
539141,Ufo         ,Ufo         ,Un classified
534709,Bslftpfzg   ,Bslftpfzg   ,Un classified
948131,Ecla5b201   ,Ecla5b201   ,Un classified
935405,1175mmfl18c ,1175mmfl18c ,Un classified
536660,Bslftpilrg  ,Bslftpilrg  ,Un classified
951666,Iob4feb15   ,Iob4feb15   ,Un classified
948946,Eclb5e301   ,Eclb5e301   ,Un classified
935369,0kfl16b     ,0kfl16b     ,Un classified
539150,Pncinfra    ,Pncinfra    ,Un classified
950333,0gipl2015a  ,0gipl2015a  ,Un classified
539143,Sbcl        ,Sbcl        ,Un classified
948968,Eclb5c301   ,Eclb5c301   ,Un classified
935166,0mmfl2015   ,0mmfl2015   ,Un classified
535843,Axishyd5gp  ,Axishyd5gp  ,Un classified
950473,885pfc30    ,885pfc30    ,Un classified
538684,Encash      ,Encash      ,Un classified
948476,Eclg4h201   ,Eclg4h201   ,Un classified
935210,0mfl2015b   ,0mfl2015b   ,Un classified
532070,Superb Paper,Superb Paper,Un classified
538686,Partani     ,Partani     ,Un classified
538716,Aryacapm    ,Aryacapm    ,Un classified
935064,1350kfl17   ,1350kfl17   ,Un classified
526683,Hotel Rugby ,Hotel Rugby ,Un classified
935150,1175mfl16   ,1175mfl16   ,Un classified
935232,0mfl2017g   ,0mfl2017g   ,Un classified
531813,Gangapapers ,Gangapapers ,Un classified
935244,11mfl16b    ,11mfl16b    ,Un classified
935290,1125srei19g ,1125srei19g ,Un classified
517286,Autopal Ind.,Autopal Ind.,Un classified
935288,1072srei19f ,1072srei19f ,Un classified
935160,12mfl17a    ,12mfl17a    ,Un classified
538771,Pincon      ,Pincon      ,Un classified
935302,12mfl2020e  ,12mfl2020e  ,Un classified
949288,Rcl19jun13a ,Rcl19jun13a ,Un classified
972633,Nabard1111  ,Nabard1111  ,Un classified
750559,Channinelr  ,Channinelr  ,Un classified
600690,Guj.St.Fert ,Guj.St.Fert ,Un classified
935260,1175mfl17j  ,1175mfl17j  ,Un classified
972357,Nabardbnb2e ,Nabardbnb2e ,Un classified
972397,Nabard01038 ,Nabard01038 ,Un classified
538861,Amsons      ,Amsons      ,Un classified
935337,0mfl16a     ,0mfl16a     ,Un classified
935343,0mfl19a     ,0mfl19a     ,Un classified
521056,CHESLIND TEX,Cheslind Textiles Limited (BSE code:521056)   ,Textile
521151,DHANLXMI FAB,Dhanlaxmi Fabrics Ltd (BSE code:521151)   ,Textile
521236,SRI GANAPATH,Sri Ganapathy Mills Co Ltd(NDA) (BSE code:521236)   ,Textile
522105,BIRLA PRETEC,Birla Precision Technologies Ltd (BSE code:522105)   ,Engineering
522241,M.M.FORGINGS,MM Forgings Limited (BSE code:522241)   ,Engineering
522650,BEMCO HYDRAU,BEMCO HYDRAU (BSE code:522650)   ,Engineering
523260,PEARL POLYME,Pearl Polymers Ltd(NDA) (BSE code:523260)   ,Packaging
523398,HITACHI HOME,Hitachi Home & Life Solutions India Ltd. (BSE code:523398)   ,Consumer Durables
523483,PACIFIC IND.,PACIFIC INDU (BSE code:523483)   ,Mining
523558,NETWORK LTD.,Network Ltd (India) Ltd. (BSE code:523558)   ,Others
533303,Bf Invest   ,Bf Invest   ,Financial Services
533231,Tftf1b      ,Tftf1b      ,Un classified
523828,MENON BEAR. ,Menon Bearings Ltd(NDA) (BSE code:523828)   ,Auto Ancillaries
524084,MONSANTO (I),Monsanto India Limited (BSE code:524084)   ,Agricultural Related
524332,BHATINDA CH.,Bhatinda Chemicals Ltd. (BSE code:524332)   ,Food Processing
524470,SYNCOM FORM.,Syncom Formulations India Ltd(NDA) (BSE code:524470)   ,Pharmaceuticals
524628,PARKER AGRO.,PARKER AGROC(BSE INDONEXT) (BSE code:524628)   ,Food Processing
524742,CAPLIN POINT,Caplin Point Laboratories Ltd(NDA) (BSE code:524742)   ,Pharmaceuticals
524788,ELDER PROJ. ,ELDER PROJEC (BSE code:524788)   ,Pharmaceuticals
526015,KEMROCK IND.,Kemrock Industries & Exports Ltd. (BSE code:526015)   ,Plastic Processing
526179,LUDOLOW JUTE,Ludlow Jute & Specialities Ltd (BSE code:526179)   ,Textile
526423,KRITI INDUS.,Kriti Agro and Plastics Ind Ltd(NDA) (BSE code:526423)   ,Diversified
526560,ENGLISH I.CL,English Indian Clays Limited (BSE code:526560)   ,Mining
526703,ECOPLAST LTD,ECOPLAST LTD(BSE INDONEXT) (BSE code:526703)   ,Packaging
526775,VALIANT COMM,Valiant Communications Ltd. (BSE code:526775)   ,Telecom
526885,SARLA PER F ,Sarla Performance Fibers Ltd. (BSE code:526885)   ,Textile
532382,BALAJI TELE.,Balaji Telefilms Limited (BSE code:532382)   ,Media and Entertainment
504959,STOVAC IND. ,Stovac Ind.  (Bse Code: 504959 ),Engineering
530595,TELECANOR   ,TELECANOR (BSE code:530595)   ,IT
500358,RAMA PETRO  ,Rama Petro   (Bse Code: 500358 ),Petro Chemicals
512217,WOOLITE MERC,WOOLITE MERC (BSE code:512217)   ,Others
513709,SHILP GRAVUR,Shilp Gravures Ltd(NDA) (BSE code:513709)   ,Others
502281,TRIVENI GLAS,Triveni Glas (Bse Code: 502281 ),Glass
945755,RANKINVSR09 ,Rankinvsr09  (Bse Code: 945755 ),Un classified
972398,Nabard1apr8  (Bse Code: 972398 ),Nabard1apr8  (Bse Code: 972398 ),Un classified
945827,Kotaksec11   (Bse Code: 945827 ),Kotaksec11   (Bse Code: 945827 ),Un classified
531259,LASER DOT   ,Laser Dot    (Bse Code: 531259 ),Media and Entertainment
531141,Sri Jayalaks (Bse Code: 531141 ),Sri Jayalaks (Bse Code: 531141 ),Un classified
532325,VITAL COMM. ,Vital Comm.  (Bse Code: 532325 ),Un classified
519491,OCEAN AGRO  ,Ocean Agro   (Bse Code: 519491 ),Agricultural Related
506540,KUTCH SALT  ,Kutch Salt   (Bse Code: 506540 ),Un classified
505302,Laxmi Autolm,Laxmi Autolm,Engineering
534139,Schneider   ,Schneider   ,Engineering
961733,Hudco050322 ,Hudco050322 ,Un classified
534026,Kirloskar*  ,Kirloskar*  ,Un classified
519463,Ib Infotech ,Ib Infotech ,Food Processing
972387,Nabard2j3   ,Nabard2j3   ,Un classified
972609,Ifci150910b ,Ifci150910b ,Un classified
508571,Cochin Mala ,Cochin Mala ,Agricultural Related
533912,Bslftpedg   ,Bslftpedg   ,Un classified
590124,Runeecha    ,Runeecha    ,Textile
961722,Ltinf9122ii ,Ltinf9122ii ,Un classified
533859,Axisft17qd  ,Axisft17qd  ,Un classified
513630,Rajesh Malle,Rajesh Malle,Others
534335,Hap370g211  ,Hap370g211  ,Un classified
961737,870lnt22a   ,870lnt22a   ,Un classified
531910,Toheal Pharm,Toheal Pharm,Pharmaceuticals
590126,Gradiente   ,Gradiente   ,Media and Entertainment
531553,Arihant Aven,Arihant Aven,Financial Services
505693,Drillco Met.,Drillco Met.,Engineering
534532,Lypsa Gems  ,Lypsa Gems  ,Un classified
946242,Hdfcncd2012 ,Hdfcncd2012 ,Un classified
507486,Caprola.Chem,Caprola.Chem,Chemicals
531918,Hind.Applian,Hind.Applian,Consumer Durables
526510,SHAKTI MET-D,Shakti Met-Dor Ltd(NDA) (BSE code:526510)   ,Others
521127,KHATOR FIBRE,KHATOR FIBRE (BSE code:521127)   ,Textile
523728,SIDDHARTH TB,SIDHARTH TUB (BSE code:523728)   ,Steel
500470,TATA STEEL  ,Tata Steel   (Bse Code: 500470 ),Steel
520075,SAMKRG PIST.,Samkrg Pistons And Rings Ltd (BSE code:520075)   ,Auto Ancillaries
531413,KIRAN PRINT ,KIRAN PRIN P (BSE code:531413)   ,Others
523876,JYOTI OVER. ,JYOTI OVERSE (BSE code:523876)   ,Textile
524230,RASHTR.CHEM.,Rashtriya Chemicals & Fertilizers Ltd (BSE code:524230)   ,Agricultural Related
519105,AVT NATURAL ,AVT Natural Products Ltd (BSE code:519105)   ,Food Processing
513460,MAHALAXMI SM,Mahalaxmi Seamless Ltd(NDA) (BSE code:513460)   ,Steel
531426,TAMIL.NEWSPR,Tamil Nadu Newsprint & Papers Limited (BSE code:531426)   ,Paper
531680,MAYUR LEATHR,Mayur Leather Products Ltd (BSE code:531680)   ,Fashion and personal items
533655,Triveniturb ,Triveniturb ,Retail
590121,Pilani Inv  ,Pilani Inv  ,Financial Services
533307,Ktkfmp32g   ,Ktkfmp32g   ,Un classified
531357,Mercury Meta,Mercury Meta,Steel
530561,Psglobal    ,Psglobal    ,Tourism and Hotels
531479,Global Land ,Global Land ,Financial Services
934820,Scfncd1oth  ,Scfncd1oth  ,Un classified
531153,Yatish Secur,Yatish Secur,Financial Services
511638,Madhur Cap. ,Madhur Cap. ,Financial Services
530917,R.R.Secur.  ,R.R.Secur.  ,Financial Services
513359,Pacheli Ent ,Pacheli Ent ,Financial Services
526628,Ajwa Fun Wor,Ajwa Fun Wor,Tourism and Hotels
946430,Barclays109 ,Barclays109 ,Un classified
530161,Garodia Chem,Garodia Chem,Chemicals
530909,Erp Soft Sys,Erp Soft Sys,IT
961720,Idfcbd1sr2  ,Idfcbd1sr2  ,Un classified
533888,Rel Bank Etf,Rel Bank Etf,Financial Services
533891,Rel Gold Etf,Rel Gold Etf,Financial Services
947300,Ecl27may11f ,Ecl27may11f ,Un classified
531211,Wellness    ,Wellness    ,Financial Services
506122,Pankaj Piyus,Pankaj Piyus,Others
511139,Bajrang Fin.,Bajrang Fin.,Un classified
534812,Hdc370g223  ,Hdc370g223  ,Un classified
948506,Rcl29jun12a ,Rcl29jun12a ,Un classified
948174,Ecle3e201   ,Ecle3e201   ,Un classified
948525,Rcl20jul12e ,Rcl20jul12e ,Un classified
534718,Hoct370g22  ,Hoct370g22  ,Un classified
522279,Satelite Eng,Satelite Eng,Un classified
536264,Tiger Logs  ,Tiger Logs  ,Un classified
504360,Remi Sales  ,Remi Sales  ,Un classified
523896,Avi Photochm,Avi Photochm,Un classified
947297,Ecl31may11c ,Ecl31may11c ,Un classified
961791,879nhpc28   ,879nhpc28   ,Un classified
961798,875iifcl33  ,875iifcl33  ,Un classified
536806,Ipru2192    ,Ipru2192    ,Un classified
961807,866ntpc33   ,866ntpc33   ,Un classified
934893,1150mfl18   ,1150mfl18   ,Un classified
948599,Eclj3k202   ,Eclj3k202   ,Un classified
961781,814hudco23  ,814hudco23  ,Un classified
961801,867pfc33    ,867pfc33    ,Un classified
934935,1075scuf19i ,1075scuf19i ,Un classified
961797,850iifcl33  ,850iifcl33  ,Un classified
537254,Rci Ind     ,Rci Ind     ,Un classified
934943,0mfl16d     ,0mfl16d     ,Un classified
934928,0mfl2015h   ,0mfl2015h   ,Un classified
535320,Bslrges1rg  ,Bslrges1rg  ,Un classified
947138,Ecl4feb11   ,Ecl4feb11   ,Un classified
934835,Rflncdo1c1  ,Rflncdo1c1  ,Un classified
537536,Denis Chem  ,Denis Chem  ,Un classified
526799,Union Qualit,Union Qualit,Un classified
506087,Anup Maliabl,Anup Maliabl,Un classified
961837,841ireda24  ,841ireda24  ,Un classified
948905,Eclb4d301   ,Eclb4d301   ,Un classified
538273,Respons Inf ,Respons Inf ,Un classified
715004,Ilfs1606pfa ,Ilfs1606pfa ,Un classified
534924,Bslftpgirg  ,Bslftpgirg  ,Un classified
634976,Vmart       ,Vmart       ,Un classified
948610,Eclj5k202   ,Eclj5k202   ,Un classified
538319,Gcm Capi    ,Gcm Capi    ,Un classified
538365,Adhunikind  ,Adhunikind  ,Un classified
538364,Bcpal       ,Bcpal       ,Un classified
613228,Pennar Steel,Pennar Steel,Un classified
961889,855iifcl29  ,855iifcl29  ,Un classified
934937,1075scuf18k ,1075scuf18k ,Un classified
538446,Dhanukacom  ,Dhanukacom  ,Un classified
538402,Sps         ,Sps         ,Un classified
935078,1200srei19  ,1200srei19  ,Un classified
538432,Divinus     ,Divinus     ,Un classified
513548,Sharda Ispat,Sharda Ispat,Un classified
935068,1140srei17a ,1140srei17a ,Un classified
948260,Rcl11jun14g ,Rcl11jun14g ,Un classified
538423,Alps Motor  ,Alps Motor  ,Un classified
935000,1075mfl16d  ,1075mfl16d  ,Un classified
538351,Afel        ,Afel        ,Un classified
935010,0mfl17i     ,0mfl17i     ,Un classified
961828,840irfc29   ,840irfc29   ,Un classified
538433,Classic     ,Classic     ,Un classified
538450,Dhyana Fin  ,Dhyana Fin  ,Un classified
538422,Jackson     ,Jackson     ,Un classified
538451,Worth Inv   ,Worth Inv   ,Un classified
935070,1200srei17  ,1200srei17  ,Un classified
947544,Bil14oct11a ,Bil14oct11a ,Un classified
800173,828goi2027  ,828goi2027  ,Un classified
949181,Eclg4d302   ,Eclg4d302   ,Un classified
935044,1075scuf17c ,1075scuf17c ,Un classified
949084,Eclb4c302   ,Eclb4c302   ,Un classified
538395,Nam Sec     ,Nam Sec     ,Un classified
533892,Ipru1855    ,Ipru1855    ,Un classified
715006,1599ilfs21  ,1599ilfs21  ,Un classified
949913,185irpl2017 ,185irpl2017 ,Un classified
934967,1125srei16b ,1125srei16b ,Un classified
949434,Eclh6k301   ,Eclh6k301   ,Un classified
538882, Emerald    , Emerald    ,Un classified
538881,Galadafin   ,Galadafin   ,Un classified
935266,0kfl2016b   ,0kfl2016b   ,Un classified
538890,Mkexim      ,Mkexim      ,Un classified
935325,10mfl16a    ,10mfl16a    ,Un classified
948020,Cre04jun12  ,Cre04jun12  ,Un classified
504273,Tumus Electr,Tumus Electr,Un classified
538633,Rcapbuilbg  ,Rcapbuilbg  ,Un classified
935331,1025mfl16c  ,1025mfl16c  ,Un classified
949507,Eclh5i301   ,Eclh5i301   ,Un classified
535299,Drgess01rg  ,Drgess01rg  ,Un classified
538961,Genuspaper  ,Genuspaper  ,Un classified
537771,H435m29rg1  ,H435m29rg1  ,Un classified
949407,0cleta2020a ,0cleta2020a ,Un classified
935004,1075mfl19f  ,1075mfl19f  ,Un classified
538720,Rcapbuilcg  ,Rcapbuilcg  ,Un classified
535314,Idr1adp     ,Idr1adp     ,Un classified
935216,0mfl2019a   ,0mfl2019a   ,Un classified
538962,Mindacorp   ,Mindacorp   ,Un classified
538965,Concord     ,Concord     ,Un classified
935341,0mfl17      ,0mfl17      ,Un classified
935208,105mfl19a   ,105mfl19a   ,Un classified
950546,880pfc19    ,880pfc19    ,Un classified
935363,1060ecl20   ,1060ecl20   ,Un classified
539009,Gbl         ,Gbl         ,Un classified
539008,Tirufin     ,Tirufin     ,Un classified
539011,Chenferro   ,Chenferro   ,Un classified
539015,Ortel       ,Ortel       ,Un classified
935365,0ecl20      ,0ecl20      ,Un classified
539014,Kalpacomme  ,Kalpacomme  ,Un classified
935371,115kfl2016c ,115kfl2016c ,Un classified
948782,Rcl17jan13  ,Rcl17jan13  ,Un classified
538709,Seofigr     ,Seofigr     ,Un classified
539175,Indraind    ,Indraind    ,Un classified
539176,Hawaeng     ,Hawaeng     ,Un classified
935298,1175mfl17c  ,1175mfl17c  ,Un classified
935423,10mfl18e    ,10mfl18e    ,Un classified
539091,Citl        ,Citl        ,Un classified
948302,Eclf5f201   ,Eclf5f201   ,Un classified
538719,Rcapbuilcd  ,Rcapbuilcd  ,Un classified
935373,0kfl2016d   ,0kfl2016d   ,Un classified
536810,Hcpo36morg  ,Hcpo36morg  ,Un classified
950303,Ecle6e402   ,Ecle6e402   ,Un classified
948959,Rcl08mar13  ,Rcl08mar13  ,Un classified
800220,795goi2032  ,795goi2032  ,Un classified
949089,Rcl08apr13d ,Rcl08apr13d ,Un classified
536022,H1846a27rg  ,H1846a27rg  ,Un classified
538646,Parnami     ,Parnami     ,Un classified
935172,0mmfl17     ,0mmfl17     ,Un classified
538647,Purshottam  ,Purshottam  ,Un classified
538685,Shemaroo    ,Shemaroo    ,Un classified
949437,Eclg4h301   ,Eclg4h301   ,Un classified
531735,Prism Financ,Prism Financ,Un classified
935220,0mfl15a     ,0mfl15a     ,Un classified
935228,115mfl17e   ,115mfl17e   ,Un classified
935200,105mfl17    ,105mfl17    ,Un classified
935230,1175mfl17f  ,1175mfl17f  ,Un classified
935240,0mfl2021k   ,0mfl2021k   ,Un classified
948700,65scspl15c  ,65scspl15c  ,Un classified
513498,South.Magnes,South.Magnes,Un classified
947454,Barclays258 ,Barclays258 ,Un classified
935250,115mfl16e   ,115mfl16e   ,Un classified
538772,M3global    ,M3global    ,Un classified
948518,Eclh4h203   ,Eclh4h203   ,Un classified
935294,115mfl16a   ,115mfl16a   ,Un classified
537866,Hrgessrg2   ,Hrgessrg2   ,Un classified
935296,0mfl2016b   ,0mfl2016b   ,Un classified
536898,Ipru2199    ,Ipru2199    ,Un classified
531699,Super Domest,Super Domest,Un classified
519367,Transgl.Food,Transgl.Food,Un classified
935272,0kfl2018e   ,0kfl2018e   ,Un classified
935286,0srei17e    ,0srei17e    ,Un classified
935311,980ifci19a  ,980ifci19a  ,Un classified
935319,0ifci21e    ,0ifci21e    ,Un classified
949571,Ecli4i305   ,Ecli4i305   ,Un classified
531919,MUDIT FINLEA,Mudit Finlea (Bse Code: 531919 ),Financial Services
512070,UNITED PHOSH,United Phosphorus Limited (BSE code:512070)   ,Agricultural Related
512267,MEDIA MATRIX,Media Matrix Worldwide Ltd(NDA) (BSE code:512267)   ,Financial Services
533122,INDIAB POWER,INDIAB POWER (BSE code:533122)   ,Power
511493,VCK CAPITAL ,VCK CAPI M S (BSE code:511493)   ,Financial Services
532722,NITCO TILES ,NITCO Limited (BSE code:532722)   ,Construction and Building Materials
526379,KONKAN TYRES,KONKAN TYRES (BSE code:526379)   ,Agricultural Related
532416,MID-DAY MULT,Mid-Day Multimedia Limited (BSE code:532416)   ,Media and Entertainment
946442,Edelj0j907  ,Edelj0j907  ,Un classified
501151,Kartik Inv  ,Kartik Inv  ,Financial Services
532259,APAR INDUS. ,Apar Industries Ltd. (BSE code:532259)   ,Engineering
532264,INDAGE RES  ,Indage Restaurants and Leisure Ltd (BSE code:532264)   ,Breweries and Distilleries
532283,KASHYAP TECH,Kaashyap Technologies Ltd (BSE code:532283)   ,IT
500133,ESAB INDIA  ,Esab India   (Bse Code: 500133 ),Engineering
500469,FEDERAL BANK,Federal Bank (Bse Code: 500469 ),Banks
533155,JUBL FOOD   ,Jubl Food    (Bse Code: 533155 ),Others
961684,GREENPLYWAR ,Greenplywar  (Bse Code: 961684 ),Un classified
526869,Kumbhat Fin.,Kumbhat Fin.,Financial Services
506615,Sun Asian   ,Sun Asian   ,Consumer Durables
946478,Sspl30nov09  (Bse Code: 946478 ),Sspl30nov09  (Bse Code: 946478 ),Un classified
523620,PHARMASIA   ,Pharmasia    (Bse Code: 523620 ),Pharmaceuticals
517393,VINTRON INF.,Vintron Inf. (Bse Code: 517393 ),IT
945833,BARCLAYS20  ,Barclays20   (Bse Code: 945833 ),Auto Ancillaries
507962,RAJATH FINAN,Rajath Finan (Bse Code: 507962 ),Financial Services
531126,VIRTUALSOFT.,Virtualsoft. (Bse Code: 531126 ),IT
517397,PAN ELECTR. ,Pan Electr.  (Bse Code: 517397 ),Consumer Durables
530795,SUNCITY SYNT,Suncity Synt (Bse Code: 530795 ),Textile
521054,KAKATIYA TEX,Kakatiya Tex (Bse Code: 521054 ),Textile
972399,NABARD01048 ,Nabard01048  (Bse Code: 972399 ),Un classified
532497,RADICOKHAIT ,Radico Khaitan Limited (BSE code:532497)   ,Fashion and personal items
532498,SHRMCITYUN  ,Shriram City Union Finance Limited (BSE code:532498)   ,Financial Services
532508,JSL         ,JSL Limited (BSE code:532508)   ,Steel
532511,EXCEL CROP. ,Excel Crop Care Limited (BSE code:532511)   ,Agricultural Related
532516,SURYA PHARMA,Surya Pharmaceutical Ltd (BSE code:532516),Pharmaceuticals
532767,GAYATRI PROJ,Gayatri Projects Limited (BSE code:532767)   ,Construction and Building Materials
532771,JHS SVEN    ,JHS Svendgaard Laboratories Limited (BSE code:532771)   ,Personal Care
532781,BLUEBIRD(I) ,Blue Bird (India) Limited (BSE code:532781)   ,Printing and stationary
532782,SUTLEJ TEXT ,Sutlej Textiles & Industries Ltd(NDA) (BSE code:532782)   ,Textile
532994,ARCHIDPLY IN,Archidply Industries Limited. (BSE code:532994)   ,Construction and Building Materials
532995,AVON CORP   ,Avon Weighing Systems Limited (BSE code:532995)   ,Engineering
530811,NETVISTA INF,NETVI INF TC (BSE code:530811)   ,IT
530815,REFNOL RESIN,REFNO RES CH (BSE code:530815)   ,Chemicals
523832,MUKAT PIPES ,Mukat Pipes Ltd (BSE code:523832)   ,Steel
531343,Indinfra    ,Indinfra    ,Construction and Building Materials
961723,Mfinncd2a   ,Mfinncd2a   ,Un classified
531664,Mahavir Impe,Mahavir Impe,Others
961726,Mfinncd2d   ,Mfinncd2d   ,Un classified
531911,Galaxy Agric,Galaxy Agric,Others
946527,Barclays122 ,Barclays122 ,Un classified
502216,Bomb.Potter.,Bomb.Potter.,Construction and Building Materials
509845,R.J.Shah    ,R.J.Shah    ,Construction and Building Materials
519319,Aashee      ,Aashee      ,IT
534060,Priti Merc  ,Priti Merc  ,Financial Services
534109,Bcb Finance ,Bcb Finance ,Financial Services
504390,Arun Varuntr,Arun Varuntr,Others
947143,Ecl25feb11  ,Ecl25feb11  ,Un classified
533966,Dsp0624mg   ,Dsp0624mg   ,Un classified
534000,Hjn846g20   ,Hjn846g20   ,Un classified
503816,Swad.Polytex,Swad.Polytex,Textile
521238,Sequel E-Rou,Sequel E-Rou,IT
961721,Ltinf90122i ,Ltinf90122i ,Un classified
972388,Nabard2j4   ,Nabard2j4   ,Un classified
506640,Gujchem Dist,Gujchem Dist,Chemicals
947212,Ecl30mar11c ,Ecl30mar11c ,Un classified
947406,Ecl13jul11c ,Ecl13jul11c ,Un classified
534338,Maxheights  ,Maxheights  ,Real Estate
946538,Kmpl22jan10 ,Kmpl22jan10 ,Un classified
947265,Ecl05apr11  ,Ecl05apr11  ,Un classified
512257,SV GEMS CORP,Swasti Vinayaka Gems Corporation (NDA) (BSE code:512257)   ,Others
531621,EZ-COMM TRA ,EZ-COMM TRAD (BSE code:531621)   ,Textile
511628,BRESCON CORP,Brescon Corporate Advisors Ltd (BSE code:511628)   ,Others
513544,MARDIA SAMYG,MARDI SAMY C (BSE code:513544)   ,Steel
526851,AREX IND.   ,AREX IND. (BSE code:526851)   ,Textile
507205,TILAKNAG IND,Tilaknag Ind (Bse Code: 507205 ),Breweries and Distilleries
523261,VENKEY'S (I),Venkey'S (I) (Bse Code: 523261 ),Food Processing
526141,COMPACT DISC,Compact Disc (India) Ltd (BSE code:526141)   ,Media and Entertainment
523672,FLEX FOODS  ,Flex Foods Ltd(NDA) (BSE code:523672)   ,Food Processing
504378,RAVINAY TRAD,Ravinay Trad (Bse Code: 504378 ),Others
500416,Titagr St    (Bse Code: 500416 ),Titagr St    (Bse Code: 500416 ),Steel
531198,VEDANT HOTEL,VEDANT HOTEL (BSE code:531198)   ,Tourism and Hotels
523836,GUJ.RAFFIA  ,Guj.Raffia   (Bse Code: 523836 ),Packaging
511742,CHOKHANI SEC,CHOKHANI SEC (BSE code:511742)   ,Financial Services
533638,Flexituff   ,Flexituff   ,Packaging
513153,Techtrek    ,Techtrek    ,Steel
531206,Kwality Cred,Kwality Cred,Financial Services
533639,Taksheel    ,Taksheel    ,IT
531592,Adi Rasayan ,Adi Rasayan ,Dye Material
530779,Dynamic Port,Dynamic Port,Financial Services
531246,Prima Ind.  ,Prima Ind.  ,Food Processing
501110,Sunrise Inv.,Sunrise Inv.,Steel
501111,Goldrock Inv,Goldrock Inv,Financial Services
512443,Ganon Trad  ,Ganon Trad  ,Financial Services
501351,Rapid Inves.,Rapid Inves.,Financial Services
509910,Southern Gas,Southern Gas,Chemicals
504370,Ardi Invest.,Ardi Invest.,Financial Services
504358,Turbo Tech  ,Turbo Tech  ,Others
509762,Mapro Ind.  ,Mapro Ind.  ,Chemicals
508969,Sulabh Eng. ,Sulabh Eng. ,Engineering
530689,Greenline Te,Greenline Te,Agricultural Related
537510,Axishyd9gp  ,Axishyd9gp  ,Un classified
947537,Ecl17oct11e ,Ecl17oct11e ,Un classified
935090,12ecl20ii   ,12ecl20ii   ,Un classified
934838,Rflncdo2c1  ,Rflncdo2c1  ,Un classified
935088,12ecl20i    ,12ecl20i    ,Un classified
934992,1343mmfl19  ,1343mmfl19  ,Un classified
935092,0ecl20iii   ,0ecl20iii   ,Un classified
538504,Cml         ,Cml         ,Un classified
538503,Marico Kayel,Marico Kayel,Un classified
935060,1300kfl15   ,1300kfl15   ,Un classified
935062,1300kfl17   ,1300kfl17   ,Un classified
538547,Oasis       ,Oasis       ,Un classified
961780,862rec33    ,862rec33    ,Un classified
534678,Dsp1136mg   ,Dsp1136mg   ,Un classified
536141,D12ms110dr  ,D12ms110dr  ,Un classified
600233,Kajaria Cer.,Kajaria Cer.,Un classified
537292,Agri Tech   ,Agri Tech   ,Un classified
949090,Rcl10apr13e ,Rcl10apr13e ,Un classified
537291,Nath Biogen ,Nath Biogen ,Un classified
961821,873iifcl29d ,873iifcl29d ,Un classified
961820,866iifcl24c ,866iifcl24c ,Un classified
800164,824goi2027  ,824goi2027  ,Un classified
949301,Ecle5g301   ,Ecle5g301   ,Un classified
934969,0srei2016d  ,0srei2016d  ,Un classified
538401,Maestros Ele,Maestros Ele,Un classified
523782,Dera Paints ,Dera Paints ,Un classified
949438,846rec2028  ,846rec2028  ,Un classified
524174,Kesar Petro ,Kesar Petro ,Un classified
948086,Ecl05dec11  ,Ecl05dec11  ,Un classified
949300,Ecle4e301   ,Ecle4e301   ,Un classified
538465,Amarsec     ,Amarsec     ,Un classified
935048,0scuf16     ,0scuf16     ,Un classified
600247,Kotak Bank  ,Kotak Bank  ,Un classified
538476,Ctl         ,Ctl         ,Un classified
935096,1075mfl17c  ,1075mfl17c  ,Un classified
949205,Ecld4d308   ,Ecld4d308   ,Un classified
538546,Bansal Roof ,Bansal Roof ,Un classified
949206,Eclh4e301   ,Eclh4e301   ,Un classified
950422,630irfc17   ,630irfc17   ,Un classified
533142,Fftf16bdm   ,Fftf16bdm   ,Un classified
949277,Rcl12jun13a ,Rcl12jun13a ,Un classified
935012,0mfl2019j   ,0mfl2019j   ,Un classified
935106,0mfl15h     ,0mfl15h     ,Un classified
935110,0mfl17j     ,0mfl17j     ,Un classified
538548,Vitanagro   ,Vitanagro   ,Un classified
935128,985stfc17   ,985stfc17   ,Un classified
935132,1015stfc21  ,1015stfc21  ,Un classified
935136,971stfc21   ,971stfc21   ,Un classified
935130,10stfc19    ,10stfc19    ,Un classified
538562,Skipper     ,Skipper     ,Un classified
538557,Saibaba     ,Saibaba     ,Un classified
935134,957stfc19   ,957stfc19   ,Un classified
961793,801iifcl23  ,801iifcl23  ,Un classified
947292,Kmpl09may11 ,Kmpl09may11 ,Un classified
538564,Jameswarren ,Jameswarren ,Un classified
935072,0srei17h    ,0srei17h    ,Un classified
535943,Ipru2120    ,Ipru2120    ,Un classified
935138,0stfc2017   ,0stfc2017   ,Un classified
935094,1025mfl16b  ,1025mfl16b  ,Un classified
538556,Arman       ,Arman       ,Un classified
538566,Potential   ,Potential   ,Un classified
635322,Repco Home  ,Repco Home  ,Un classified
538567,Gulfoil Lub ,Gulfoil Lub ,Un classified
949244,Karvyb33    ,Karvyb33    ,Un classified
535501,Idfceos1rd  ,Idfceos1rd  ,Un classified
535970,D12ms107rg  ,D12ms107rg  ,Un classified
935100,1075mfl16e  ,1075mfl16e  ,Un classified
535988,Bslftphjrg  ,Bslftphjrg  ,Un classified
934926,1125mfl18f  ,1125mfl18f  ,Un classified
633179,Persistent  ,Persistent  ,Un classified
538568,Frution     ,Frution     ,Un classified
949570,Ecli4i312   ,Ecli4i312   ,Un classified
948764,Rcl01oct12f ,Rcl01oct12f ,Un classified
961777,837rec33    ,837rec33    ,Un classified
538838,Icl         ,Icl         ,Un classified
935262,1225mfl20k  ,1225mfl20k  ,Un classified
538897,Shriniwas   ,Shriniwas   ,Un classified
500394,Solid Carbid,Solid Carbid,Un classified
538895,Mihika      ,Mihika      ,Un classified
949209,Rclindex15a ,Rclindex15a ,Un classified
538902,Dhun Teaind ,Dhun Teaind ,Un classified
934949,0mfl19j     ,0mfl19j     ,Un classified
538921,Rafl        ,Rafl        ,Un classified
538943,Sonal       ,Sonal       ,Un classified
538935,Abhifin     ,Abhifin     ,Un classified
537676,Axisft55dg  ,Axisft55dg  ,Un classified
537574,H441f29dg1  ,H441f29dg1  ,Un classified
537465,H453f29dg1  ,H453f29dg1  ,Un classified
935148,1125mfl19   ,1125mfl19   ,Un classified
537828,Ktkfmp145gd ,Ktkfmp145gd ,Un classified
537659,Rfxxv21dg   ,Rfxxv21dg   ,Un classified
537609,Tfm46md     ,Tfm46md     ,Un classified
537832,Tfm46qd     ,Tfm46qd     ,Un classified
935217,0mfl2021    ,0mfl2021    ,Un classified
935347,935ifci20   ,935ifci20   ,Un classified
633162,Hathway Cab ,Hathway Cab ,Un classified
536722,Bslftpiprg  ,Bslftpiprg  ,Un classified
948538,Rcl6sep12c  ,Rcl6sep12c  ,Un classified
538964,Mercurylab  ,Mercurylab  ,Un classified
935202,1025mfl2019 ,1025mfl2019 ,Un classified
538770,Crane Infra ,Crane Infra ,Un classified
538940,Rcbfiibd    ,Rcbfiibd    ,Un classified
934984,1250mmfl16  ,1250mmfl16  ,Un classified
935184,1250kfl17   ,1250kfl17   ,Un classified
935353,0ifci25     ,0ifci25     ,Un classified
539007,Modi        ,Modi        ,Un classified
935361,1015ecl20   ,1015ecl20   ,Un classified
935357,1045ecl18   ,1045ecl18   ,Un classified
949791,Ecll4l302   ,Ecll4l302   ,Un classified
949884,Ecla6c401   ,Ecla6c401   ,Un classified
935367,11kfl2016a  ,11kfl2016a  ,Un classified
935359,0ecl18a     ,0ecl18a     ,Un classified
539018,Beekay      ,Beekay      ,Un classified
948705,Eclc5a201   ,Eclc5a201   ,Un classified
539099,Athcon      ,Athcon      ,Un classified
750566,Tatamotorlr ,Tatamotorlr ,Un classified
750567,Tatamodvrlr ,Tatamodvrlr ,Un classified
972859,848irfc28b  ,848irfc28b  ,Un classified
539111,Sheshainds  ,Sheshainds  ,Un classified
539096,Aanandalak  ,Aanandalak  ,Un classified
935377,0kfl2018f   ,0kfl2018f   ,Un classified
948276,Rcl7sep15p  ,Rcl7sep15p  ,Un classified
539291,Ozoneworld  ,Ozoneworld  ,Un classified
948375,Eclg5g201   ,Eclg5g201   ,Un classified
539346,Sadbhin     ,Sadbhin     ,Un classified
538983,Hfefrd      ,Hfefrd      ,Un classified
539347,Phl         ,Phl         ,Un classified
951841,Efilc8f501  ,Efilc8f501  ,Un classified
539351,Prabhat     ,Prabhat     ,Un classified
539392,Sangfroid   ,Sangfroid   ,Un classified
539404,Satin       ,Satin       ,Un classified
950715,Eclg5h405   ,Eclg5h405   ,Un classified
715015,1646ilfs22  ,1646ilfs22  ,Un classified
950956,Ecli5k401   ,Ecli5k401   ,Un classified
935484,925mfl18    ,925mfl18    ,Un classified
935481,Hdfcncd2015 ,Hdfcncd2015 ,Un classified
935490,950mfl18    ,950mfl18    ,Un classified
539400,Mallcom     ,Mallcom     ,Un classified
935506,736pfc25    ,736pfc25    ,Un classified
935510,752pfc30    ,752pfc30    ,Un classified
935514,760pfc35    ,760pfc35    ,Un classified
611218,Shriram Tran,Shriram Tran,Un classified
935512,735pfc35    ,735pfc35    ,Un classified
750573,Ilfstrnllr  ,Ilfstrnllr  ,Un classified
539354,Polyspin    ,Polyspin    ,Un classified
539410,Sienergy    ,Sienergy    ,Un classified
538429,Rfxxvi23dg  ,Rfxxvi23dg  ,Un classified
509015,THAKRAL SER ,Thakral Ser  (Bse Code: 509015 ),Financial Services
890132,Cityunionpp  (Bse Code: 890132 ),Cityunionpp  (Bse Code: 890132 ),Un classified
934776,SAUCEM2006B ,Saucem2006b  (Bse Code: 934776 ),Un classified
500128,ELEC.CASTING,Elec.Casting (Bse Code: 500128 ),Engineering
532698,NITINSPINNER,Nitin Spinners Limited (BSE code:532698)   ,Textile
946118,Barclays79  ,Barclays79  ,Un classified
946283,Barclays95  ,Barclays95  ,Un classified
945800,Barclays16  ,Barclays16  ,Un classified
531194,BRAHMA INF  ,BRAHMA INF (BSE code:531194)   ,Infrastructure Facilities
531247,ALPHA HI-TEC,ALPHA HI-TEC(BSE INDONEXT) (BSE code:531247)   ,Oil and Gas
531319,MARUTI SEC. ,MARUTI SECUT (BSE code:531319)   ,Financial Services
531359,SHRIRAM ASSE,SHRIRAM ASSET MGT INR10 (BSE code:531359)   ,Financial Services
531416,NARENDRA PRO,Narendra Properties Ltd(NDA) (BSE code:531416)   ,Construction and Building Materials
531471,DUKE OFFSHOR,DUKE OFSHORE (BSE code:531471)   ,Oil and Gas
531518,VIKAS GRAN  ,Vikas Granaries Limited (BSE code:531518)   ,Others
531540,MARUTI INFRA,MARUTI INFRASTRUCT INR10 (BSE code:531540)   ,Construction and Building Materials
531624,COUNTRY COND,COUNTRY COND (BSE code:531624)   ,Pharmaceuticals
531681,AMARDEEP IND,AMRADEEP IND (BSE code:531681)   ,Construction and Building Materials
531733,BAFNA SPG.MI,BAFNA SPINNI (BSE code:531733)   ,Textile
531810,METAL COATIN,METAL COAT I (BSE code:531810)   ,Steel
531874,VENUS VENT  ,Venus Ventures Ltd(NDA) (BSE code:531874)   ,Financial Services
531923,DHAMPURE SGR,Dhampure Specialty Sugars Ltd(NDA) (BSE code:531923)   ,Sugar
532022,FILAT FASH  ,Filatex Fashions Ltd (BSE code:532022)   ,Textile
532078,MONNET IND. ,MONNET INDUS (BSE code:532078)   ,Steel
532102,SBEC SUGAR  ,SBEC Sugar Ltd(NDA) (BSE code:532102)   ,Sugar
532134,BNK OF BAROD,Bank of Baroda (BSE code:532134)   ,Banks
532173,CYBERTECH   ,Cybertech Systems and Software Ltd(NDA) (BSE code:532173)   ,IT
532262,TCI INDUS.  ,TCI Industries Ltd. (BSE code:532262)   ,Courier and Logistic Services
509527,FALCON TYRES,Falcon Tyres (Bse Code: 509527 ),Tyres
500292,HEIDEL CEM  ,Heidel Cem   (Bse Code: 500292 ),Cement
500390,REL INFRA   ,Rel Infra    (Bse Code: 500390 ),Power
500464,UCAL FUEL   ,Ucal Fuel    (Bse Code: 500464 ),Auto Ancillaries
500187,HSIL        ,Hsil         (Bse Code: 500187 ),Real Estate
500246,ENVAIN ELECT,Envain Elect (Bse Code: 500246 ),Engineering
500075,NAGARJ.FERT.,Nagarj.Fert. (Bse Code: 500075 ),Agricultural Related
505196,TIL LTD.    ,Til Ltd.     (Bse Code: 505196 ),Engineering
504614,SARDA ENMIN ,Sarda Enmin  (Bse Code: 504614 ),Steel
500067,BLUE STAR   ,Blue Star    (Bse Code: 500067 ),Engineering
507458,UNITED BREWE,United Brewe (Bse Code: 507458 ),Diversified
500204,IND.SECURITY,Ind.Security (Bse Code: 500204 ),Financial Services
500310,NOVAPAN IND.,Novapan Ind. (Bse Code: 500310 ),Construction and Building Materials
503310,SWAN MILLS  ,Swan Mills   (Bse Code: 503310 ),Textile
500251,TRENT LTD.  ,Trent Ltd.   (Bse Code: 500251 ),Retail
500191,HMT LTD.    ,Hmt Ltd.     (Bse Code: 500191 ),Engineering
600307,Nirlon      ,Nirlon      ,Un classified
946435,Kmplsrn0909 ,Kmplsrn0909 ,Un classified
700091,Timex Ncrps ,Timex Ncrps ,Un classified
700082,Mrpl Ncrps  ,Mrpl Ncrps  ,Un classified
516112,B.K.Duplex  ,B.K.Duplex  ,Paper
534244,Axisft22dp  ,Axisft22dp  ,Un classified
934844,0mfl17      ,0mfl17      ,Un classified
934841,1300mfl14   ,1300mfl14   ,Un classified
534228,Tfmp44b     ,Tfmp44b     ,Un classified
934842,1325mfl15   ,1325mfl15   ,Un classified
514394,Gee El Wool.,Gee El Wool.,Textile
523872,Magna Ind.  ,Magna Ind.  ,Personal Care
524270,Magna Col   ,Magna Col   ,Others
534369,Tbz Ltd     ,Tbz Ltd     ,Fashion and personal items
534392,Vssl        ,Vssl        ,Steel
534039,Hfb370g202  ,Hfb370g202  ,Un classified
530921,Integ.Thermo,Integ.Thermo,Un classified
534250,Hmr366g211  ,Hmr366g211  ,Un classified
533097,Softsol Ind*,Softsol Ind*,Un classified
946894,Ecl21sep10b ,Ecl21sep10b ,Un classified
517481,Artech Power,Artech Power,Power
522289,Ifm Impex   ,Ifm Impex   ,Food Processing
523186,Ba Pack     ,Ba Pack     ,Packaging
530261,Arcutti.Tea ,Arcutti.Tea ,Agricultural Related
532642,JINDAL SOUTH,Jindal South West Holdings Ltd. (BSE code:532642)   ,Financial Services
532676,PBA INFRASTR,PBA Infrastructure Ltd. (BSE code:532676)   ,Construction and Building Materials
507987,JUPITER LEA.,Jupiter Lea. (Bse Code: 507987 ),Financial Services
532896,MAGNUM VENT ,Magnum Ventures Ltd. (BSE code:532896)   ,Paper
532928,TRIL        ,Transformers & Rectifiers (India) Ltd. (BSE code:532928)   ,Power
526981,SHRI BAJRANG,Shri Bajranj Alloys Ltd(NDA) (BSE code:526981)   ,Steel
500346,PUN.COMMUNI.,Pun.Communi. (Bse Code: 500346 ),Telecom
532999,SILVER ANIMA,Silverline Animation Technologies Ltd. (BSE code:532999)   ,Media and Entertainment
502448,ROLLATAINER ,Rollatainer  (Bse Code: 502448 ),Packaging
532392,CREATIVE EYE,Creative Eye Ltd(NDA) (BSE code:532392)   ,Media and Entertainment
500139,FEDDER.LLYOD,Fedder.Llyod (Bse Code: 500139 ),Engineering
532167,Omkar Pharm.,Omkar Pharm.,Pharmaceuticals
512479,GAYATRI TISS,Gayatri Tiss,Others
523384,Mah.Ras.Apex,Mah.Ras.Apex,Financial Services
521167,FRONT BUSS  ,FRONT BUSS (BSE code:521167)   ,Textile
504176,HIGH ENERGY ,High Energy  (Bse Code: 504176 ),Others
511433,Sdfc Finance,Sdfc Finance,Financial Services
530971,Nimbus Ind. ,Nimbus Ind. ,Agricultural Related
519262,Prima Agro L,Prima Agro L,Food Processing
500236,Kanel Oilexp,Kanel Oilexp,Food Processing
533576,Vaswani Ind ,Vaswani Ind ,Steel
521048,Adv Lifesty ,Adv Lifesty ,Textile
533656,Sdf180d22g  ,Sdf180d22g  ,Un classified
533498,Zee Ent*    ,Zee Ent*    ,Un classified
972612,Nabard11110 ,Nabard11110 ,Un classified
531537,Jyothi Infra,Jyothi Infra,Financial Services
533790,Kgn Ent     ,Kgn Ent     ,Food Processing
506863,Swadeshi Ind,Swadeshi Ind,Plastic Processing
511609,Innov.Secur.,Innov.Secur.,Financial Services
532403,Fourth Gen. ,Fourth Gen. ,IT
531838,Akl Soft Inf,Akl Soft Inf,Plastic Processing
533562,Onmobglo*   ,Onmobglo*   ,Un classified
538569,Triveni     ,Triveni     ,Un classified
535998,Rfhxxiv04g  ,Rfhxxiv04g  ,Un classified
935002,11mfl17e    ,11mfl17e    ,Un classified
935108,0mfl16i     ,0mfl16i     ,Un classified
503669,Kuberkamal  ,Kuberkamal  ,Un classified
514402,Sharad Fibre,Sharad Fibre,Un classified
961774,Ibhflwar    ,Ibhflwar    ,Un classified
948526,Rcl2aug12f  ,Rcl2aug12f  ,Un classified
947053,Barclays202 ,Barclays202 ,Un classified
513406,Raj.Irrigatn,Raj.Irrigatn,Un classified
948275,Rcl1sep14o  ,Rcl1sep14o  ,Un classified
972607,Ifcisr55    ,Ifcisr55    ,Un classified
538576,Bhanderi    ,Bhanderi    ,Un classified
537068,Satya Miners,Satya Miners,Un classified
536105,Greateast*  ,Greateast*  ,Un classified
947543,Ecl18oct11k ,Ecl18oct11k ,Un classified
537069,Arnold Hold ,Arnold Hold ,Un classified
961839,880ireda29  ,880ireda29  ,Un classified
961841,880ireda34  ,880ireda34  ,Un classified
717503,Zee Ncps    ,Zee Ncps    ,Un classified
536643,Hcpo36msrd  ,Hcpo36msrd  ,Un classified
537649,Ipru2263    ,Ipru2263    ,Un classified
535846,Rfhxxix02g  ,Rfhxxix02g  ,Un classified
537820,Vfl         ,Vfl         ,Un classified
537840,Raunaq Intl ,Raunaq Intl ,Un classified
537838,Mahadushi In,Mahadushi In,Un classified
961795,838iifcl28  ,838iifcl28  ,Un classified
935142,0stfc2021   ,0stfc2021   ,Un classified
538570,Achal       ,Achal       ,Un classified
948881,165pfl2015  ,165pfl2015  ,Un classified
750553,Indhotellr  ,Indhotellr  ,Un classified
948987,Rcl15mar13e ,Rcl15mar13e ,Un classified
715009,840ltfh17   ,840ltfh17   ,Un classified
948898,Rcl21feb13b ,Rcl21feb13b ,Un classified
538575,Suryamark   ,Suryamark   ,Un classified
949001,Mfl12mar13b ,Mfl12mar13b ,Un classified
948316,Karvyb18    ,Karvyb18    ,Un classified
972693,Irfc8nov11b ,Irfc8nov11b ,Un classified
538579,Carewell    ,Carewell    ,Un classified
600322,Panyam Cemen,Panyam Cemen,Un classified
948013,Kmpl29may12 ,Kmpl29may12 ,Un classified
935168,1250mmfl17a ,1250mmfl17a ,Un classified
537563,Rfhxxv20g   ,Rfhxxv20g   ,Un classified
935164,12mmfl2015  ,12mmfl2015  ,Un classified
950485,775pfc26    ,775pfc26    ,Un classified
535852,Ipru2111    ,Ipru2111    ,Un classified
750554,Lakvil Bklr ,Lakvil Bklr ,Un classified
935144,1125mfl16   ,1125mfl16   ,Un classified
972781,741iifcl32  ,741iifcl32  ,Un classified
538595,Gloster     ,Gloster     ,Un classified
949310,Ecle4f301   ,Ecle4f301   ,Un classified
950480,809pfc21    ,809pfc21    ,Un classified
538596,Quantbuild  ,Quantbuild  ,Un classified
800172,833goi2026  ,833goi2026  ,Un classified
538597,Ttient      ,Ttient      ,Un classified
538598,Vishal      ,Vishal      ,Un classified
538448,Axisft67gp  ,Axisft67gp  ,Un classified
526554,Salguti Ind ,Salguti Ind ,Un classified
538607,Ojasasset   ,Ojasasset   ,Un classified
538608, Dwitiya    , Dwitiya    ,Un classified
935080,0srei19     ,0srei19     ,Un classified
537008,Icnx100     ,Icnx100     ,Un classified
934988,13mmfl17    ,13mmfl17    ,Un classified
948768,Rcl10oct12j ,Rcl10oct12j ,Un classified
947353,Ecl300611c  ,Ecl300611c  ,Un classified
935114,0mfl20l     ,0mfl20l     ,Un classified
538609,Gajanansec  ,Gajanansec  ,Un classified
538610,Unison      ,Unison      ,Un classified
935040,0mfl2020    ,0mfl2020    ,Un classified
935050,0scuf17     ,0scuf17     ,Un classified
612070,Upl         ,Upl         ,Un classified
947411,Ecl28jul11h ,Ecl28jul11h ,Un classified
536470,Ktkfmp119gd ,Ktkfmp119gd ,Un classified
539224,Siicl       ,Siicl       ,Un classified
950716,Eclh5h402   ,Eclh5h402   ,Un classified
950810,Eclh5h406   ,Eclh5h406   ,Un classified
950950,Efili5i402  ,Efili5i402  ,Un classified
950907,Eclh5i402   ,Eclh5i402   ,Un classified
539278,Symbiox     ,Symbiox     ,Un classified
948613,Eclk5k201   ,Eclk5k201   ,Un classified
949506,Ecli5i301   ,Ecli5i301   ,Un classified
539288,Avi         ,Avi         ,Un classified
715017,1646ilfs22b ,1646ilfs22b ,Un classified
934998,1025mfl19c  ,1025mfl19c  ,Un classified
539543,Valley      ,Valley      ,Un classified
949555,Rcl08oct13a ,Rcl08oct13a ,Un classified
539607,Blueclouds  ,Blueclouds  ,Un classified
935622,1025mmfl17a ,1025mmfl17a ,Un classified
949863,2555ecl2016 ,2555ecl2016 ,Un classified
935624,0mmfl17c    ,0mmfl17c    ,Un classified
950494,816pfc26    ,816pfc26    ,Un classified
935600,0mfl18aii   ,0mfl18aii   ,Un classified
935586,875mfl18    ,875mfl18    ,Un classified
935640,727hudco26  ,727hudco26  ,Un classified
950637,Eclf7i407   ,Eclf7i407   ,Un classified
935642,764hudco31  ,764hudco31  ,Un classified
539678,Quickheal   ,Quickheal   ,Un classified
800240,813cg2045   ,813cg2045   ,Un classified
537097,Ipru2212    ,Ipru2212    ,Un classified
948585,Eclc6k201   ,Eclc6k201   ,Un classified
951826,11abpl2025  ,11abpl2025  ,Un classified
539773,Advik       ,Advik       ,Un classified
948657,Ecll5b201   ,Ecll5b201   ,Un classified
539770,Darjeeling  ,Darjeeling  ,Un classified
935443,975sefl18d  ,975sefl18d  ,Un classified
539800,Chdchem     ,Chdchem     ,Un classified
539798,Umiya       ,Umiya       ,Un classified
539799,Bharatwire  ,Bharatwire  ,Un classified
961710,Idfcbkbd1h  ,Idfcbkbd1h  ,Un classified
539807,Infibeam    ,Infibeam    ,Un classified
961708,Iifclbdis4  ,Iifclbdis4  ,Un classified
951628,Ecla6a504   ,Ecla6a504   ,Un classified
935504,711pfc25    ,711pfc25    ,Un classified
539806,H1190m36rg  ,H1190m36rg  ,Un classified
951788,Efilb7b502b ,Efilb7b502b ,Un classified
935381,13kfl2021h  ,13kfl2021h  ,Un classified
950608,Rcl24jul14a ,Rcl24jul14a ,Un classified
961706,Iifclbdis2  ,Iifclbdis2  ,Un classified
514060,Evertex     ,Evertex     ,Un classified
935566,707irfc25   ,707irfc25   ,Un classified
961709,Idfcbkbd1g  ,Idfcbkbd1g  ,Un classified
961705,Iifclbdis1  ,Iifclbdis1  ,Un classified
952517,12sl18      ,12sl18      ,Un classified
949385,0cleta2020  ,0cleta2020  ,Un classified
538370,H366m31rg1  ,H366m31rg1  ,Un classified
538855,Rcbfiiad    ,Rcbfiiad    ,Un classified
539275,Msl         ,Msl         ,Un classified
949258,23ecl2015a  ,23ecl2015a  ,Un classified
539095,Ipru2640    ,Ipru2640    ,Un classified
935457,1050srei18  ,1050srei18  ,Un classified
539276,Kaya        ,Kaya        ,Un classified
534918,Ipru1990    ,Ipru1990    ,Un classified
950865,94589kmp15b ,94589kmp15b ,Un classified
950952,Efili5i401  ,Efili5i401  ,Un classified
539468,Tfsl        ,Tfsl        ,Un classified
632940,J Kumar Infr,J Kumar Infr,Un classified
539837,Rrml        ,Rrml        ,Un classified
539841,Lancer      ,Lancer      ,Un classified
539842,Sysco       ,Sysco       ,Un classified
539836,Ruby        ,Ruby        ,Un classified
539839,Franklin    ,Franklin    ,Un classified
539843,Ninsys      ,Ninsys      ,Un classified
951705,Ecla6b501   ,Ecla6b501   ,Un classified
947388,Rfl26jul11  ,Rfl26jul11  ,Un classified
972326,Nabardsr2a  ,Nabardsr2a  ,Un classified
511018,Milgrey Fin ,Milgrey Fin ,Un classified
632706,Inox Leisure,Inox Leisure,Un classified
935556,11kfl18d    ,11kfl18d    ,Un classified
508918,GREYCELLS EN,Greycells En (Bse Code: 508918 ),Financial Services
531496,OMKAR OVERSE,OMKAR OVERSE (BSE code:531496)   ,Others
530951,RAM INFORMAT,Ram Informatics Ltd(NDA) (BSE code:530951)   ,IT
526859,INTER ST.FIN,INTERSTATE (BSE code:526859)   ,Financial Services
511138,Kotharifin  ,Kotharifin  ,Financial Services
533304,Cmahendra   ,Cmahendra   ,Retail
504823,MAHIND.UGINE,Mahind.Ugine (Bse Code: 504823 ),Steel
532871,CELEST LABS ,Celestial Labs Limited (BSE code:532871)   ,Chemicals
946010,Edel30dec8b ,Edel30dec8b ,Un classified
972464,IIFCL20MAR9 ,Iifcl20mar9 ,Un classified
512409,SANKET INTR.,Sanket Intr.,Others
531608,GORANI INDUS,Gorani Indus,Consumer Durables
632121,DENA BANK   ,Dena Bank   ,Un classified
509051,INDIAN INFO.,Indian Info.,IT
530497,MARVEL CAPIT,Marvel Capit,Financial Services
506235,ALEMBIC LTD.,Alembic Ltd. (Bse Code: 506235 ),Pharmaceuticals
532852,MCD HOLDING ,McDowell Holdings Ltd (BSE code:532852)   ,Breweries and Distilleries
500325,RELIANCE    ,Reliance     (Bse Code: 500325 ),Oil and Gas
530043,ACKNIT IND  ,Acknit Industries Ltd(NDA) (BSE code:530043)   ,Fashion and personal items
526642,MIRZA INTER ,Mirza International Ltd. (BSE code:526642)   ,Fashion and personal items
514264,SEASONS TEXT,SEASONS TEXT(BSE INDONEXT) (BSE code:514264)   ,Textile
505744,FED MOG GOE ,Fed Mog Goe  (Bse Code: 505744 ),Auto Ancillaries
519091,TASTY BITE  ,Tasty Bite   (Bse Code: 519091 ),Food Processing
503806,SRF LIMITED ,Srf Limited  (Bse Code: 503806 ),Textile
511355,IND CEM CAP ,Ind Cem Cap  (Bse Code: 511355 ),Financial Services
500243,KIRL.OIL ENG,Kirl.Oil Eng (Bse Code: 500243 ),Engineering
532934,PRECISION   ,Precision    (Bse Code: 532934 ),Auto Ancillaries
934781,LTFINNCDI   ,Ltfinncdi    (Bse Code: 934781 ),Un classified
502150,KALYANPUR CE,Kalyanpur Ce (Bse Code: 502150 ),Cement
508929,JOYREALTY   ,Joyrealty    (Bse Code: 508929 ),Real Estate
526441,VISION TECH.,Vision Tech.,Media and Entertainment
946063,BARCLAYS69  ,Barclays69  ,Un classified
934790,LNTF 2010AI ,Lntf 2010ai ,Un classified
524737,BENZO PET.IN,Benzo Pet.In,Chemicals
700130,ABAN01MAR07 ,Aban01mar07 ,Un classified
506194,ARIH SUPER  ,Arih Super  ,Others
512408,UNIWORTH SEC,Uniworth Sec,Financial Services
505817,REIL ELEC   ,Reil Elec   ,Auto Ancillaries
912320,Icic Mmp3aug,Icic Mmp3aug,Un classified
513566,NOVA IRON&ST,Nova Iron&St,Steel
523878,TOTAL EXPORT,Total Export,IT
700063,S.Kumar S(P3,S.Kumar S(P3,Un classified
511153,RAASI ENT   ,Raasi Ent   ,Diversified
533208,EMAMI PAPER ,Emami Paper ,Un classified
531322,SHRI SHAKTI ,Shri Shakti ,Oil and Gas
710047,JCOP OCCRPS3,Jcop Occrps3,Un classified
512161,PM STRIPS   ,Pm Strips   ,Steel
512101,Triochem(Pub,Triochem(Pub,Pharmaceuticals
700116,Jinsaw Crp  ,Jinsaw Crp  ,Un classified
531225,FRONTIER INF,FRONT INF TE (BSE code:531225)   ,IT
533289,Kesar Termi ,Kesar Termi ,Infrastructure Facilities
533159,AQUA LOGIST ,Aqua Logist  (Bse Code: 533159 ),Courier and Logistic Services
533161,EMMBI POLY  ,Emmbi Poly   (Bse Code: 533161 ),Packaging
945724,RANKINVSR06 ,Rankinvsr06  (Bse Code: 945724 ),Un classified
531027,LIBORDS SEC.,Libords Sec. (Bse Code: 531027 ),Cycle and Accessories
526185,Intl Hometex (Bse Code: 526185 ),Intl Hometex (Bse Code: 526185 ),Un classified
531998,Ifsl Ltd.    (Bse Code: 531998 ),Ifsl Ltd.    (Bse Code: 531998 ),Un classified
972490,NABARD10109 ,Nabard10109  (Bse Code: 972490 ),Un classified
531536,Sriven Mult. (Bse Code: 531536 ),Sriven Mult. (Bse Code: 531536 ),Un classified
500178,Harig Crank  (Bse Code: 500178 ),Harig Crank  (Bse Code: 500178 ),Un classified
511613,Harvcic Man. (Bse Code: 511613 ),Harvcic Man. (Bse Code: 511613 ),Un classified
526779,Hinafil (I)  (Bse Code: 526779 ),Hinafil (I)  (Bse Code: 526779 ),Un classified
504896,Rathi Ispat  (Bse Code: 504896 ),Rathi Ispat  (Bse Code: 504896 ),Un classified
532131,Triumph Int. (Bse Code: 532131 ),Triumph Int. (Bse Code: 532131 ),Un classified
532421,IQ INFOTECH ,Iq Infotech  (Bse Code: 532421 ),Un classified
700028,SAKTHI S(PRF,Sakthi S(Prf (Bse Code: 700028 ),Un classified
530039,LORDS CHEM. ,Lords Chem.  (Bse Code: 530039 ),Chemicals
509026,ARTHEON     ,Artheon      (Bse Code: 509026 ),Financial Services
531900,CCL INTER   ,Ccl Inter    (Bse Code: 531900 ),Cement
519455,NARBADA     ,Narbada      (Bse Code: 519455 ),Food Processing
514454,SOUTH.LATEX ,South.Latex  (Bse Code: 514454 ),Agricultural Related
514028,RAJKAMAL SYN,Rajkamal Syn (Bse Code: 514028 ),Textile
533162,HATHWAY CAB ,Hathway Cab  (Bse Code: 533162 ),Media and Entertainment
934787,STFC NCDIII ,Stfc Ncdiii  (Bse Code: 934787 ),Un classified
511706,ACTION FIN. ,Action Financial Services India Ltd (BSE code:511706)   ,Financial Services
526241,AMRAPALI IND,AMRAPALI INDUSTRIE INR10 (BSE code:526241)   ,Construction and Building Materials
520077,AMTEK AUTO  ,Amtek Auto Limited. (BSE code:520077)   ,Auto Ancillaries
530429,ASHISH POLY.,ASHIS POLYPL (BSE code:530429)   ,Plastic Processing
505029,ATLAS CYCLES,Atlas Cycles (Bse Code: 505029 ),Cycle and Accessories
524606,BERYL DRUGS ,BERYL DRUGS (BSE code:524606)   ,Pharmaceuticals
532609,BHARSHIP    ,Bharati Shipyard Limited (BSE code:532609)   ,Engineering
518017,BHEEMA CEM  ,Bheema Cements Ltd (BSE code:518017)   ,Cement
531250,BIO WHGO IND,BIO WHGO IND (BSE code:531250)   ,Others
509557,GARWARE WALL,Garware Wall (Bse Code: 509557 ),Others
500014,APPLE FINANC,Apple Financ (Bse Code: 500014 ),Financial Services
521174,ARORA FIBRES,ARORA FIBRES (BSE code:521174)   ,Textile
519210,Innovative Foods Ltd(NDA) (BSE code:519210)   ,Innovative Foods Ltd(NDA) (BSE code:519210)   ,Food Processing
500212,INTEG.FIN.SE,Integ.Fin.Se (Bse Code: 500212 ),Financial Services
531327,CHARMS INDUS,CHARMS INDS (BSE code:531327)   ,Construction and Building Materials
532339,COMPUCOM SOF,Compucom Software Ltd(NDA) (BSE code:532339)   ,IT
526033,CRYSTAL SOFT,CRYSTAL SOFT (BSE code:526033)   ,Consumer Durables
531306,DHP INDIA LT,DHP INDIA (BSE code:531306)   ,Diversified
532178,ENGINRS.(I) ,Engineers India Limited (BSE code:532178)   ,Engineering
526614,EXPO GAS    ,Expo Gas     (Bse Code: 526614 ),Packaging
526367,GANESH HSG. ,Ganesh Housing Corporation Ltd (BSE code:526367)   ,Housing Finance
532478,UNITED BREWA,United Breweries Limited (BSE code:532478)   ,Breweries and Distilleries
532485,BALMER LA.IN,Balmer Lawrie Investments Ltd. (BSE code:532485)   ,Financial Services
533101,SURYAMBA SP ,Suryaamba Spinning Mills Limited (BSE code:533101)   ,Textile
533103,JINDALCOTEX ,Jindal Cotex Limited (BSE code:533103)   ,Textile
533107,PIPAVAVSHIP ,PIPAVAVSHIP (BSE code:533107)   ,Shipping
533109,EURO MULTI  ,EURO MULTI (BSE code:533109)   ,IT
570001,TATAMTRTDVR ,Lord Value Advantage (MUTF_CN:570001)  ,Automobiles
590005,TIDE WATE(PS,Tide Water Oil India Ltd (BSE code:590005)   ,Oil and Gas
590006,AMRUTANJAN  ,Amrutanjan Health Care Ltd. (BSE code:590006)   ,HealthcareandHospitals
590011,MOVING PI(PS,MOVING PICTU-PMS (BSE code:590011)   ,Others
590013,XPRO INDI(PS,Xpro India Limited (BSE code:590013)   ,Diversified
590021,BHARAT RA(PS,Bharat Rasayan Ltd(NDA) (BSE code:590021)   ,Agricultural Related
590030,SOUTH PET(PS,Southern Petrochemical Industries Corp (BSE code:590030)   ,Agricultural Related
590035,TIRUP FOAM  ,Tirupati Foam Ltd (BSE code:590035)   ,Others
590036,KALPTARU    ,KALPTARU (BSE INDONEXT) (BSE code:590036)   ,Paper
590047,SUNDARAM    ,Sundaram Multi Pap Ltd(NDA) (BSE code:590047)   ,Others
590057,NORTHGATE TE,Northgate Technologies Ltd. (BSE code:590057)   ,IT
590058,SHRE AJIT PU,SHREE AJIT PULP INR10 (BSE code:590058)   ,Paper
590060,MK EXIM     ,M K Exim (India) Ltd(NDA) (BSE code:590060)   ,Textile
590063,DUNCANS INDU,Duncans Industries Ltd (BSE code:590063)   ,Diversified
590070,RADAAN MEDIA,Radaan Mediaworks India Ltd(NDA) (BSE code:590070)   ,Media and Entertainment
590072,SUNDARAM BRK,Sundaram Brake Linings Ltd (BSE code:590072)   ,Auto Ancillaries
590081,BRAHMANAND  ,Brahmanand Himghar Limited (BSE code:590081)   ,Others
590084,KANCO ENTER ,Kanco Enterprises Ltd (BSE code:590084)   ,Textile
590085,GLOSTER JUTE,Gloster Jute Mills Limited (BSE code:590085)   ,Textile
590093,TRIMURTHI DR,Trimurthi Drugs & Pharmaceuticals Ltd (BSE code:590093)   ,Pharmaceuticals
590098,SBI GOLD ETS,SBI GOLD ETS (BSE code:590098)   ,Financial Services
590104,JUNIOR BEES ,JUNIOR BEES (BSE code:590104)   ,Financial Services
590107,KOTAK PSU BK,KOTAK PSU BK (BSE code:590107)   ,Financial Services
632461,PNBSL       ,PUNJAB NATBK (BSE code:632461)   ,Un classified
700108,SEL CRPS    ,SEL CRPS (BSE code:700108)   ,Un classified
514118,ESKAY K'N'IT,Eskay K n IT (India) Ltd. (BSE code:514118)   ,Textile
511072,DEWAN H.FIN.,Dewan H.Fin. (Bse Code: 511072 ),Housing Finance
500123,ELANTAS     ,Elantas      (Bse Code: 500123 ),Chemicals
504000,ELPRO INTER ,Elpro Inter  (Bse Code: 504000 ),Engineering
532340,OMNI AX'S SO,Omni Ax'S So (Bse Code: 532340 ),IT
500233,KAJARIA CER.,Kajaria Cer. (Bse Code: 500233 ),Construction and Building Materials
500690,GUJ.ST.FERT ,Guj.St.Fert  (Bse Code: 500690 ),Agricultural Related
500108,MAHA.TELE   ,Maha.Tele    (Bse Code: 500108 ),Telecom
500294,NAGAR.CONST.,Nagar.Const. (Bse Code: 500294 ),Construction and Building Materials
526951,GOLDEN LAMIN,Golden Lamin (Bse Code: 526951 ),Construction and Building Materials
500104,HIND.PETRO  ,Hind.Petro   (Bse Code: 500104 ),Oil and Gas
500319,INDIAN SUCRO,Indian Sucro (Bse Code: 500319 ),Sugar
503673,CMM BROADCAS,Cmm Broadcas (Bse Code: 503673 ),Financial Services
505700,ELECON ENG  ,Elecon Eng   (Bse Code: 505700 ),Engineering
502223,EXCEL GLASSS,Excel Glasss (Bse Code: 502223 ),Others
533148,JSW ENERGY  ,Jsw Energy   (Bse Code: 533148 ),Power
500170,GTN INDUS   ,Gtn Indus    (Bse Code: 500170 ),Textile
503015,MODERN INDIA,Modern India (Bse Code: 503015 ),Textile
500367,RUBFILA INT.,Rubfila Int. (Bse Code: 500367 ),Others
507912,LKP FIN     ,Lkp Fin      (Bse Code: 507912 ),Financial Services
934778,TATACAP II  ,Tatacap Ii   (Bse Code: 934778 ),Un classified
500339,RAINCOMMODI ,Raincommodi  (Bse Code: 500339 ),Cement
500113,STEEL AUTH. ,Steel Auth.  (Bse Code: 500113 ),Steel
500148,UFLEX LTD   ,Uflex Ltd    (Bse Code: 500148 ),Packaging
533150,GODREJ PROP ,Godrej Prop  (Bse Code: 533150 ),Real Estate
505509,RESPON IND  ,Respon Ind   (Bse Code: 505509 ),Financial Services
506767,ALKYL AMINES,Alkyl Amines (Bse Code: 506767 ),Chemicals
500674,AVENTIS PH. ,Aventis Ph.  (Bse Code: 500674 ),Pharmaceuticals
500103,BHEL        ,Bhel         (Bse Code: 500103 ),Engineering
500074,BPL LTD.    ,Bpl Ltd.     (Bse Code: 500074 ),Consumer Durables
506222,INE ABS L   ,Ine Abs L    (Bse Code: 506222 ),Petro Chemicals
504367,MONOTONA SEC,Monotona Sec,Financial Services
533167,CORO ENGG   ,Coro Engg   ,Engineering
512075,SUCHAK TRAD ,Suchak Trad ,Financial Services
501423,Sha Eng Pla ,Sha Eng Pla ,Others
504351,EMPOWERIND  ,Empowerind   (Bse Code: 504351 ),Others
531083,NIHAR INFO  ,NIHAR INFO (BSE code:531083)   ,IT
500180,HDFC BANK   ,Hdfc Bank    (Bse Code: 500180 ),Banks
532939,RPOWER      ,Reliance Power Limited (BSE code:532939)   ,Power
532904,SUPREME INFR,Supreme Infrastructure India Limited (BSE code:532904)   ,Infrastructure Facilities
513683,NEYVELI LIGN,Neyveli Lignite Corporation Limited (BSE code:513683)   ,Power
513699,SOLID STONE ,SOLID STONE (BSE code:513699)   ,Mining
513729,ARO GRANITE ,Aro Granite Industries Ltd(NDA) (BSE code:513729)   ,Mining
514087,PBM POLYTEX ,PBM Polytex Ltd(NDA) (BSE code:514087)   ,Textile
514116,GUPTA SYNTH.,Gupta Synthetics Ltd(NDA) (BSE code:514116)   ,Textile
514162,WELSPUN (I) ,Welspun India Limited (BSE code:514162)   ,Textile
514221,KRISHNA LIFE,Krishna Lifestyle Technologies Ltd (BSE code:514221)   ,Textile
514302,VIPPY SPIN. ,Vippy Spinpro Ltd(NDA) (BSE code:514302)   ,Textile
514304,S.KUMARS NAT,S Kumars Nationwide Limited (BSE code:514304)   ,Textile
515093,MADHAV MARB.,Madhav Marble & Granites Ltd. (BSE code:515093)   ,Mining
524408,UNIV.STARCH ,UNIVER STARC(BSE INDONEXT) (BSE code:524408)   ,Dye Material
530433,SHIVA FERT. ,SHIVA FERTIL (BSE code:530433)   ,Agricultural Related
530479,KADVANI SEC.,KADVANI SECU (BSE code:530479)   ,Financial Services
530513,ACCURATE TRA,Accurate Transformers Ltd(NDA) (BSE code:530513)   ,Power
530519,INTERFACE FN,Interface Financial Services Ltd (BSE code:530519)   ,Financial Services
530543,MARG LTD    ,Marg Ltd. (BSE code:530543)   ,Construction and Building Materials
530555,PARAMOUNT CO,Paramount Communications Ltd. (BSE code:530555)   ,Telecom
530583,VOGUE TEXTIL,VOGUE TEXTILES LTD INR10 (BSE code:530583)   ,Textile
530619,RELI GLOBE  ,Asian CERC Information Technology Ltd. (BSE code:530619)   ,Others
530643,INFOTREK SYS,Infotrek Syscom Ltd(NDA) (BSE code:530643)   ,IT
530677,SUPREME HOLD,Supreme Holdings Ltd(NDA) (BSE code:530677)   ,Financial Services
530715,ALPS INDS.  ,Alps Industries Ltd. (BSE code:530715)   ,Dye Material
530723,ASIT C FIN  ,Asit C Mehta Financial Services Ltd(NDA) (BSE code:530723)   ,Financial Services
530773,IVRCL INFRAS,IVRCL Infrastructures & Projects Limited (BSE code:530773)   ,Construction and Building Materials
513412,ALCOBEX MET ,Alcobex Met ,Un classified
531758,G.K.CONSULT.,G.K.Consult.,Others
700065,S.Kumar S(P5,S.Kumar S(P5,Un classified
509084,PHOTON CAP  ,Photon Cap  ,Financial Services
512599,ADANI ENTER ,Adani Enterprises Ltd. (BSE code:512599)   ,Others
532932,MANAKSIA LTD,Manaksia Limited (BSE code:532932)   ,Others
532291,KDL BIOTECH ,KDL Biotech Ltd (BSE code:532291)   ,Pharmaceuticals
500095,WYETH LTD.  ,Wyeth Ltd.   (Bse Code: 500095 ),Pharmaceuticals
531370,SPARC SYSTEM,SPARC SYSTEM (BSE code:531370)   ,Others
531847,ASIAN STAR  ,Asian Star Company Ltd. (BSE code:531847)   ,Others
517326,CMC LTD.    ,CMC Limited (BSE code:517326)   ,IT
509525,EMPIRE IND. ,Empire Ind.  (Bse Code: 509525 ),Others
500365,REMI METALS ,Remi Metals  (Bse Code: 500365 ),Steel
523221,MCS LTD     ,MCS Ltd (BSE code:523221)   ,Breweries and Distilleries
530163,KERALA AYUR ,Kerala Ayurveda Limited (BSE code:530163)   ,Pharmaceuticals
511413,SHARYANS RES,Sharyans Res (Bse Code: 511413 ),Financial Services
531548,SOMANY CRAM ,S P L Ltd. (BSE code:531548)   ,Construction and Building Materials
524828,BDH INDUS.  ,BDH Industries Ltd(NDA) (BSE code:524828)   ,Pharmaceuticals
505242,DYNAMAT.TECH,Dynamat.Tech (Bse Code: 505242 ),Engineering
500304,NIIT LTD.   ,Niit Ltd.    (Bse Code: 500304 ),IT
524654,NATURAL CAPS,Natural Capsules Ltd(NDA) (BSE code:524654)   ,Pharmaceuticals
531172,PRANAV.SPIN ,PRANAVA SP M (BSE code:531172)   ,Textile
532332,SOFTPRO SYS.,Softpro Systems Ltd(NDA) (BSE code:532332)   ,IT
517391,GAMMA INFOW.,GAMMA INFOWE (BSE code:517391)   ,Others
532719,BL KASHYAP  ,B.L. Kashyap and Sons Limited (BSE code:532719)   ,Construction and Building Materials
509077,NUCENT FIN. ,Nucent Fin.  (Bse Code: 509077 ),Real Estate
500378,JINDAL SAW  ,Jindal Saw   (Bse Code: 500378 ),Steel
530771,KLG CAPITAL ,KLG CAPI SER (BSE code:530771)   ,Financial Services
946545,Akarsh12210 ,Akarsh12210 ,Un classified
509449,BHAGWATI OXY,Bhagwati Oxy,Chemicals
522275,AREVA       ,Areva T&D India Limited (BSE code:522275)   ,Engineering
526689,FENOPLAS.LTD,Fenoplast Ltd(NDA) (BSE code:526689)   ,Plastic Processing
512489,OASIS SECUR.,OASIS SECURI (BSE code:512489)   ,Financial Services
530007,JK TYRE IND ,JK Tyre & Industries Ltd. (BSE code:530007)   ,Tyres
523371,MAWANA SUGAR,Mawana Sugars Ltd (BSE code:523371)   ,Diversified
520008,RICO AUTO   ,Rico Auto Industries Limited (BSE code:520008)   ,Auto Ancillaries
590053,KAR MOBILES ,Kar Mobiles Limited (BSE code:590053)   ,Auto Ancillaries
524280,KOPRAN LTD. ,Kopran Limited (BSE code:524280)   ,Pharmaceuticals
524488,SVC SUPERCHE,SVC Superchem Ltd(NDA) (BSE code:524488)   ,Petro Chemicals
517230,PREM.AU.ELEC,PAE Ltd (BSE code:517230)   ,Auto Ancillaries
505885,ALFA LAVAL  ,Alfa Laval   (Bse Code: 505885 ),Engineering
532678,BOMBAY RAYON,Bombay Rayon Fashions Limited (BSE code:532678)   ,Textile
531672,INANI SEC.  ,INANI SECURI (BSE code:531672)   ,Financial Services
530191,CHROMATIC IN,CHROMATI IND (BSE code:530191)   ,Dye Material
512616,ORIND EXPORT,ORIND EXPORT (BSE code:512616)   ,Engineering
512634,SAVERA IND  ,SAVERA IND (BSE code:512634)   ,Tourism and Hotels
512640,STOCK NET IN,STOCKNET INT (BSE code:512640)   ,Others
513023,NAV BHAR VEN,Nava Bharat Ventures Limited (BSE code:513023)   ,Diversified
513059,G.S.AUTO INT,G.S. AUTO (BSE code:513059)   ,Auto Ancillaries
945782,BARCLAYS11  ,Barclays11   (Bse Code: 945782 ),Un classified
934784,LTFINNCDIV  ,Ltfinncdiv   (Bse Code: 934784 ),Un classified
509887,SINNAR BIDI ,Sinnar Bidi  (Bse Code: 509887 ),Cigarettes
505530,PRISM INFO  ,Prism Info   (Bse Code: 505530 ),IT
513149,ACROW INDIA ,Acrow India Ltd(NDA) (BSE code:513149)   ,Others
513151,STI INDIA LT,STI India Ltd(NDA) (BSE code:513151)   ,Steel
513295,RUCHI STRIPS,Ruchi Strips & Alloys Ltd (BSE code:513295)   ,Steel
513333,BHUWALKA ST.,Bhuwalka Steel Industries Ltd (BSE code:513333)   ,Steel
522091,UV DER HORST,UV DER HORST (BSE code:522091)   ,Engineering
522134,ARTSON ENG  ,Artson Engineering Ltd (BSE code:522134)   ,Engineering
522152,SOLITAIR MAC,SOLITAIR MAC (BSE code:522152)   ,Engineering
522165,INDSIL HYD  ,Indsil Hydro Power and Manganese Ltd (BSE code:522165)   ,Steel
522207,RASANDIK ENG,Rasandik Engineering Industries Ind(NDA) (BSE code:522207)   ,Auto Ancillaries
522217,GUJ APO IND ,Gujarat Apollo Industries Ltd(NDA) (BSE code:522217)   ,Others
522231,CONART ENG. ,Conart Engineers Ltd(NDA) (BSE code:522231)   ,Construction and Building Materials
522259,KALINDEE RAI,Kalindee Rail Nirman (Engineers) Ltd. (BSE code:522259)   ,Engineering
522267,VEEJAY LAKSH,Veejay Lakshmi Engineering Works Ltd (BSE code:522267)   ,Engineering
522273,AHMED.STEEL ,AHMEDA STEEL(BSE INDONEXT) (BSE code:522273)   ,Steel
522287,KALPA.POWER ,Kalpataru Power Transmission Limited (BSE code:522287)   ,Power
522298,MICRO FORGE ,MICRO FORGE (BSE code:522298)   ,Engineering
523023,SINCLAIR HOT,Sinclairs Hotels Limited (BSE code:523023)   ,Tourism and Hotels
533172,RELIGAREGOLD,Religaregold,Financial Services
500510,LARSEN & TOU,Larsen & Tou (Bse Code: 500510 ),Engineering
506605,POLYCHEM    ,Polychem     (Bse Code: 506605 ),Chemicals
500357,RAMA PAPER  ,Rama Paper   (Bse Code: 500357 ),Paper
500002,ABB LTD.    ,Abb Ltd.     (Bse Code: 500002 ),Engineering
500490,BAJ HOLD INV,Baj Hold Inv (Bse Code: 500490 ),Financial Services
500078,CAMPH.& ALL ,Camph.& All  (Bse Code: 500078 ),Chemicals
500171,GHCL LTD    ,Ghcl Ltd     (Bse Code: 500171 ),Chemicals
500570,TATA MOTORS ,Tata Motors  (Bse Code: 500570 ),Automobiles
500456,PAS.ACRYLON ,Pas.Acrylon  (Bse Code: 500456 ),Textile
506852,PUN.ALKALI  ,Pun.Alkali   (Bse Code: 506852 ),Chemicals
500330,RAYMOND     ,Raymond      (Bse Code: 500330 ),Textile
509055,VISAKA IND. ,Visaka Ind.  (Bse Code: 509055 ),Diversified
500114,TITAN IND.  ,Titan Ind.   (Bse Code: 500114 ),Fashion and personal items
506985,TWILITAKA PH,Twilitaka Ph (Bse Code: 506985 ),Pharmaceuticals
508980,FRONT.LEAS. ,Front.Leas.  (Bse Code: 508980 ),Financial Services
503655,AEONIAN PUB ,Aeonian Pub  (Bse Code: 503655 ),Financial Services
961662,Bajaufinwar  (Bse Code: 961662 ),Bajaufinwar  (Bse Code: 961662 ),Un classified
500155,GARDEN SILK ,Garden Silk  (Bse Code: 500155 ),Textile
500188,HINDUS.ZI   ,Hindus.Zi    (Bse Code: 500188 ),Non Ferrous Metals
500199,I.G.PETRO   ,I.G.Petro    (Bse Code: 500199 ),Petro Chemicals
500231,UMANG DAIR  ,Umang Dair   (Bse Code: 500231 ),Food Processing
507886,DHRUV ESTATE,Dhruv Estate (Bse Code: 507886 ),Construction and Building Materials
500009,A.SARABHAI  ,A.Sarabhai   (Bse Code: 500009 ),Pharmaceuticals
519485,KOHINOORTEC ,Asian I Netw (Bse Code: 519485 ),Telecom
504701,GONTER PEIP ,Gonter Peip  (Bse Code: 504701 ),Steel
505893,HIND.HARDY  ,Hind.Hardy   (Bse Code: 505893 ),Auto Ancillaries
506395,COROM INTER ,Corom Inter  (Bse Code: 506395 ),Agricultural Related
500134,ESSAR OIL   ,Essar Oil    (Bse Code: 500134 ),Oil and Gas
502893,NEEMTEK ORG ,Neemtek Org  (Bse Code: 502893 ),Textile
503780,NRC LTD.    ,Nrc Ltd.     (Bse Code: 503780 ),Diversified
500314,ORIENT HOTEL,Orient Hotel (Bse Code: 500314 ),Tourism and Hotels
509631,HEG LIMITED ,Heg Limited  (Bse Code: 509631 ),Engineering
505523,MAHA.INDUS.L,Maha.Indus.L (Bse Code: 505523 ),Financial Services
500368,RUCHI SOYA  ,Ruchi Soya   (Bse Code: 500368 ),Food Processing
507759,LIME CHEM.  ,Lime Chem.   (Bse Code: 507759 ),Chemicals
503873,PRI.SPINNING,Pri.Spinning (Bse Code: 503873 ),Textile
507300,RAVALGAON   ,Ravalgaon    (Bse Code: 507300 ),Food Processing
500444,WEST COAST  ,West Coast   (Bse Code: 500444 ),Paper
503205,SHREE RAM   ,Shree Ram    (Bse Code: 503205 ),Textile
504973,TUBE INV.   ,Tube Inv.    (Bse Code: 504973 ),Diversified
501827,CENTRAL RLY ,Central Rly  (Bse Code: 501827 ),Others
506597,AMAL PRODUCT,Amal Product (Bse Code: 506597 ),Dye Material
500463,AVAYA GLOBAL,Avaya Global (Bse Code: 500463 ),Telecom
505982,HINDUJA FOUN,Hinduja Foun (Bse Code: 505982 ),Steel
945690,ECL33       ,Ecl33       ,Un classified
961688,BFL WARRANT ,Bfl Warrant ,Un classified
502850,Gaekwar     ,Gaekwar     ,Textile
511359,AD-MANUM FIN,Ad-Manum Fin (Bse Code: 511359 ),Financial Services
500029,AUTOLITE(I) ,Autolite(I)  (Bse Code: 500029 ),Auto Ancillaries
500019,BANK OF RAJ.,Bank Of Raj. (Bse Code: 500019 ),Banks
504028,GEE LTD     ,Gee Ltd      (Bse Code: 504028 ),Engineering
504786,INVEST &PREC,Invest &Prec (Bse Code: 504786 ),Steel
509496,ITDCEM      ,Itdcem       (Bse Code: 509496 ),Construction and Building Materials
502180,SRI DIGV CEM,Sri Digv Cem (Bse Code: 502180 ),Cement
531419,Goplee Infot,Goplee Infot,Financial Services
590038,VISU INTL   ,Visu International Ltd(NDA) (BSE code:590038)   ,Others
590050,CSS TECH    ,CSS Technergy Ltd (NDA) (BSE code:590050)   ,IT
590055,POLYSPIN EXP,Polyspin Exports Ltd. (BSE code:590055)   ,Others
590062,ANDHRA SUGAR,The Andhra Sugars Limited (BSE code:590062)   ,Diversified
590067,KCP SUGAR IN,KCP Sugar and Industries Corp. Ltd. (BSE code:590067)   ,Sugar
590076,CAMSON BIO  ,Camson Bio Technologies Ltd (BSE code:590076)   ,Agricultural Related
590080,EASTERN GAS ,Eastern Gases Ltd. (BSE code:590080)   ,Oil and Gas
590083,MAVENS BIO  ,Mavens Biotech Ltd (BSE code:590083)   ,Others
590087,ELLENBARRIE ,Ellenbarrie Industrial Gases Limited (BSE code:590087)   ,Oil and Gas
590091,TRINETHRA IN,Trinethra Infra Ventures Limited (BSE code:590091)   ,Construction and Building Materials
590096,LIQUIDBEES  ,BENCHMARK ASSET MG BENCHMARK ASSET ORD INR1000 (BSE code:590096)   ,Financial Services
590106,BANK BEES   ,BANK BEES (BSE code:590106)   ,Financial Services
632149,BANK OF INDI,BANK OF INDI (BSE code:632149)   ,Banks
700087,MUKUND CRPS ,MUKAND CRPS (BSE code:700087)   ,Un classified
522292,CHANDNI TEXT,Chandni Text (Bse Code: 522292 ),Textile
531261,CONCUR INFR ,Concur Infr  (Bse Code: 531261 ),Financial Services
500068,DISA INDIA  ,Disa India   (Bse Code: 500068 ),Engineering
500145,FIRST LEASIN,First Leasin (Bse Code: 500145 ),Financial Services
500308,NIRMA LTD   ,Nirma Ltd    (Bse Code: 500308 ),Personal Care
500173,GUJ.FLOURO  ,Guj.Flouro   (Bse Code: 500173 ),Chemicals
500184,HIMADRI CHEM,Himadri Chem (Bse Code: 500184 ),Chemicals
503685,MEDIA ONE   ,Media One    (Bse Code: 503685 ),Financial Services
961680,MONEY MA WR ,Money Ma Wr  (Bse Code: 961680 ),Un classified
507794,KHAITAN CHEM,Khaitan Chem (Bse Code: 507794 ),Agricultural Related
934780,TATACAP IV  ,Tatacap Iv   (Bse Code: 934780 ),Un classified
500412,THIRUMALAI  ,Thirumalai   (Bse Code: 500412 ),Chemicals
500361,RAS PROPACK ,Ras Propack  (Bse Code: 500361 ),Packaging
500024,ASSAM CO.LTD,Assam Co.Ltd (Bse Code: 500024 ),Agricultural Related
506971,BB REALTY   ,Bb Realty    (Bse Code: 506971 ),Textile
505690,BRADY MORRIS,Brady Morris (Bse Code: 505690 ),Engineering
500013,ANSAL INFRAS,Ansal Infras (Bse Code: 500013 ),Real Estate
506390,CLARI CHEM  ,Clari Chem   (Bse Code: 506390 ),Dye Material
506687,TRANSPEK    ,Transpek     (Bse Code: 506687 ),Chemicals
522014,UNITED DRILL,UNITED DRI T (BSE code:522014)   ,Engineering
511577,SAVANI FIN. ,SAVANI FINAN (BSE code:511577)   ,Financial Services
531420,BMB MUSIC   ,BMB MUSIC MG (BSE code:531420)   ,Media and Entertainment
533152,MBL INFRA   ,MBL Infrastructures Limited (BSE Scrip Code:533152),Construction and Building Materials
531977,CHARTERLOGIS,CHARTERLOGIS (BSE code:531977)   ,Courier and Logistic Services
526917,CHD DEV LTD ,CHD Developers Ltd (BSE code:526917)   ,Tourism and Hotels
500110,CHENNAI PET.,Chennai Pet. (Bse Code: 500110 ),Oil and Gas
531358,CHOICE INT. ,CHOIC INTERN (BSE code:531358)   ,Financial Services
530825,DAIKAFFIL CH,DAIKAF CHEMI (BSE code:530825)   ,Dye Material
506401,DEEPAK NITR.,Deepak Nitr. (Bse Code: 506401 ),Chemicals
532848,DELTA CORP  ,Delta Corp Ltd (BSE code:532848)   ,Others
502512,DHAM SUGAR  ,Dham Sugar   (Bse Code: 502512 ),Sugar
507717,DHAN AGRI   ,Dhan Agri    (Bse Code: 507717 ),Agricultural Related
526504,DOLPHIN MEDI,DOLPH MED SE (BSE code:526504)   ,Others
532920,EMPEE DIST  ,Empee Distilleries Limited (BSE code:532920)   ,Breweries and Distilleries
532287,ENTEGRA LTD ,Entegra Ltd(NDA) (BSE code:532287)   ,IT
531486,FILMCITY MED,FILMCIT MEDI (BSE code:531486)   ,Media and Entertainment
502865,FORBES & CO ,Forbes & Co  (Bse Code: 502865 ),Diversified
511714,NCJ INTERNAT,NCJ INTERNAT (BSE code:511714)   ,IT
506579,ORIENT.CARB.,Orient.Carb. (Bse Code: 506579 ),Others
524820,PANAMA PETRO,Panama Petrochem Ltd. (BSE code:524820)   ,Chemicals
500222,JCT ELECTRON,Jct Electron (Bse Code: 500222 ),Consumer Durables
523592,JENSON &NICH,Jenson & Nicholson India Ltd (BSE code:523592)   ,Paints
526797,GREENPLY IND,Greenply Industries Ltd. (BSE code:526797)   ,Others
506858,GUJ.PETRO   ,Guj.Petro    (Bse Code: 506858 ),Petro Chemicals
500266,MAH.SCOOTER ,Mah.Scooter  (Bse Code: 500266 ),Automobiles
532500,MARUTISUZUK ,Maruti Suzuki India Ltd (BSE code:532500)   ,Automobiles
530257,MIDAS PHARMA,MIDA PHARMAS (BSE code:530257)   ,Pharmaceuticals
500109,MRPL        ,Mrpl         (Bse Code: 500109 ),Oil and Gas
531834,NATURA HUE C,NATURA HUE C (BSE code:531834)   ,Others
517056,RPG CABLES  ,RPG Cables Ltd. (BSE code:517056)   ,Engineering
526477,S.A.ENTERPR.,SOUTH ASIA E (BSE code:526477)   ,Tourism and Hotels
511066,SAKTHI FIN. ,Sakthi Fin.  (Bse Code: 511066 ),Financial Services
500239,KG DENIM    ,Kg Denim     (Bse Code: 500239 ),Textile
530139,KREON FIN   ,Kreon Finnancial Services Ltd (BSE code:530139)   ,Financial Services
526596,LIBERTY SHOE,Liberty Shoes Ltd. (BSE code:526596)   ,Fashion and personal items
517168,SUBROS LTD. ,Subros Limited (BSE code:517168)   ,Auto Ancillaries
513597,SURANA INDS ,Surana Industries Ltd (BSE code:513597)   ,Steel
519285,TARAI FOODS ,TARAI FOOD L (BSE code:519285)   ,Food Processing
500770,TATA CHEM.  ,Tata Chem.   (Bse Code: 500770 ),Diversified
500411,THERMAX     ,Thermax      (Bse Code: 500411 ),Engineering
523127,EIH ASSO.HOT,EIH Associated Hotels Ltd. (BSE code:523127)   ,Tourism and Hotels
523200,CLASS.DIAM. ,Classic Diamonds India Ltd. (BSE code:523200)   ,Fashion and personal items
523236,SHRENUJ & CO,Shrenuj & Company Ltd. (BSE code:523236)   ,Fashion and personal items
523269,ADVANI HOTEL,Advani Hotels & Resorts India Ltd. (BSE code:523269)   ,Tourism and Hotels
523307,PANASON HOME,Panasonic Home Appliances India Com (BSE code:523307)   ,Consumer Durables
523333,POLAR PHARMA,Polar Pharma India Ltd (BSE code:523333)   ,Pharmaceuticals
523367,DCM SHR.CON ,DCM Shriram Consolidated Limited (BSE code:523367)   ,Diversified
523387,TRITON CORP.,Triton Corp Ltd. (BSE code:523387)   ,Textile
523395,3M INDIA LTD,3M India Ltd. (BSE code:523395)   ,Others
523445,REL INDL INF,Reliance Industrial Infrastructure Ltd. (BSE code:523445)   ,Engineering
523475,LOTUS CHOC  ,Lotus Chocolates Co Ltd(NDA) (BSE code:523475)   ,Food Processing
523489,CMM HOSPITAL,Chennai Meenakshi Multispeciality H(NDA) (BSE code:523489)   ,Others
523537,APM INDUS.  ,APM Industries Ltd(NDA) (BSE code:523537)   ,Textile
523539,PRECISION WR,Precision Wires India Ltd. (BSE code:523539)   ,Non Ferrous Metals
523550,KRYPTON IND ,Krypton Industries Ltd(NDA) (BSE code:523550)   ,Tyres
523564,MORGAN IND  ,Morgan Industries Ltd(NDA) (BSE code:523564)   ,Packaging
523574,PANTALOON RE,Pantaloon Retail (India) Limited (BSE code:523574)   ,Retail
523586,IND.TONERS  ,Indian Toners & Developers Ltd(NDA) (BSE code:523586)   ,Others
523606,SIKA INTER. ,Sika Interplant Systems Ltd(NDA) (BSE code:523606)   ,Others
523610,ITI LTD.    ,ITI Limited (BSE code:523610)   ,Telecom
523696,FORTIS MLR  ,Fortis Malar Hospitals Limited (BSE code:523696)   ,HealthcareandHospitals
523710,SAYAJI HOTEL,Sayaji Hotels Ltd(NDA) (BSE code:523710)   ,Tourism and Hotels
523724,VIJAY SHA.BU,Vijay Shanthi Builders Ltd (BSE code:523724)   ,Construction and Building Materials
523756,SREIINFRA   ,SREI Infrastructure Finance Limited (BSE code:523756)   ,Financial Services
523770,INTEDIGITAL ,INTEDIGITAL (BSE code:523770)   ,Telecom
523844,INVICTA MED ,INVICTA MED (BSE code:523844)   ,HealthcareandHospitals
523850,AXTEL INDUS.,AXTEL INDUSR (BSE code:523850)   ,Engineering
524000,MAGMA FIN   ,Magma Fincorp Limited (BSE code:524000)   ,Financial Services
524019,HYDRO S & S*,Hydro S&S Filled Fibers Ltd(NDA) (BSE code:524019)   ,Plastic Processing
524129,VINYL CHEM  ,Vinyl Chemicals (India) Ltd (BSE code:524129)   ,Chemicals
524136,PEE CEE COSM,PEE CEE COSM (BSE code:524136)   ,Personal Care
524200,VINATI ORG. ,Vinati Organics Ltd(NDA) (BSE code:524200)   ,Pharmaceuticals
524218,RESONANCE   ,Resonance Specialties Ltd(NDA) (BSE code:524218)   ,Chemicals
524232,MAHA.POLYBUT,Maharashtra Polybutenes Limited (BSE code:524232)   ,Chemicals
524314,GUJ.TERC LAB,GUJRAT TERCE (BSE code:524314)   ,Pharmaceuticals
524342,INDO BORAX  ,Indo Borax and Chemicals Ltd(NDA) (BSE code:524342)   ,Chemicals
524378,UMA PETROPRO,JMDEPACK REA (BSE code:524378)   ,Packaging
524400,ISHITA DRUGS,ISHIT DRUG I (BSE code:524400)   ,Pharmaceuticals
511031,INTEG.FINANC,Integ.Financ (Bse Code: 511031 ),Financial Services
505052,CLUTCH.AUTO ,Clutch.Auto  (Bse Code: 505052 ),Auto Ancillaries
500480,CUMMINS (I) ,Cummins (I)  (Bse Code: 500480 ),Engineering
500672,NOVARTIS    ,Novartis     (Bse Code: 500672 ),Pharmaceuticals
502157,MANGALAM CEM,Mangalam Cem (Bse Code: 502157 ),Cement
500288,MOREPEN LAB.,Morepen Lab. (Bse Code: 500288 ),Pharmaceuticals
532398,UMESL       ,Usha Martin Education & Solutions Ltd (BSE code:532398)   ,IT
532399,RELMEDIA    ,Reliance MediaWorks Limited (BSE code:532399)   ,Media and Entertainment
531314,INTEGRA CAP.,INTEGRA CAPI (BSE code:531314)   ,Financial Services
500093,CROMPT.GREAV,Crompt.Greav (Bse Code: 500093 ),Engineering
500130,ELGI FINANCE,Elgi Finance (Bse Code: 500130 ),Financial Services
505729,SINGER INDIA,Singer India (Bse Code: 505729 ),Consumer Durables
524719,SOCRUS BIO  ,Socrus Bio   (Bse Code: 524719 ),HealthcareandHospitals
507878,UNITECH LTD ,Unitech Ltd  (Bse Code: 507878 ),Real Estate
934771,TITAN12MAY6 ,Titan12may6  (Bse Code: 934771 ),Un classified
502374,ELLORA PAPER,Ellora Paper (Bse Code: 502374 ),Paper
533067,Pennar Ind*  (Bse Code: 533067 ),Pennar Ind*  (Bse Code: 533067 ),Un classified
523652,KAL PLASTIK ,Kal Plastik  (Bse Code: 523652 ),Fashion and personal items
501430,Bom.Cycle    (Bse Code: 501430 ),Bom.Cycle    (Bse Code: 501430 ),Automobiles
670002,Pantalbndvr  (Bse Code: 670002 ),Pantalbndvr  (Bse Code: 670002 ),Un classified
503641,Growel Inv P (Bse Code: 503641 ),Growel Inv P (Bse Code: 503641 ),Real Estate
517044,Int.Data Man (Bse Code: 517044 ),Int.Data Man (Bse Code: 517044 ),Others
533156,VASCON ENG  ,Vascon Eng   (Bse Code: 533156 ),Real Estate
533160,D B REALTY  ,D B Realty   (Bse Code: 533160 ),Real Estate
506016,JALGAON RE-R,Jalgaon Re-R (Bse Code: 506016 ),Steel
530807,REGA REALTY ,Rega Realty  (Bse Code: 530807 ),Construction and Building Materials
590112,KOTAK NIFTY ,Kotak Nifty  (Bse Code: 590112 ),Financial Services
961668,ICIRIBSEPT07,Iciribsept07 (Bse Code: 961668 ),Un classified
503169,RUBY MILLS  ,Ruby Mills   (Bse Code: 503169 ),Textile
500285,SPICEJET LTD,Spicejet Ltd (Bse Code: 500285 ),Aviation
532154,ROBINSON WOR,Robinson Wor,Others
972485,NABARD01908 ,Nabard01908 ,Un classified
961650,ICIAPR30TS1 ,Iciapr30ts1 ,Un classified
945674,RICL01NOV07 ,Ricl01nov07 ,Un classified
533166,SUNDARAMMUL ,Sundarammul ,Others
934791,LNTF 2010AII,Lntf 2010aii,Un classified
934775,SAUCEM2006A ,Saucem2006a ,Un classified
531972,MAGICUT TOOL,Magicut Tool,Auto Ancillaries
945725,RANKINVSR08 ,Rankinvsr08 ,Un classified
972389,NABARD2I1   ,Nabard2i1   ,Un classified
531017,ARIHANT SEC.,Arihant Sec.,Financial Services
700112,ISPAT CRP 10,Ispat Crp 10,Un classified
700085,JSW 10% CRP ,Jsw 10% Crp ,Un classified
934792,BRITANIANCD ,Britaniancd ,Un classified
750479,ADANIENTLR  ,Adanientlr  ,Un classified
500284,LORDS CHLORO,Lords Chloro,Chemicals
750478,VIDEOCONLR  ,Videoconlr  ,Un classified
533179,PERSISTENT  ,Persistent  ,IT
531171,DEVIKA PROT.,Devika Prot.,Food Processing
533180,SHREEGANESH ,Shreeganesh ,Fashion and personal items
524446,SABERO ORG. ,Sabero Organics Gujarat Limited (BSE code:524446)   ,Agricultural Related
524500,KILITCH DRUG,Kilitch Drugs India Ltd(NDA) (BSE code:524500)   ,Pharmaceuticals
524518,KREBS BIOCHM,Krebs Biochemicals & Industries Ltd(NDA) (BSE code:524518)   ,Chemicals
524558,NEULAND LAB.,Neuland Laboratories Ltd. (BSE code:524558)   ,Pharmaceuticals
524580,PRIYA LTD.  ,PRIYA LIMITD(BSE INDONEXT) (BSE code:524580)   ,Others
524598,AKSHARCHEM I,AKSHARCHEM I(BSE INDONEXT) (BSE code:524598)   ,Dye Material
524610,RATHI GRAPH.,Rathi Graphics Technologies Ltd(NDA) (BSE code:524610)   ,Others
524648,INDO AMINES ,INDO AMINES(BSE INDONEXT) (BSE code:524648)   ,Chemicals
524683,METROCHE.IND,Metrochem Industries Ltd(NDA) (BSE code:524683)   ,Dye Material
524709,NAGAR.AGRICH,Nagarjuna Agrichem Ltd (BSE code:524709)   ,Agricultural Related
524715,SUN PHARMA. ,Sun Pharmaceutical Industries Limited (BSE code:524715)   ,Pharmaceuticals
524748,LINK PHARMA ,LINK PHARMA (BSE code:524748)   ,Chemicals
526117,SHERVANI IND,Shervani Industrial Syndicate Ltd(NDA) (BSE code:526117)   ,Others
526139,TRANSGENE BI,Transgene Biotek Ltd (BSE code:526139)   ,HealthcareandHospitals
526159,NIKHIL ADHSV,Nikhil Adhesives Ltd (BSE code:526159)   ,Others
526193,ROYAL CUSHIO,Royal Cushion Vinyl Products Ltd.(NDA) (BSE code:526193)   ,Plastic Processing
526227,FILATEX INDI,Filatex India Limited (BSE code:526227)   ,Textile
526247,PREMIER EXPL,Premier Explosives Limited (BSE code:526247)   ,Others
526307,HIND.INDUSTR,Hind Industries Ltd(NDA) (BSE code:526307)   ,Food Processing
526381,PAT INT LOG ,Patel Integrated Logistics Ltd (BSE code:526381)   ,Others
526445,INDRAYANI BI,INDRAYAN BIO (BSE code:526445)   ,Others
526473,ELEGANT FLOR,ELEG FLOR AG (BSE code:526473)   ,Others
526481,PHOENIX INT.,Phoenix International Ltd (BSE code:526481)   ,Others
526538,MAXIMAA SYST,MAXIMAA SYSE (BSE code:526538)   ,Breweries and Distilleries
526550,COUNTRY CLUB,Country Club India Ltd (BSE code:526550)   ,Others
526568,LONGVIEW TEA,LONGVI TEA C (BSE code:526568)   ,Agricultural Related
526582,TPL PLAST   ,TPL Plastech Limited (BSE code:526582)   ,Plastic Processing
526608,ELECTROTHERM,Electrotherm (India) Ltd (BSE code:526608)   ,Engineering
526612,BLUE DART EX,Blue Dart Express Limited (BSE code:526612)   ,Courier and Logistic Services
526652,CALS REF LTD,Cals Refineries Ltd (BSE code:526652)   ,Oil and Gas
526668,KAMAT HOTELS,Kamat Hotels India Ltd. (BSE code:526668)   ,Tourism and Hotels
526707,ALCHEMIST LT,Alchemist Ltd. (BSE code:526707)   ,Food Processing
514128,KONARK SYN. ,KONARK SYNTH (BSE code:514128)   ,Textile
517463,LINAKS MICRO,LINAK MICROE (BSE code:517463)   ,Engineering
530425,SUNDAY EXPOR,SUNDAY EXPOR (BSE code:530425)   ,Textile
505397,TECHNO ELEC ,Techno Elec  (Bse Code: 505397 ),Engineering
514484,THAMBI MOD. ,THAMBBI MODERN SPI INR10 (BSE code:514484)   ,Textile
946817,Ndl08jun10  ,Ndl08jun10  ,Un classified
506267,Assam Petro ,Assam Petro ,Un classified
590118,Infronics   ,Infronics   ,IT
526687,POLO HOTELS ,POLO HOTELS (BSE code:526687)   ,Tourism and Hotels
533100,PREMIER ENER,Premier Energy and Infrastructure Ltd (BSE code:533100)   ,Infrastructure Facilities
532675,PRITHVI INFO,PRITHVI INFO (BSE code:532675)   ,IT
524037,RAMA PHOSPH ,RAMA PHOS LT (BSE code:524037)   ,Agricultural Related
508136,BB REALTY   ,Bb Realty    (Bse Code: 508136 ),Agricultural Related
506093,BCL FORGING ,Bcl Forging  (Bse Code: 506093 ),Steel
509480,BERGER PAINT,Berger Paint (Bse Code: 509480 ),Paints
511501,BHARAT BHUSH,BHARAT BHUSH (BSE code:511501)   ,Financial Services
524396,BIOFIL CHEM ,BIOFIL CH PH (BSE code:524396)   ,Pharmaceuticals
506981,BL.CHIP TEX ,Bl.Chip Tex  (Bse Code: 506981 ),Textile
532290,BLB LTD.    ,BLB Ltd(NDA) (BSE code:532290)   ,Financial Services
531175,BLS INFOTE  ,BLS Infotech Limited(NDA) (BSE code:531175)   ,IT
526731,BRIGHT BROS.,Bright Brothers Limited (BSE code:526731)   ,Plastic Processing
509563,GARWA.MARINE,Garwa.Marine (Bse Code: 509563 ),Others
532345,GATI LTD.   ,Gati Limited (BSE code:532345)   ,Courier and Logistic Services
533104,GLOBUS SPR  ,Globus Spirits Limited (BSE code:533104)   ,Breweries and Distilleries
521131,ANJANI FABRI,Anjani Fabrics Ltd (BSE code:521131)   ,Textile
514258,HYTONE TEXST,HYTONE TEXST (BSE code:514258)   ,Textile
531840,IEC EDU     ,IEC EDU (BSE code:531840)   ,IT
500209,INFOSYS TECH,Infosys Tech (Bse Code: 500209 ),IT
523638,IP RINGS LTD,IP Rings Limited (BSE code:523638)   ,Auto Ancillaries
500084,CESC LTD.   ,Cesc Ltd.    (Bse Code: 500084 ),Power
532363,COMP-U-LEARN,COMP-U-LEARN TECH INR10 (BSE code:532363)   ,IT
590031,DE NORA     ,De Nora India Ltd(NDA) (BSE code:590031)   ,Engineering
526315,DIVYA.GRANIT,Divyashakti Graniter Ltd(NDA) (BSE code:526315)   ,Mining
526285,DIVYAJYOTI I,DIVYAJYO IND (BSE code:526285)   ,Food Processing
512369,ENNORE COKE ,ENNORE COKE (BSE code:512369)   ,Textile
500495,ESCORTS LTD.,Escorts Ltd. (Bse Code: 500495 ),Automobiles
961685,FORTISWARR  ,Fortiswarr   (Bse Code: 961685 ),Un classified
513579,FOUNDRY FUEL,FOUNDRY FUEL (BSE code:513579)   ,Mining
532155,GAIL (I) LTD,GAIL (India) Limited (BSE code:532155)   ,Oil and Gas
504058,NIPPO BATT  ,Nippo Batt   (Bse Code: 504058 ),Batteries
590074,ORTIN LABS  ,ORTINLABS (BSE code:590074)   ,Pharmaceuticals
500223,JCT LTD     ,Jct Ltd      (Bse Code: 500223 ),Textile
504920,JHAGAD COP  ,Jhagad Cop   (Bse Code: 504920 ),Non Ferrous Metals
511288,GRUH FINANCE,Gruh Finance (Bse Code: 511288 ),Housing Finance
532139,G-TECH INFO.,GTECH INFOTR (BSE code:532139)   ,Financial Services
514308,HANJER FIBRE,HANJER FIBRE (BSE code:514308)   ,Textile
526935,M.B.PARIKH  ,M B PARIK FI (BSE code:526935)   ,Financial Services
500277,MID INDIA IN,Mid India In (Bse Code: 500277 ),Textile
532539,MINDA IND   ,Minda Industries Ltd. (BSE code:532539)   ,Auto Ancillaries
531595,MONEY MAT F ,MONEY MAT F (BSE code:531595)   ,Financial Services
531716,RIDS SECUR. ,RIDS SECURIT (BSE code:531716)   ,Financial Services
524440,CAMEX LTD   ,CAMEX LTD (BSE code:524440)   ,Dye Material
524448,AHLCON PAREN,Ahlcon Parenterals India Ltd (BSE code:524448)   ,Pharmaceuticals
524522,LAFFANS PETR,Laffans Petrochemicals Ltd(NDA) (BSE code:524522)   ,Chemicals
524552,SHASUN CHEM.,Shasun Chemicals & Drugs Limited (BSE code:524552)   ,Pharmaceuticals
524564,GAYATRI BIO ,Gayatri Starchkem Ltd. (BSE code:524564)   ,Others
524570,PODDAR PIGM.,Poddar Pigments Ltd(NDA) (BSE code:524570)   ,Others
524594,ASHOK-ALCO  ,ASHOK ALCO-CHEM LT INR10 (BSE code:524594)   ,Chemicals
524608,FEM CARE PH.,Fem Care Pharma Ltd. (BSE code:524608)   ,Personal Care
524634,ALU FLUORIDE,Alufluoride Ltd (BSE code:524634)   ,Chemicals
524663,BH.IMMUN&BIO,Bharat Immunologicals and Biologica(NDA) (BSE code:524663)   ,Pharmaceuticals
524687,BASANT AGRO ,Basant Agro Tech India Ltd(NDA) (BSE code:524687)   ,Agricultural Related
524699,KILBURN CHEM,Kilburn Chemicals Ltd (BSE code:524699)   ,Chemicals
524717,TITAN BIOTEC,TITAN BIOTEC(BSE INDONEXT) (BSE code:524717)   ,Chemicals
524731,JENBURKT PH.,Jenburkt Pharmaceuticals Ltd(NDA) (BSE code:524731)   ,Pharmaceuticals
524760,ARVIND INTER,ARVIND INTER(BSE INDONEXT) (BSE code:524760)   ,Plastic Processing
524768,EMMESSAR BIO,EMMESSA BIOT (BSE code:524768)   ,Chemicals
524796,VARDHMAN LAB,VARDHMAN LABORATOR INR10 (BSE code:524796)   ,Pharmaceuticals
524804,AUROB.PHARMA,Aurobindo Pharma Limited (BSE code:524804)   ,Pharmaceuticals
524818,DYNAMIC IND.,Dynamic Industries Ltd(NDA) (BSE code:524818)   ,Dye Material
524826,JUPITER BIOS,Jupiter Bioscience Ltd (BSE code:524826)   ,Pharmaceuticals
526009,PROCAL ELECT,PROCA ELE IN (BSE code:526009)   ,Engineering
526049,LAKHMI COT  ,Shri Lakshmi Cotsyn Limited (BSE code:526049)   ,Textile
526093,SATVAH.ISPAT,Sathavahana Ispat Ltd. (BSE code:526093)   ,Steel
526113,UNIROYAL MAR,UNIROYAL MAR (BSE code:526113)   ,Food Processing
526133,SUPERTEX IND,Supertex Industries Ltd(NDA) (BSE code:526133)   ,Textile
526137,SHETRON LTD ,Shetron Limited (BSE code:526137)   ,Packaging
526195,NEOGEM INDIA,NEOGEM INDIA (BSE code:526195)   ,Others
526225,BLOOM DEKOR ,BLOOM DEKOR(BSE INDONEXT) (BSE code:526225)   ,Paper
526235,MERCATOR LIN,Mercator Lines Limited (BSE code:526235)   ,Shipping
526237,MORGAN VENT ,Morgan Ventures Ltd(NDA) (BSE code:526237)   ,Financial Services
526313,NU-TECH CORP,Nu-Tech Corporate Services Ltd (BSE code:526313)   ,Financial Services
526373,CINDRELLA HT,CINDRELLA HOTELS L INR10 (BSE code:526373)   ,Tourism and Hotels
526463,U G HOTELS  ,U G HOTELS R (BSE code:526463)   ,Tourism and Hotels
513335,AHMED.FORG  ,Ahmednagar Forgings Ltd. (BSE code:513335)   ,Engineering
513353,COCHIN MIN. ,Cochin Minerals & Rutile Ltd(NDA) (BSE code:513353)   ,Chemicals
513369,RAJKUMAR FRG,Rajkumar Forge limited (BSE code:513369)   ,Engineering
513414,SUJANA METAL,Sujana Metal Products Limited (BSE code:513414)   ,Steel
513452,ELANGO INDUS,Elango Industries Limited(NDA) (BSE code:513452)   ,Steel
513517,STEELCAST   ,Steelcast Ltd(NDA) (BSE code:513517)   ,Steel
533181,INTRASOFT   ,Intrasoft   ,IT
514171,CEETA IND.  ,Ceeta Ind.  ,Textile
502460,SOLID CONT. ,Solid Cont. ,Paper
531043,DHAN JEEVAN ,Dhan Jeevan ,HealthcareandHospitals
531982,SPECTR FOOD ,Spectr Food ,Others
531506,Shukr Bull  ,Shukr Bull  ,Fashion and personal items
526532,ESSEN SUPPLE,Essen Supple,Chemicals
505285,TULIVE      ,Tulive      ,Engineering
533200,TALWALKAR   ,Talwalkar   ,HealthcareandHospitals
511016,PREMIER CAP.,Premier Cap.,Financial Services
501622,Amalgamated ,Amalgamated ,Others
531065,Oswal Overse,Oswal Overse,Others
533206,SJVN        ,Sjvn        ,Power
531320,ARSI COSMET.,Arsi Cosmet.,Chemicals
533207,JPINFRATEC  ,Jpinfratec  ,Infrastructure Facilities
533139,FFTF16BGR   ,Fftf16bgr   ,Un classified
972341,Nabardsr2d2 ,Nabardsr2d2 ,Un classified
507970,PARA. COSMET,Para. Cosmet,Personal Care
632134,BNK OF BA(FI,Bnk Of Ba(Fi,Un classified
530887,INCAP FIN.  ,Incap Fin.  ,Un classified
509046,Leena Cons. ,Leena Cons. ,Others
530967,TCL TECHNOLO,Tcl Technolo,Chemicals
532962,DWS FTS43 RG,Dws Fts43 Rg,Un classified
946530,BARCLAYS123 ,Barclays123 ,Un classified
946122,EDEL13APR9B ,Edel13apr9b ,Un classified
946121,EDEL09APR9A ,Edel09apr9a ,Un classified
530167,MOONGIPA CAP,Moongipa Cap,Financial Services
710046,JCOP OCCRPS2,Jcop Occrps2,Un classified
518011,KEERTHI     ,Keerthi     ,Cement
504341,RAVINDRA TRA,Ravindra Tra,Financial Services
533220,Midfield    ,Midfield    ,Steel
590115,M50 Etf     ,M50 Etf     ,Financial Services
530915,J.R.Foods   ,J.R.Foods   ,Food Processing
504392,Krishna Ven ,Krishna Ven ,Real Estate
533228,Sks Micro   ,Sks Micro   ,Financial Services
533229,Bajaj Corp  ,Bajaj Corp  ,Personal Care
700005,Blue Blen(Pr,Blue Blen(Pr,Un classified
533239,Prakashstl  ,Prakashstl  ,Steel
504008,EMCO LTD.   ,Emco Ltd.    (Bse Code: 504008 ),Engineering
532313,MAHINDRALIFE,Mahindra Lifespace Developers Ltd. (BSE code:532313)   ,Real Estate
501477,MULLER & PHI,Muller & Phi (Bse Code: 501477 ),Personal Care
523594,KUNSTSTOFFE ,KUNSTSTOF IN (BSE code:523594)   ,Plastic Processing
500323,PAREKH PLATI,Parekh Plati (Bse Code: 500323 ),Others
532879,SIR SHADI LA,SIR SHADI LA (BSE code:532879)   ,Sugar
514142,TT LTD.     ,TT Ltd(NDA) (BSE code:514142)   ,Textile
500425,AMBUJA CEME ,Ambuja Ceme  (Bse Code: 500425 ),Cement
532406,AVANTEL LTD ,Avantel Softech Ltd. (BSE code:532406)   ,IT
531807,ING VYSYA BN,ING Vysya Bank Limited (BSE code:531807)   ,Banks
531162,EMAMI LTD.  ,Emami Limited (BSE code:531162)   ,Personal Care
523405,JM FINANCIAL,JM Financial Limited (BSE code:523405)   ,Financial Services
523021,RISHI PACKER,Rishi Packers Ltd(NDA) (BSE code:523021)   ,Packaging
590097,KOTAKGOLDETF,KOTAKGOLDETF (BSE code:590097)   ,Financial Services
531855,PRABHAV IND ,PRABHAV IND (BSE code:531855)   ,Construction and Building Materials
517059,SALZER ELEC ,Salzer Electronics Ltd(NDA) (BSE code:517059)   ,Engineering
517063,JETINFOTRAN ,Jetking Infotrain Ltd.(NDA) (BSE code:517063)   ,IT
517166,SPEL SEMICON,SPEL Semiconductor Limited (BSE code:517166)   ,IT
517201,SWITCH.TECH.,Switching Technology Gunther Ltd(NDA) (BSE code:517201)   ,Telecom
517250,INTEGRA IND ,Integra Hindustan Controls Ltd(NDA) (BSE code:517250)   ,Others
517271,HBL P SYS   ,HBL Power Systems Ltd. (BSE code:517271)   ,Batteries
517300,GUJ.IND.POW.,Gujarat Industries Power Company Limited (BSE code:517300)   ,Power
517380,IGARSHI MOT ,Igarashi Motors India Ltd. (BSE code:517380)   ,Auto Ancillaries
517385,SYMPHONY COM,SYMPHONY CONF SYS INR10 (BSE code:517385)   ,Consumer Durables
517429,VJIL CONSULT,VJIL Consulting Limited (BSE code:517429)   ,IT
517494,ACCEL TRANS ,Accel Transmatic Systems Ltd (BSE code:517494)   ,IT
517498,WEBSOL      ,Websol Energy Systems Limited (BSE code:517498)   ,Power
517514,D&H WELDING ,D&H Welding Electrodes India Ltd(NDA) (BSE code:517514)   ,Engineering
517552,ADVANCED MIC,Advanced Micronic Devices Limited (BSE code:517552)   ,Others
517569,KEI INDUST. ,KEI Industries Limited (BSE code:517569)   ,Engineering
518029,GUJ.SIDH.CEM,Gujarat Sidhee Cement Ltd (BSE code:518029)   ,Cement
519003,MODINATURAL ,Fortis Haitong Income (MUTF_CN:519003)  ,Food Processing
519039,VIPPY INDUS.,Changsheng Tongde Sector Growth Fund (MUTF_CN:519039)  ,Food Processing
519214,WILLIAM.FIN.,Williamson Financial Services Ltd (BSE code:519214)   ,Financial Services
519248,JVL AGRO    ,JVL Agro Industries Limited (BSE code:519248)   ,Food Processing
519307,VIKAS WSP   ,Vikas WSP Limited (BSE code:519307)   ,Others
519323,MURLI INDU  ,Murli Industries Ltd. (BSE code:519323)   ,Food Processing
519439,PIONEER AGRO,Pioneer Agro Extracts Ltd(NDA) (BSE code:519439)   ,Food Processing
519552,HERITAGE FOO,Heritage Foods (India) Limited (BSE code:519552)   ,Food Processing
519600,CCL PRODUCTS,CCL Products (India) Limited (BSE code:519600)   ,Agricultural Related
520057,SONA KOYO ST,Sona Koyo Steering Systems Limited (BSE code:520057)   ,Auto Ancillaries
520073,RAUNAQ AUTO ,Raunaq Automotive Components Ltd(NDA) (BSE code:520073)   ,Auto Ancillaries
520119,AUTOMOTIVE S,Automotive Stampings and Assemblies Ltd (BSE code:520119)   ,Engineering
521076,AMIT SPIN.  ,Amit Spinning Industries Ltd(NDA) (BSE code:521076)   ,Textile
521099,EMTEX IND.  ,EMTEX INDUST (BSE code:521099)   ,Textile
521147,MILLENNIUM B,Millennium Beer Industries Ltd (BSE code:521147)   ,Breweries and Distilleries
521176,GANGOTRI TEX,Gangotri Textiles Ltd(NDA) (BSE code:521176)   ,Textile
521180,SUPER SPIN. ,Super Spinning Mills Ltd (BSE code:521180)   ,Textile
521200,SURYLAK.COTT,Suryalakshmi Cotton Mills Limited (BSE code:521200)   ,Textile
502880,HINDOO.SPIN.,Hindoo.Spin. (Bse Code: 502880 ),Textile
532960,IB SECURITIE,Indiabulls Securities Ltd. (BSE code:532960)   ,Financial Services
531578,KMF BUILDERS,KMF BUILDERS (BSE code:531578)   ,Construction and Building Materials
500252,LAKSHMI MACH,Lakshmi Mach (Bse Code: 500252 ),Engineering
530759,STERL.TOOLS ,Sterling Tools Ltd (BSE code:530759)   ,Engineering
532348,SUBEX LTX   ,Subex Ltd. (BSE code:532348)   ,IT
530735,SUPER BAKERS,SUPER BAKE I (BSE code:530735)   ,Food Processing
522294,T & I GLOBAL,T&I GLOBAL L (BSE code:522294)   ,Others
532444,T. SPIRITUAL,T. Spiritual World Ltd (BSE code:532444)   ,IT
500408,TATA ELXSI  ,Tata Elxsi   (Bse Code: 500408 ),IT
532742,PAUSHAK LTD ,Paushak Ltd(NDA) (BSE code:532742)   ,Chemicals
530381,PETRON ENGG.,Petron Engineering Construction Ltd. (BSE code:530381)   ,Construction and Building Materials
532366,PNB GILTS   ,PNB Gilts Ltd. (BSE code:532366)   ,Financial Services
522205,PRAJ IND.LTD,PRAJ Industries Limited (BSE code:522205)   ,Engineering
523289,RAMA VISION ,RAMA VISIO L (BSE code:523289)   ,Engineering
532369,RAMCO INDS. ,Ramco Industries Ltd. (BSE code:532369)   ,Construction and Building Materials
500360,RAPICUT CARB,Rapicut Carb (Bse Code: 500360 ),Engineering
532055,RASHEL AGRO.,RASHEL AGROT (BSE code:532055)   ,Food Processing
533065,REISIX TENR ,REI Six Ten Retail Ltd (BSE code:533065)   ,Retail
511712,RELIC TECHNO,RELIC TECHNOLOGIES INR10 (BSE code:511712)   ,Financial Services
502986,VARDH TEXT  ,Vardh Text   (Bse Code: 502986 ),Textile
503657,VEER ENERGY ,Veer Energy  (Bse Code: 503657 ),Power
506142,VYAPAR INDS ,Vyapar Inds  (Bse Code: 506142 ),Others
523660,WATERBASE   ,Waterbase Ltd(NDA) (BSE code:523660)   ,Others
506172,SAMPADA CHEM,Sampada Chem (Bse Code: 506172 ),Chemicals
513488,SH.STEEL WIR,SH STEEL WI R (BSE code:513488)   ,Steel
531800,SHEETAL BIO ,SHEETAL BIO (BSE code:531800)   ,Financial Services
513418,SHIMOGA TECH,SHIMOG TECHN (BSE code:513418)   ,Steel
505827,SNL BEARINGS,Snl Bearings (Bse Code: 505827 ),Engineering
526161,SPENTA INT. ,SPENTA INTER (BSE code:526161)   ,Textile
507747,TTK HEALTHCA,Ttk Healthca (Bse Code: 507747 ),Pharmaceuticals
506690,UNICHEM LAB ,Unichem Lab  (Bse Code: 506690 ),Pharmaceuticals
530885,JAISAL SEC. ,Jaisal Securities Ltd(NDA) (BSE code:530885)   ,Financial Services
526043,POLYMECH.MCH,POLYMECHPLAS (BSE code:526043)   ,Engineering
961682,HDFCWAR     ,Hdfcwar      (Bse Code: 961682 ),Un classified
532379,FIRSTOBJ    ,FIRSTOBJ (BSE code:532379)   ,IT
531228,RANDER CORP.,RANDER CORPO (BSE code:531228)   ,Others
961679,TATAINWAR   ,Tatainwar    (Bse Code: 961679 ),Un classified
500040,CENTURY TEXT,Century Text (Bse Code: 500040 ),Diversified
532774,ACCEL FRONTL,Accel Frontline Limited (BSE code:532774)   ,IT
532166,ALKA SECUR. ,Alka Securities Ltd (BSE code:532166)   ,Financial Services
511750,ASCENT EXIM ,ASCENT EXIM (BSE code:511750)   ,Others
502015,ASSOC.STONE ,Assoc.Stone  (Bse Code: 502015 ),Diversified
531336,AUROMA COKE ,AUROMA COKE (BSE code:531336)   ,Mining
519295,BAMBINO AGRO,BAMBI AGRO I(BSE INDONEXT) (BSE code:519295)   ,Food Processing
513532,PRADEEP MET.,Pradeep Metals Ltd (BSE code:513532)   ,Engineering
513605,LANCO INDUS.,LANCO Industries Ltd (BSE code:513605)   ,Steel
513611,PITHAMP.STL ,PITHAMPUR ST (BSE code:513611)   ,Steel
513687,SPECTRA IND.,Spectra Industries Ltd(NDA) (BSE code:513687)   ,Auto Ancillaries
514036,LOY.TEX MILL,Loyal Textiles Mills Ltd(NDA) (BSE code:514036)   ,Textile
514043,HIMAT.SEIDE ,Himatsingka Seide Limited (BSE code:514043)   ,Textile
514045,BSL LTD.    ,BSL Ltd (BSE code:514045)   ,Textile
514138,SURYALATA SP,Suryalata Spinning Mills Ltd. (BSE code:514138)   ,Textile
514144,UNIWORTH LTD,Uniworth Ltd(NDA) (BSE code:514144)   ,Textile
514238,IKAB SEC.   ,IKAB SECU IN (BSE code:514238)   ,Financial Services
514266,ZENITH FIBRE,ZENITH FIBRS(BSE INDONEXT) (BSE code:514266)   ,Textile
514272,BHILWARA SP.,BHILWARA SPI (BSE code:514272)   ,Textile
514322,KAMADGIRI SY,KAMADGI SYNT(BSE INDONEXT) (BSE code:514322)   ,Textile
514326,PATSPIN INDI,Patspin India Ltd (BSE code:514326)   ,Textile
514348,WINSOME YARN,Winsome Yarns Ltd (BSE code:514348)   ,Textile
514378,YARN SYNDICA,YARN SYNDICT (BSE code:514378)   ,Textile
514428,HINDU.ADHESI,HINDUST ADHE (BSE code:514428)   ,Others
514442,BHAGYA.WOOD ,BHAGYA WO PL (BSE code:514442)   ,Plastic Processing
514450,MAHA.RUBTECH,Mahalaxmi Rubtech Ltd(NDA) (BSE code:514450)   ,Textile
514474,FAIRDEAL FIL,Fairdeal Filaments Ltd(NDA) (BSE code:514474)   ,Textile
515035,BELL CERAMIC,Bell Ceramics Ltd (BSE code:515035)   ,Construction and Building Materials
515043,SAINT-GOBAIN,Saint-Gobain Sekurit India Limited (BSE code:515043)   ,Glass
515055,ANANT RAJ IN,Anant Raj Industries Limited (BSE code:515055)   ,Construction and Building Materials
515085,RESTILE CER.,Restile Ceramics Ltd(NDA) (BSE code:515085)   ,Construction and Building Materials
515145,HIND.NAT.GLS,Hindusthan National Glass & Industries (BSE code:515145)   ,Packaging
516022,STAR PAPER  ,Star Paper Mills Limited (BSE code:516022)   ,Paper
900574,Tata Mot'B'  (Bse Code: 900574 ),Tata Mot'B'  (Bse Code: 900574 ),Un classified
516072,VISHNU CHEM ,VISHNU CHEM (BSE code:516072)   ,Chemicals
516108,S.I.PAPER   ,South India Paper Mills Limited (BSE code:516108)   ,Paper
517001,BIRLA POWER ,Birla Power Solutions Limited (BSE code:517001)   ,Engineering
517140,MOSER BEAR  ,Moser Baer India Limited (BSE code:517140)   ,IT
517174,HONEYWELL   ,Honeywell Automation India Ltd. (BSE code:517174)   ,Engineering
517246,BCC FUBA    ,BCC Fuba India Ltd(NDA) (BSE code:517246)   ,Engineering
517258,PRECISION EL,Precision Electronics Ltd (BSE code:517258)   ,Engineering
517288,GUJ.POLY-AVX,GUJ.POLY-AVX (BSE code:517288)   ,Others
517334,MOTHERSON SS,Motherson Sumi Systems Limited (BSE code:517334)   ,Auto Ancillaries
517356,ACI INFOCOM ,ACI INFOCOM (BSE code:517356)   ,IT
517407,TOYAMA ELECT,TOYAM ELECTR(BSE INDONEXT) (BSE code:517407)   ,Telecom
517417,PATEL AIRTEM,Patels Airtemp (India) Ltd. (BSE code:517417)   ,Engineering
517449,MAGNA ELECTR,Magna Electro Castings Ltd(NDA) (BSE code:517449)   ,Steel
532712,REL COM LTD ,Reliance Communications Ltd. (BSE code:532712)   ,Telecom
512499,SHALIMAR PRO,SHALIMAR PRO (BSE code:512499)   ,Food Processing
530707,AFTEK LTD   ,Aftek Ltd. (BSE code:530707)   ,IT
514183,BLA ROS IND ,BLA ROS IND (BSE code:514183)   ,Textile
532303,INTEGRA.HITE,INTEG HITECH (BSE code:532303)   ,IT
530393,DB INT.ST.BR,DB(INTR) STBR (BSE code:530393)   ,Financial Services
512519,DONEAR IND. ,Donear Industries Ltd. (BSE code:512519)   ,Textile
521038,TAM.JAI.MILL,Tamilnadu Jay Bharath Mills Ltd (BSE code:521038)   ,Textile
522085,STONE INDIA ,Stone India Ltd. (BSE code:522085)   ,Engineering
513434,TATA METALIK,Tata Metaliks Limited (BSE code:513434)   ,Steel
532619,UTV SOFTWARE,UTV Software Communications Ltd (BSE code:532619)   ,Media and Entertainment
526807,SEAMEC LTD  ,Seamec Ltd. (BSE code:526807)   ,Shipping
531678,ANAND CREDIT,Anand Credit (Bse Code: 531678 ),Financial Services
514010,HIM.FIBRES  ,Him.Fibres   (Bse Code: 514010 ),Textile
960568,SREI INFRAST,Srei Infrast (Bse Code: 960568 ),Un classified
533158,THANGAMAYIL ,Thangamayil  (Bse Code: 533158 ),Fashion and personal items
513727,RANJEEV ALLO,Ranjeev Allo,Steel
507543,CORAGRADM   ,Coragradm   ,Others
890134,IBN18PP     ,Ibn18pp     ,Un classified
519479,OMEGA AGSEED,Omega Agseed,Others
512355,ANUKARAN COM,Anukaran Com,Others
531543,JINDAL WORLD,Jindal Worldwide Ltd. (BSE code:531543)   ,Others
524669,HESTER BISC ,Hester Biosciences Ltd (BSE code:524669)   ,Others
532915,RELIGARE ENT,Religare Enterprises Limited (BSE code:532915)   ,Financial Services
508306,LEDO TEA CO ,Ledo Tea Co  (Bse Code: 508306 ),Agricultural Related
514211,SUMEET INDS.,Sumeet Industries Ltd (BSE code:514211)   ,Textile
532953,V GUARD IND ,V-Guard Industries Ltd. (BSE code:532953)   ,Engineering
531675,TRICOM INDIA,Tricom India Ltd. (BSE code:531675)   ,IT
526574,ENTERPR.INTE,ENTERPR.INTE (BSE code:526574)   ,Others
522150,ADITYA FORGE,ADITYA FORGE (BSE code:522150)   ,Engineering
500027,ATUL LTD.   ,Atul Ltd.    (Bse Code: 500027 ),Dye Material
500096,DABUR (I)   ,Dabur (I)    (Bse Code: 500096 ),Personal Care
500132,EMPEE SUGARS,Empee Sugars (Bse Code: 500132 ),Sugar
512103,NIDHI GRANIT,NIDHI GRANIT (BSE code:512103)   ,Construction and Building Materials
532909,GRABAL ALOK ,GRABAL ALOK (BSE code:532909)   ,Textile
532747,KFA         ,Kingfisher Airlines Ltd (BSE code:532747)   ,Aviation
530611,STURDY INDS ,Sturdy Industries Ltd (BSE code:530611)   ,Plastic Processing
526801,PSL LTD     ,PSL Limited (BSE code:526801)   ,Engineering
519156,VADILAL IND ,Vadilal Industries Ltd(NDA) (BSE code:519156)   ,Food Processing
502465,SPECIALITY P,Speciality P (Bse Code: 502465 ),Paper
532931,BURNPUR     ,BURNPUR CEMENT LTD. (BSE code:532931)   ,Cement
531199,GLANCE FIN. ,GLANCE FINAN (BSE code:531199)   ,Financial Services
517399,VXL INSTRUM.,VXL Instruments Ltd(NDA) (BSE code:517399)   ,IT
532659,INFRA DEVFIN,Infrastructure Development Finance Co. (BSE code:532659)   ,Financial Services
508807,IST LTD.    ,Ist Ltd.     (Bse Code: 508807 ),Diversified
532548,CENTURYPLY  ,Century Plyboards India Ltd (BSE code:532548)   ,Others
500092,CRISIL LTD  ,Crisil Ltd   (Bse Code: 500092 ),Financial Services
530843,CUPID LTD   ,Cupid Ltd(NDA) (BSE code:530843)   ,Pharmaceuticals
511451,DHARANI FIN.,DHARANI FINA (BSE code:511451)   ,Financial Services
512135,ENSA STEEL  ,ENSA STEEL I (BSE code:512135)   ,Steel
532684,EVEREST KANT,Everest Kanto Cylinder Ltd. (BSE code:532684)   ,Engineering
531049,NEELKANTH RO,NEELKANTH RO (BSE code:531049)   ,Mining
508875,NITIN ALLOY ,Nitin Alloy  (Bse Code: 508875 ),Steel
507690,ORIENT BEVER,Orient Bever (Bse Code: 507690 ),Food Processing
523467,JAIMATA GLAS,JAI MATA GLA (BSE code:523467)   ,Glass
532624,JINDALPH    ,Jindal Photo Limited (BSE code:532624)   ,Others
531410,GUJ.FOILS   ,Gujarat Foils Ltd (BSE code:531410)   ,Non Ferrous Metals
506480,GULF OIL COR,Gulf Oil Cor (Bse Code: 506480 ),Oil and Gas
500248,MAVI IND    ,Mavi Ind     (Bse Code: 500248 ),Textile
514242,MH MILLS IND,MH MILLS & I (BSE code:514242)   ,Textile
532850,MIC ELECTRON,MIC Electronics Limited (BSE code:532850)   ,Engineering
532745,JRG SECUR   ,JRG Securities Limited (BSE code:532745)   ,Financial Services
507960,GUJ.HOTELS  ,Guj.Hotels   (Bse Code: 507960 ),Tourism and Hotels
532764,GWALIOR CHEM,Gwalior Chemical Industries Limited (BSE code:532764)   ,Chemicals
500467,HARR.MALAYAL,Harr.Malayal (Bse Code: 500467 ),Agricultural Related
532855,HARYA CAPFIN,HARYA CAPFIN (BSE code:532855)   ,Financial Services
531515,MAHAN IND.  ,MAHAN INDUST (BSE code:531515)   ,Others
530059,MAHARAJA SHR,Maharaja Shree Umaid Mills Ltd. (BSE code:530059)   ,Textile
532357,MUKTA ARTS  ,Mukta Arts Limited (BSE code:532357)   ,Media and Entertainment
521109,NAGREEKA EXP,Nagreeka Exports Limited (BSE code:521109)   ,Textile
945692,ECL20       ,Ecl20        (Bse Code: 945692 ),Un classified
511640,Sanghi Corpo,Sanghi Corpo,Others
531694,RAINBOW FOUN,Rainbow Foundations Limited (BSE code:531694)   ,Real Estate
517522,RAJ GLO WIR ,Rajaratan Global Wire Ltd (BSE code:517522)   ,Steel
531233,RASI ELECTRO,RASI ELECTRO (BSE code:531233)   ,Engineering
511585,REGENCY TRUS,REGENCY INV. (BSE code:511585)   ,Financial Services
532389,VALECHA ENGG,Valecha Engineering Limited (BSE code:532389)   ,Power
532618,VISHALEXPO  ,Vishal Exports Overseas Ltd(NDA) (BSE code:532618)   ,Others
513713,WHITE DIAMON,WHITE DIAM I (BSE code:513713)   ,Fashion and personal items
526471,WINSOME BREW,Winsome Breweries Ltd(NDA) (BSE code:526471)   ,Breweries and Distilleries
530993,SARTHAK GLOB,SARTHAK GLOB (BSE code:530993)   ,Financial Services
513436,SHAH ALLOYS ,Shah Alloys Ltd. (BSE code:513436)   ,Steel
526335,SHREYAS INTE,Shreyas Intermediates Limited (BSE code:526335)   ,Chemicals
526508,SKS LOG LTD ,S K S Logistics Limited (BSE code:526508)   ,Shipping
500058,BIHAR SPONGE,Bihar Sponge (Bse Code: 500058 ),Steel
523457,BOC (I) LTD.,BOC India Limited (BSE code:523457)   ,Chemicals
531137,GEMSTONE INV,GEMSTONE INV (BSE code:531137)   ,Financial Services
532312,GEOMETRIC L ,Geometric Ltd. (BSE code:532312)   ,IT
505665,ANTIF BEARNG,Antif Bearng (Bse Code: 505665 ),Engineering
531524,I.C.S.A. IND,ICSA India Ltd. (BSE code:531524)   ,Power
961670,ICIRIBSEPT07,Iciribsept07 (Bse Code: 961670 ),Un classified
532814,INDIAN BANK ,Indian Bank (BSE code:532814)   ,Banks
700109,ISPAT PR SH ,ISPAT PR SH (BSE code:700109)   ,Un classified
532179,CORPN.BANK  ,Corporation Bank (BSE code:532179)   ,Banks
522001,CRANEX LTD. ,CRANEX LTD (BSE code:522001)   ,Engineering
532488,DIVI'S LAB. ,Divi'S Lab.  (Bse Code: 532488 ),Pharmaceuticals
532219,ENERGY DEV. ,Energy Development Company Ltd. (BSE code:532219)   ,Power
531615,ERA FIN.(I) ,Era E-Zone (India) Ltd (BSE code:531615)   ,Diversified
526468,EURO LEDAR F,EURO LEDER F (BSE code:526468)   ,Others
532843,FORTIS HEALT,Fortis Healthcare Limited (BSE code:532843)   ,HealthcareandHospitals
507488,G.M.BREWERI ,G.M.Breweri  (Bse Code: 507488 ),Breweries and Distilleries
945825,KOTAKSEC19  ,Kotaksec19   (Bse Code: 945825 ),Un classified
532405,CCS INFOTECH,CCS INFOTECH (BSE code:532405)   ,IT
514274,AARVEE DENIM,Aarvee Denims & Exports Ltd. (BSE code:514274)   ,Textile
523204,ABAN OFFSHO ,Aban Offshore Ltd. (BSE code:523204)   ,Engineering
500057,ABCIL       ,Abcil        (Bse Code: 500057 ),Chemicals
532910,ANIL PRODUCT,Anil Products Ltd. (BSE code:532910)   ,Others
500820,ASIAN PAINTS,Asian Paints (Bse Code: 500820 ),Paints
512573,AVANTI FEEDS,Avanti Feeds Ltd(NDA) (BSE code:512573)   ,Food Processing
500102,BALARPUR IND,Balarpur Ind (Bse Code: 500102 ),Paper
503960,BHARAT BIJLE,Bharat Bijle (Bse Code: 503960 ),Engineering
519500,BKV INDUSTRS,BKV INDUSTRS (BSE code:519500)   ,Food Processing
531276,BOM.SWA.STOR,Bombay Swadeshi Stores Ltd(NDA) (BSE code:531276)   ,Others
517421,GANDHIM.APPL,GANDHIM.APPL (BSE code:517421)   ,Consumer Durables
530743,GEI IND SYS ,GEI Industrial Systems Ltd. (BSE code:530743)   ,Engineering
532957,GOKAK TEXTI ,Gokak Textiles Ltd (BSE code:532957)   ,Textile
532212,ARCHIES LTD ,Archies Limited (BSE code:532212)   ,Others
532397,ARMS PAPER  ,ARMS PAPER (BSE code:532397)   ,IT
504036,HIND.RECT   ,Hind.Rect    (Bse Code: 504036 ),Engineering
532174,ICICI BANK  ,ICICI Bank Limited (BSE code:532174)   ,Banks
509692,IND.CARD    ,Ind.Card     (Bse Code: 509692 ),Engineering
521016,INDO COUNT  ,Indo Count Industries Ltd(NDA) (BSE code:521016)   ,Textile
530703,INFO-DRIVE S,INFO DRIVE S (BSE code:530703)   ,IT
524164,IOL CHEM PH ,IOL Chemicals and Pharmaceuticals Ltd. (BSE code:524164)   ,Chemicals
500214,ION EXCHANGE,Ion Exchange (Bse Code: 500214 ),Engineering
511246,WHITE LION A,White Lion A (Bse Code: 511246 ),IT
522209,YOGI SUNGWON,YOGI SUNGWON (BSE code:522209)   ,Infrastructure Facilities
517500,ROTO PUMPS  ,Roto Pumps Limited (BSE code:517500)   ,Engineering
517506,TTK PRESTIGE,TTK Prestige Limited (BSE code:517506)   ,Consumer Durables
517518,LLOYD ELECT.,Lloyd Electric & Engineering Limited (BSE code:517518)   ,Engineering
517536,ONWARD TECHN,Onward Technologies Limited (BSE code:517536)   ,IT
517562,TRIGYN TECH ,Trigyn Technologies Ltd (BSE code:517562)   ,IT
518051,Vinay Cements Ltd(NDA) (BSE code:518051)   ,Vinay Cements Ltd(NDA) (BSE code:518051)   ,Cement
518091,ANJANI PORTL,Anjani Portland Cements Ltd (BSE code:518091)   ,Others
519136,NAHAR INDUST,Nahar Industrial Enterprises Limited (BSE code:519136)   ,Textile
519183,ADF FOODS LT,Wanjia Double Engine Dynamic Asset Alloc (MUTF_CN:519183)  ,Food Processing
519216,AJANTA SOYA ,Ajanta Soya Ltd(NDA) (BSE code:519216)   ,Food Processing
519299,PRIME INDS. ,PRIME PROTEI (BSE code:519299)   ,Food Processing
519359,POONA DAL   ,Poona Dal & Oil Industries Ltd(NDA) (BSE code:519359)   ,Food Processing
519383,ANIK INDS   ,Anik Industries Ltd(NDA) (BSE code:519383)   ,Food Processing
519457,VIRAT CRANE ,Virat Crane Industries Ltd(NDA) (BSE code:519457)   ,Others
519483,TAI INDUST. ,Tai Industries Ltd (BSE code:519483)   ,Food Processing
519566,SIMRAN FARMS,SIMRAN FARMS (BSE code:519566)   ,Others
520056,SUNDAR.CLAY ,Sundaram-Clayton Limited (BSE code:520056)   ,Auto Ancillaries
520086,SICAL LOG   ,SICAL Logistics Ltd. (BSE code:520086)   ,Courier and Logistic Services
520113,VESUVIUS IND,Vesuvius India Limited (BSE code:520113)   ,Engineering
520123,ABC INDIA   ,ABC INDIA LIMITED (BSE code:520123)   ,Oil and Gas
520139,JAGSON AIRLI,Jagson Airlines Ltd(NDA) (BSE code:520139)   ,Aviation
520151,SHREY SH LOG,Shreyas Shipping & Logistics Ltd (BSE code:520151)   ,Shipping
520155,ABG INFRALOG,ABG Infralogistics Ltd (BSE code:520155)   ,Engineering
521014,EUROTEX IND ,Eurotex Industries and Exports Ltd(NDA) (BSE code:521014)   ,Textile
521030,NAKODA TEXT ,Nakoda Textiles Industries Ltd(NDA) (BSE code:521030)   ,Textile
521046,VANASTH.TEXT,Vanasthali Textiles Industries(NDA) (BSE code:521046)   ,Textile
521062,NEW BOMBAY P,NEW BOMBAY P (BSE code:521062)   ,Textile
521064,ABHISHEK IND,Abhishek Industries Limited (BSE code:521064)   ,Textile
521082,SPENTEX INDS,Spentex Industries Ltd. (BSE code:521082)   ,Textile
521097,AMARJOTHI SP,Amarjothi Spinning Mills Ltd(NDA) (BSE code:521097)   ,Textile
521113,SUDITI IND. ,SUDITI IND. (BSE code:521113)   ,Textile
521133,GEM SPINNERS,GEM SPINNERS (BSE code:521133)   ,Textile
521161,SRI LAK.SAR.,Sri Lakshmi Saraswathi Textiles(Arni)Ltd (BSE code:521161)   ,Textile
521182,SEASONS FUR.,SEASONS FURN (BSE code:521182)   ,Textile
521194,SIL INVEST  ,SIL Investments Limited (BSE code:521194)   ,Financial Services
521206,SAMTEX FASH.,Samtex Fashions Ltd(NDA) (BSE code:521206)   ,Textile
521220,DAMODAR THR.,DAMODAR THRE(BSE INDONEXT) (BSE code:521220)   ,Textile
521248,KITEX GARMEN,Kitex Garments Limited (BSE code:521248)   ,Textile
532886,SEL MANUF   ,SEL Manufacturing Company Limited (BSE code:532886)   ,Textile
500429,UNIPHOS ENT.,Uniphos Ent. (Bse Code: 500429 ),Agricultural Related
512485,DHANAL.COTEX,Dhanal.Cotex,Financial Services
531338,MILE GLOBAL ,Mile Global ,Construction and Building Materials
533171,UNITED BANK ,United Bank ,Banks
512215,VORA CONST. ,Vora Const. ,Construction and Building Materials
533189,GOENKA DIAM ,Goenka Diam ,Fashion and personal items
531481,BETA-KAPPA  ,Beta-Kappa  ,Financial Services
524640,SH.CHOLOCHEM,Sh.Cholochem,Chemicals
503738,GSL (I) LTD.,Gsl (I) Ltd.,Un classified
531015,VENMAX      ,Venmax      ,Pharmaceuticals
934799,STF NCD3 RE ,Stf Ncd3 Re ,Un classified
533212,GKB OPHTHA  ,Gkb Ophtha  ,Chemicals
632955,RECLTD      ,Recltd      ,Un classified
519238,SAPTARISHI A,Saptarishi A,Food Processing
946125,EDEL29APR9B ,Edel29apr9b ,Un classified
961671,ICIRIBSEPT07,Iciribsept07,Un classified
508939,BLUE CIRCLE ,Blue Circle ,Financial Services
972437,IIFCL22JAN9 ,Iifcl22jan9 ,Un classified
533219,ASTERSILI   ,Astersili   ,Others
946127,EDEL05MAY9D ,Edel05may9d ,Un classified
501471,MAC TRADING ,Mac Trading ,Others
526025,GLOBUS CON  ,Globus Con  ,Power
533227,Asian Htl E ,Asian Htl E ,Tourism and Hotels
530457,CINERAD COMM,CINERAD COMM (BSE code:530457)   ,Others
532555,NTPC LTD    ,NTPC Limited (BSE code:532555)   ,Power
502995,MALWA COTTON,Malwa Cotton (Bse Code: 502995 ),Textile
911903,Clutch Au Lt,Clutch Au Lt,Un classified
523323,KOVAI MEDI. ,Kovai Medical Center & Hos Ltd(NDA) (BSE code:523323)   ,Others
526435,PERFECTPAC  ,PERFECT PACK (BSE code:526435)   ,Packaging
509220,PTL LTD     ,Ptl Ltd      (Bse Code: 509220 ),Tyres
508933,WELSPUN SYNT,Welspun Synt (Bse Code: 508933 ),Textile
530549,SHILPA MEDIC,Shilpa Medicare Ltd (BSE code:530549)   ,Pharmaceuticals
532432,UNITD SPR   ,United Spirits Limited (BSE code:532432)   ,Breweries and Distilleries
532885,CENTRAL BK  ,Central Bank Of India (BSE code:532885)   ,Banks
507525,AMRIT CORP  ,Amrit Corp   (Bse Code: 507525 ),Food Processing
532161,BAFFIN ENG. ,BAFIN ENG PR (BSE code:532161)   ,Engineering
590025,GINNI FIL(PS,GINNI FILA (BSE code:590025)   ,Textile
501700,INDIA NIVEH ,India Niveh  (Bse Code: 501700 ),Engineering
526821,DAI-ICHI KAR,Dai Ichi Karkaria Ltd(NDA) (BSE code:526821)   ,Chemicals
532518,J.K.AGRI GEN,JK Agri Genetics Ltd(NDA) (BSE code:532518)   ,Agricultural Related
500174,GUJ.LEASE   ,Guj.Lease    (Bse Code: 500174 ),Financial Services
511116,HFCLINFOTEL ,Hfclinfotel  (Bse Code: 511116 ),Telecom
532686,KERNEX MICRO,KERNEX MICRO (BSE code:532686)   ,IT
533121,THINKSOFT   ,THINKSOFT (BSE code:533121)   ,IT
531802,PRERNA INFR ,Prerna Infrabuild Ltd(NDA) (BSE code:531802)   ,Financial Services
512589,SITA ENTER. ,SITA ENTERPRISES L INR10 (BSE code:512589)   ,Others
531406,ANS LTD     ,ANS LTD (BSE code:531406)   ,Food Processing
507514,SOM DISTILL.,Som Distill. (Bse Code: 507514 ),Breweries and Distilleries
524667,SOTL        ,Savita Chemicals Ltd. (BSE code:524667)   ,Chemicals
505854,TRF LTD.    ,Trf Ltd.     (Bse Code: 505854 ),Engineering
522237,SHIVAGRICO  ,SHIVAGRICO (BSE code:522237)   ,Others
531600,GOGIA ISEC  ,GOGIA CAP (BSE code:531600)   ,Financial Services
590102,UTISUNDERETF,UTISUNDERETF (BSE code:590102)   ,Financial Services
530651,SOFT INF SOL,SOFT INF SOL (BSE code:530651)   ,IT
523019,B.N.RATHI SE,B N RATHI SE (BSE code:523019)   ,Financial Services
507500,BAJ HIN SUG ,Baj Hin Sug  (Bse Code: 507500 ),Sugar
531340,BERVIN INV. ,BERVIN INVES (BSE code:531340)   ,Financial Services
505681,BIMETAL BEAR,Bimetal Bear (Bse Code: 505681 ),Engineering
532346,BLUE STAR IN,Blue Star Infotech Ltd. (BSE code:532346)   ,IT
533048,GI ENGINERG ,GI Engineering Solutions Ltd (BSE code:533048)   ,Engineering
509148,GOVIND RUBB.,Govind Rubb. (Bse Code: 509148 ),Tyres
532041,HINDUSTN BIO,HINDUSTN BIO (BSE code:532041)   ,Cement
500193,HOTEL LEELA.,Hotel Leela. (Bse Code: 500193 ),Tourism and Hotels
532800,IBN18       ,IBN18 Broadcast Limited (BSE code:532800)   ,Media and Entertainment
517370,INCAP LTD.  ,INCAP LIMITE (BSE code:517370)   ,Engineering
532514,INDRA GAS   ,Indraprastha Gas Limited (BSE code:532514)   ,Oil and Gas
500875,ITC LTD.    ,Itc Ltd.     (Bse Code: 500875 ),Cigarettes
508814,COSMO FILMS ,Cosmo Films  (Bse Code: 508814 ),Packaging
500120,DIAMINES&CHM,Diamines&Chm (Bse Code: 500120 ),Chemicals
520081,EAST C.STEEL,EAST C.STEEL (BSE code:520081)   ,Steel
522183,ITL INDUSTRS,ITL INDUSTRI(BSE INDONEXT) (BSE code:522183)   ,Engineering
517534,S.V.ELECTRIC,S.V.ELECTRIC (BSE code:517534)   ,Others
500337,PRIME SECUR.,Prime Secur. (Bse Code: 500337 ),Financial Services
946515,Barclays117 ,Barclays117 ,Un classified
700088,Marathon Crp,Marathon Crp,Un classified
505324,MANUGRAPH IN,Manugraph In (Bse Code: 505324 ),Engineering
524404,MARKSANS    ,Marksans Pharma Limited (BSE code:524404)   ,Pharmaceuticals
526251,MID EAST POR,MIDEAS POR M (BSE code:526251)   ,Financial Services
532127,MOBILE TELE ,MOBILE TELEC (BSE code:532127)   ,Telecom
513265,MUKESH STEEL,MUKESH ST(P) (BSE code:513265)   ,Steel
517496,RICOH INDIA ,Ricoh India Ltd. (BSE code:517496)   ,Others
523025,SAFARI IND. ,SAFARI INDUS (BSE code:523025)   ,Packaging
502090,SAGAR CEM.  ,Sagar Cem.   (Bse Code: 502090 ),Cement
531366,KOHINOOR BRO,KOHINOOR BRO (BSE code:531366)   ,Financial Services
532730,STL GLOBAL  ,STL Global Ltd. (BSE code:532730)   ,Textile
530445,SUMERU IND  ,Sumeru Industries Ltd(NDA) (BSE code:530445)   ,Financial Services
934779,TATACAP III ,Tatacap Iii  (Bse Code: 934779 ),Un classified
513534,VARDHMAN IND,Vardhman Industries Ltd(NDA) (BSE code:513534)   ,Food Processing
522029,WINDSOR MACH,Windsor Machines Ltd(NDA) (BSE code:522029)   ,Engineering
531396,WOMEN NETWOR,M Womeninfoline.Com Ltd(NDA) (BSE code:531396)   ,Financial Services
531930,SARTHAK INDU,SARTHAK INDS (BSE code:531930)   ,Oil and Gas
505358,SCHLAF.ENGG.,Schlaf.Engg. (Bse Code: 505358 ),Engineering
523164,SIP INDUST. ,SIP INDUS LT (BSE code:523164)   ,Chemicals
590046,SMRUTHI ORG ,Smruthi Organics Ltd(NDA) (BSE code:590046)   ,Pharmaceuticals
524410,SRHHL IND   ,SRHHL IND (BSE code:524410)   ,Chemicals
531644,TOKYO FINANC,TOKYO FINANC (BSE code:531644)   ,Financial Services
500420,TORRENT PHAR,Torrent Phar (Bse Code: 500420 ),Pharmaceuticals
513063,TRANSFREIGHT,TRAN FRE CON (BSE code:513063)   ,Packaging
509992,UB ENGG.    ,Ub Engg.     (Bse Code: 509992 ),Engineering
531318,TRANSCON RES,TRANSCON RES (BSE code:531318)   ,Financial Services
521188,UNITED TEXT.,UNITED TEXTI (BSE code:521188)   ,Textile
972492,NABARD10209 ,Nabard10209  (Bse Code: 972492 ),Un classified
530961,VIKAS GLO   ,VIKAS GLO (BSE code:530961)   ,Financial Services
500280,CENTURY ENKA,Century Enka (Bse Code: 500280 ),Textile
517041,ADORWELDING ,Ador Welding Ltd. (BSE code:517041)   ,Engineering
526519,ALPINE HSG. ,ALPINE HOU D (BSE code:526519)   ,Construction and Building Materials
531268,B2B SOFT.   ,B2B SOFTWARE (BSE code:531268)   ,Financial Services
532380,BABA ARTS   ,Baba Arts Ltd (BSE code:532380)   ,Media and Entertainment
530879,BHILWARA TEX,BHILWARA TEX (BSE code:530879)   ,Textile
530249,BRIDGE SECUR,Bridge Securities Ltd(NDA) (BSE code:530249)   ,Financial Services
513528,GLITTEK GRAN,Glittek Granites Limited (BSE code:513528)   ,Mining
508869,APOLLO HOSP.,Apollo Hosp. (Bse Code: 508869 ),HealthcareandHospitals
531155,HULTA PHARMA,EPSOM PRO (BSE code:531155)   ,Pharmaceuticals
531452,NCC FINANCE ,NCC FINANC L (BSE code:531452)   ,Financial Services
530697,NEELKANTH TE,NEELKANTH TE (BSE code:530697)   ,Tourism and Hotels
590028,NICCO COR(PS,Nicco Corporation Ltd. (BSE code:590028)   ,Diversified
532789,NISSAN COPER,Nissan Copper Ltd. (BSE code:532789)   ,Non Ferrous Metals
526415,OK PLAY (I) ,OK Play India Ltd (BSE code:526415)   ,Others
532880,OMAXE LTD   ,Omaxe Limited (BSE code:532880)   ,Real Estate
500312,ONGC CORPN  ,Ongc Corpn   (Bse Code: 500312 ),Oil and Gas
524330,JAYANT AGRO ,Jayant Agro-Organics Ltd. (BSE code:524330)   ,Food Processing
512129,JAYANT MERC.,JAYANT MELC. (BSE code:512129)   ,Others
506520,JAYSHRI CHEM,Jayshri Chem (Bse Code: 506520 ),Chemicals
522263,JMC PROJECTS,JMC Projects (India) Limited (BSE code:522263)   ,Construction and Building Materials
530469,GSL SECUR.  ,GSL SECURITE (BSE code:530469)   ,Banks
517372,GUJ.INTRUX  ,Gujarat Intrux Ltd(NDA) (BSE code:517372)   ,Steel
500185,HIND.CONSTN.,Hind.Constn. (Bse Code: 500185 ),Construction and Building Materials
526795,MAHASAGAR TR,MAHASAGAR TR (BSE code:526795)   ,Others
533078,MANJEERA    ,MANJEERA (BSE code:533078)   ,Real Estate
509760,MODERN SHARE,Modern Share (Bse Code: 509760 ),Financial Services
506261,MODISON MET.,Modison Met. (Bse Code: 506261 ),Others
511766,MUTHOOT CAP ,MUTHOOT CAP (BSE code:511766)   ,Financial Services
500296,NAHAR SPG.  ,Nahar Spg.   (Bse Code: 500296 ),Textile
522004,BATLIBOI LTD,Batliboi Ltd. (BSE code:522004)   ,Engineering
522015,VCCL LTD    ,VCCL LTD (BSE code:522015)   ,Automobiles
522034,SHANTHI GEAR,Shanthi Gears Ltd. (BSE code:522034)   ,Auto Ancillaries
526492,PUNEET RESIN,PUNET RESINS (BSE code:526492)   ,Agricultural Related
526500,STR GRE WOO ,Sterling Green Woods Ltd (BSE code:526500)   ,Tourism and Hotels
526512,INTERLINK PE,INTERLINK PE (BSE code:526512)   ,Oil and Gas
526525,WORLDWIDE LE,WORLDW LE EX (BSE code:526525)   ,Others
526562,PEARL ENG.PO,Pearl Engineering Polymers Ltd. (BSE code:526562)   ,Plastic Processing
526588,PHOTOQUIP(I),PHOTOQUIP IN (BSE code:526588)   ,Others
526604,LIPPI SYSTEM,LIPPI SYSTEMS LTD INR10 (BSE code:526604)   ,Others
526610,IN HOU PROD ,In House Productions Ltd(NDA) (BSE code:526610)   ,Others
526616,NAT.PLASTIC ,NAT PLAS IN (BSE code:526616)   ,Plastic Processing
526650,TOURISM FINA,Tourism Finance Corporation of India Ltd (BSE code:526650)   ,Financial Services
526705,ELEGANT MARB,Elegant Marbles & Granite Industrie(NDA) (BSE code:526705)   ,Mining
526717,GOPALA POLY.,Gopala Polyplast Ltd (BSE code:526717)   ,Packaging
526723,RDB INDUSTRI,RDB Industries Ltd. (BSE code:526723)   ,Cigarettes
526725,SANDESH LTD.,The Sandesh Ltd. (BSE code:526725)   ,Media and Entertainment
526739,NARMADA GEL ,Narmada Gelatines Ltd (BSE code:526739)   ,Chemicals
526813,RAGHUNATH IN,RAGHUN INTER (BSE code:526813)   ,Others
526817,CHEVIOT CO. ,Cheviot Company Ltd. (BSE code:526817)   ,Textile
526827,SPICE ISLAND,SPICE ISL AP(BSE INDONEXT) (BSE code:526827)   ,Textile
526843,SEAX GLOBAL ,Seax Global Ventures Ltd(NDA) (BSE code:526843)   ,Construction and Building Materials
526853,BILCARE LTD.,Bilcare Limited (BSE code:526853)   ,Packaging
526871,INTEC CAP   ,INTEC CAP (BSE code:526871)   ,Financial Services
526891,MARKET CREAT,MARKE CREATO (BSE code:526891)   ,Others
526899,HIMALAYA INT,Himalya International Ltd. (BSE code:526899)   ,Chemicals
526945,TYROON TEA  ,Tyroon Tea Ltd(NDA) (BSE code:526945)   ,Agricultural Related
526947,LA-OPALA RG ,La Opala RG Limited (BSE code:526947)   ,Others
526987,URJA GLOBAL,URJA GLOBAL (BSE code:526987)   ,Financial Services
526991,ATLAS COPCO ,Atlas Copco (India) Limited (BSE code:526991)   ,Engineering
532375,TIPS INDUS. ,Tips Industries Limited (BSE code:532375)   ,Media and Entertainment
532378,UNIVERSAL A ,UNIVERSAL A (BSE code:532378)   ,Media and Entertainment
532384,TYCHE INDS  ,Tyche Industries Ltd(NDA) (BSE code:532384)   ,IT
532386,CALIFORN.SOF,California Software Company Ltd. (BSE code:532386)   ,IT
532387,PRITISHN COM,Pritish Nandy Communications Ltd(NDA) (BSE code:532387)   ,Media and Entertainment
532388,INDIAN OVER.,Indian Overseas Bank (BSE code:532388)   ,Banks
532368,LGS GLOBAL  ,Lanco Global Systems Ltd.(NDA) (BSE code:532368)   ,IT
532341,LOGIX MICRO.,Logix Microsystems Ltd. (BSE code:532341)   ,IT
532531,STRIDES     ,Strides Arcolab Limited (BSE code:532531)   ,Pharmaceuticals
506003,SUDAL INDUS ,Sudal Indus  (Bse Code: 506003 ),Non Ferrous Metals
523120,ADOR MULTI. ,ADOR MULTIPR (BSE code:523120)   ,Diversified
500530,BOSCH LTD   ,Bosch Ltd    (Bse Code: 500530 ),Auto Ancillaries
512642,ARTILLEGENCE,ARTILL BIO-I (BSE code:512642)   ,Others
504697,GALADA TELE.,Galada Tele. (Bse Code: 504697 ),Others
500318,OSWAL SPG(P),Oswal Spg(P) (Bse Code: 500318 ),Diversified
508941,PANASON CAR ,Panason Car  (Bse Code: 508941 ),Engineering
506910,JAYSN DYEST ,Jaysn Dyest  (Bse Code: 506910 ),Dye Material
500300,GRASIM IND. ,Grasim Ind.  (Bse Code: 500300 ),Diversified
517467,MARSONS     ,Marsons      (Bse Code: 517467 ),Engineering
506734,MYS PETRO   ,Mys Petro    (Bse Code: 506734 ),Petro Chemicals
532367,KANIKA INFO.,Kanika Info. (Bse Code: 532367 ),IT
506528,KELTECH EN. ,Keltech En.  (Bse Code: 506528 ),Others
500327,PEACOCK IND.,Peacock Ind. (Bse Code: 500327 ),Plastic Processing
502587,RAMA PULP   ,Rama Pulp    (Bse Code: 502587 ),Paper
511333,VLS FINANCE ,Vls Finance  (Bse Code: 511333 ),Financial Services
507685,WIPRO LTD.  ,Wipro Ltd.   (Bse Code: 507685 ),IT
502455,SIRPUR PAPER,Sirpur Paper (Bse Code: 502455 ),Paper
503940,ASIAN ELECTR,Asian Electr (Bse Code: 503940 ),Engineering
506285,BAYER CROP  ,Bayer Crop   (Bse Code: 506285 ),Agricultural Related
500052,BHANSALI ENG,Bhansali Eng (Bse Code: 500052 ),Petro Chemicals
503881,HIND.SYNTEX ,Hind.Syntex  (Bse Code: 503881 ),Textile
511393,DHANDAPANI F,Dhandapani F (Bse Code: 511393 ),Financial Services
500124,DR.REDDY'S  ,Dr.Reddy'S   (Bse Code: 500124 ),Pharmaceuticals
500141,FERRO ALLOYS,Ferro Alloys (Bse Code: 500141 ),Steel
500160,GTL LTD.    ,Gtl Ltd.     (Bse Code: 500160 ),Telecom
509470,BOM.OXYGEN  ,Bom.Oxygen   (Bse Code: 509470 ),Others
509243,TVS SRICHAKR,Tvs Srichakr (Bse Code: 509243 ),Tyres
500249,KSB PUMPS   ,Ksb Pumps    (Bse Code: 500249 ),Engineering
500407,SWARAJ ENGIN,Swaraj Engin (Bse Code: 500407 ),Engineering
500238,WHIRLPOOL   ,Whirlpool    (Bse Code: 500238 ),Consumer Durables
514197,St Corp     ,St Corp     ,Textile
519604,Suryo Foods ,Suryo Foods ,Food Processing
750486,Gulfoillr   ,Gulfoillr   ,Un classified
512175,VAMA INDS   ,Vama Industries Ltd.(NDA) (BSE code:512175)   ,IT
532486,POKARNA LTD ,Pokarna Ltd (BSE code:532486)   ,Others
530079,FAZE THREE L,Faze Three Ltd(NDA) (BSE code:530079)   ,Textile
526711,ADARSH PLANT,ADARSH PLA P (BSE code:526711)   ,Others
532467,HAZ MUL PRO ,HAZ MUL PRO (BSE INDONEXT) (BSE code:532467)   ,Real Estate
523846,SKYPAK SERV.,SKYPAK SERVICE SPL INR10 (BSE code:523846)   ,Courier and Logistic Services
513121,ORICON ENT  ,Oricon Enterprises Ltd(NDA) (BSE code:513121)   ,Packaging
517374,MUKESH STRIP,MUKESH STRIP (BSE code:517374)   ,Steel
500800,TATA TEA    ,Tata Tea     (Bse Code: 500800 ),Agricultural Related
523523,RAINBOW PAP.,Rainbow Paper Ltd(NDA) (BSE code:523523)   ,Paper
513513,ADITYA ISPAT,ADITYA ISPAT (BSE code:513513)   ,Steel
509874,SHALIMAR PAI,Shalimar Pai (Bse Code: 509874 ),Others
512105,SHREENATH   ,SHREENATH (BSE code:512105)   ,Financial Services
500550,SIEMENS LTD.,Siemens Ltd. (Bse Code: 500550 ),Engineering
533018,SIMPLEX MIL ,Simplex Mills Company Limited (BSE code:533018)   ,Textile
521034,SOMA TEXTILE,Soma Textiles & Industries Ltd(NDA) (BSE code:521034)   ,Textile
505978,TRITON VALVE,Triton Valve (Bse Code: 505978 ),Auto Ancillaries
531088,TULIP STAR H,Tulip Star Hotels Ltd(NDA) (BSE code:531088)   ,Financial Services
521234,SRI NACHAMAI,SRI NACH COT(BSE INDONEXT) (BSE code:521234)   ,Textile
521240,SAMBANDAM SP,Sambandan Spinning Mills Ltd(NDA) (BSE code:521240)   ,Textile
522005,AUSTIN ENGG.,Austin Engineering Company Ltd(NDA) (BSE code:522005)   ,Engineering
522064,HONDA SIEL  ,Honda Siel Power Products Limited (BSE code:522064)   ,Engineering
522101,KILBURN ENGG,Kilburn Engineering Ltd(NDA) (BSE code:522101)   ,Engineering
522122,VOITH PAPER ,Voith Paper Fabrics India Ltd(NDA) (BSE code:522122)   ,Others
522163,DIAMOND CABL,Diamond Power Infrastructure Ltd. (BSE code:522163)   ,Power
522175,SHIVVANI OIL,Shiv Vani Oil & Gas Expl Services Ltd. (BSE code:522175)   ,Oil and Gas
522229,TANEJA AERO.,Taneja Aerospace & Aviation Ltd. (BSE code:522229)   ,Aviation
522235,MINAL ENGG. ,MINAL ENGINE (BSE code:522235)   ,Others
522249,MAYUR UNIQ. ,Mayur Uniquoters Limited (BSE code:522249)   ,Plastic Processing
522261,DOLPHIN OFF.,Dolphin Offshore Enterprises India Ltd. (BSE code:522261)   ,Oil and Gas
522285,JAY NECO IND,Jayaswal Neco Industries Limited (BSE code:522285)   ,Steel
522295,CONTROL PRNT,Control Print India Ltd(NDA) (BSE code:522295)   ,Others
523011,WEIZMANN LTD,Weizmann Ltd (NDA) (BSE code:523011)   ,Diversified
523062,JJ FINANCE  ,J J FINANCE (BSE code:523062)   ,Financial Services
523144,MEDI CAPS   ,Medi Caps Ltd(NDA) (BSE code:523144)   ,Pharmaceuticals
523207,CAMLIN LTD. ,Camlin Limited (BSE code:523207)   ,Printing and stationary
523248,MACHINO PLAS,Machino Plastics Limited (BSE code:523248)   ,Auto Ancillaries
523277,G.V.FILMS   ,GV Films Limited (BSE code:523277)   ,Media and Entertainment
523283,SUPER HOUSE ,Superhouse Ltd(NDA) (BSE code:523283)   ,Fashion and personal items
523319,BALMER LAWRI,Balmer Lawrie & Company Limited (BSE code:523319)   ,Diversified
523369,DCM SHR.IND ,DCM Shriram Industries Limited (BSE code:523369)   ,Diversified
523391,NAHAR INVEST,NAHAR INVESTMENTS AND HOLDING LIMITED (BSE code:523391)   ,Plastic Processing
523411,KRONE COMM  ,Krone Communications Ltd(NDA) (BSE code:523411)   ,Telecom
523419,TAMIL.TELE. ,Tamilnadu Telecommunications Ltd(NDA) (BSE code:523419)   ,Engineering
523598,SHIPP.CORPN ,The Shipping Corporation of India Ltd. (BSE code:523598)   ,Shipping
523618,DREDGING COR,Dredging Corporation of India Ltd. (BSE code:523618)   ,Others
523670,NOIDA MEDI  ,NOIDA MEDI C (BSE code:523670)   ,Others
523694,APCOTEX IND*,Apcotex Industries Limited (BSE code:523694)   ,Petro Chemicals
526640,ROYALE MANOR,Royale Manor Hotels and Industries (BSE code:526640)   ,Tourism and Hotels
532710,SADBHAV ENGG,Sadbhav Engineering Limited (BSE code:532710)   ,Engineering
507779,KANPUR PLAST,Kanpur Plast (Bse Code: 507779 ),Packaging
500240,KINETIC ENG.,Kinetic Eng. (Bse Code: 500240 ),Automobiles
517471,KOA TOOL IN ,KOA TOOL IN (BSE code:517471)   ,Engineering
511728,KZ LEAS FIN.,KZLEASING (BSE code:511728)   ,Financial Services
511654,SUGAL DAM   ,SUGAL DAM (BSE code:511654)   ,Financial Services
514140,SURYAVA SPIN,Suryavanshi Spinning Mills Ltd (BSE code:514140)   ,Textile
505192,SWARAJ MAZDA,Swaraj Mazda (Bse Code: 505192 ),Automobiles
524582,TIRUPATI STA,TIRUPATI STA (BSE code:524582)   ,Others
503100,PHOENIX MILL,Phoenix Mill (Bse Code: 503100 ),Real Estate
532254,POLARIS SOFT,Polaris Software Lab Limited (BSE code:532254)   ,IT
521149,PRIME TEXTIL,Prime Textiles Ltd (BSE code:521149)   ,Textile
509839,PUN.WOOLCOMB,Pun.Woolcomb (Bse Code: 509839 ),Textile
531676,VAGHANI     ,VAGHANI (BSE code:531676)   ,Others
530459,VALSON INDUS,Valson Industries Ltd (BSE code:530459)   ,Textile
511389,VIDEOCON IND,Videocon Ind (Bse Code: 511389 ),Consumer Durables
504220,W.S.INDUSTR.,W.S.Industr. (Bse Code: 504220 ),Engineering
516030,YASH PAPERS ,Yash Papers Limited (BSE code:516030)   ,Paper
530665,ZENITH HEALT,ZENIT HEALTC (BSE code:530665)   ,Pharmaceuticals
500386,SHAMKEN SPIN,Shamken Spin (Bse Code: 500386 ),Textile
524661,WELCURE DRUG,Welcure Drugs & Pharmaceuticals Ltd (BSE code:524661)   ,Pharmaceuticals
505412,WENDT(INDIA),Wendt(India) (Bse Code: 505412 ),Engineering
890131,WWILPP      ,Wwilpp       (Bse Code: 890131 ),Un classified
531323,SANTARAM SPN,SANTARAM SPI (BSE code:531323)   ,Textile
531812,SGN TELECOMS,SGN TELECOMS (BSE code:531812)   ,Engineering
502563,SH.BHAWANI  ,Sh.Bhawani   (Bse Code: 502563 ),Paper
503837,SHREE RAJSYN,Shree Rajsyn (Bse Code: 503837 ),Textile
532452,SOUTH ASIA P,South Asian Petrochem Ltd. (BSE code:532452)   ,Petro Chemicals
530931,STANPACKS(I),STANPACKS IN (BSE code:530931)   ,Packaging
523519,UNI OFF AUTO,Universal Office Automation Ltd(NDA) (BSE code:523519)   ,Others
514358,EVERLON SYN.,EVERLON SYNT (BSE code:514358)   ,Textile
530571,EXPLICIT FIN,Explicit Finance Ltd(NDA) (BSE code:530571)   ,Financial Services
526496,RUBBER PROD.,RUBBER PRODU (BSE code:526496)   ,Others
516032,SARDA PAPERS,SARDA PAPERS (BSE code:516032)   ,Paper
530867,SURYANAGRI F,SURYAN FIN L (BSE code:530867)   ,Financial Services
532398,UMESL       ,Usha Martin Education & Solutions Ltd (BSE code:532398)   ,IT
513723,HIMALAYA GR.,HIMALAYA GRA(BSE INDONEXT) (BSE code:513723)   ,Mining
512022,WINRO COMMR. (BSE code:512022)   ,WINRO COMMR. (BSE code:512022)   ,Financial Services
532799,ACKRUTI     ,Akruti City Limited (BSE code:532799)   ,Real Estate
532811,AHLUWALIA CO,Ahluwalia Contracts India Ltd (BSE code:532811)   ,Construction and Building Materials
934772,TATACOFNCD  ,Tatacofncd   (Bse Code: 934772 ),Un classified
526654,THAKKERS DEV,Thakkars Developers Ltd(NDA) (BSE code:526654)   ,Construction and Building Materials
526490,PRATIK PANEL,PRATIK PANEL (BSE code:526490)   ,Construction and Building Materials
511660,PREMIUM CAP ,PREM CAP MAR (BSE code:511660)   ,Financial Services
514316,RAGHUVIR SYN,RAGHUV SYNTH (BSE code:514316)   ,Textile
511507,USHAKIRAN FI,USHAKIRA FIN (BSE code:511507)   ,Financial Services
531950,VERTEX SEC. ,Vertex Securities Ltd (BSE code:531950)   ,Financial Services
532491,ECE INDUSTRS,ECE Industries Ltd (BSE code:532491)   ,Engineering
532504,NAVIN FLUORI,Navin Fluorine International Limited (BSE code:532504)   ,Chemicals
532509,SUPRAJIT ENG,Suprajit Engineering Ltd. (BSE code:532509)   ,Engineering
532513,TVSELE      ,TVS Electronics Ltd (Merged) (BSE code:532513)   ,IT
532515,TV TODAY    ,TV Today Network Ltd. (BSE code:532515)   ,Media and Entertainment
532521,FOUR SOFT   ,Four Soft Ltd. (BSE code:532521)   ,IT
532527,RK FORGINGS ,Ramkrishna Forgings Limited (BSE code:532527)   ,Engineering
532528,DATAM GLOB  ,Datamatics Technologies Ltd (BSE code:532528)   ,IT
532532,JAIPRA      ,Jaiprakash Associates Limited (BSE code:532532)   ,Construction and Building Materials
532543,SAHPETROLEUM,Sah Petroleums Ltd(NDA) (BSE code:532543)   ,Oil and Gas
532545,FKONCO      ,Fresenius Kabi Oncology Ltd (BSE code:532545)   ,Pharmaceuticals
532606,PARAL       ,Parekh Aluminex Ltd (BSE code:532606)   ,Packaging
532614,IMPEX       ,Impex Ferro Tech Ltd (BSE code:532614)   ,Steel
532617,JETAIRWAYS  ,Jet Airways (India) Limited (BSE code:532617)   ,Aviation
532628,3I INFOTECH ,3i Infotech Ltd (BSE code:532628)   ,Power
532633,ALLSEC TECH ,Allsec Technologies Limited (BSE code:532633)   ,IT
532638,SHOPPER STOP,Shoppers Stop Limited (BSE code:532638)   ,Retail
532643,GANESHFORGIN,Shree Ganesh Forgings Ltd(NDA) (BSE code:532643)   ,Engineering
532644,JK CEMENT   ,J.K. Cement Limited (BSE code:532644)   ,Cement
532650,MSP STEEL   ,MSP Steel & Power Ltd (BSE code:532650)   ,Steel
532661,RANE MADRAS ,Rane (Madras) Limited (BSE code:532661)   ,Auto Ancillaries
532662,HT MEDIA    ,HT Media Limited (BSE code:532662)   ,Media and Entertainment
532664,AMAR REMEDIE,Amar Remedies Ltd (BSE code:532664)   ,Personal Care
532665,RAJVIR IND  ,Rajvir Industries Ltd(NDA) (BSE code:532665)   ,Textile
532668,AURIONPRO SO,aurionPro Solutions Limited (BSE code:532668)   ,IT
532673,KM SUGARMILL,KM Sugar Mills Ltd. (BSE code:532673)   ,Sugar
532674,BANNARI AMMA,Bannari Amman Spinning Mills Ltd. (BSE code:532674)   ,Textile
532677,VIKASH METAL,Vikash Metal & Power Ltd. (BSE code:532677)   ,Steel
532682,ABG SHIPYARD,ABG Shipyard Limited (BSE code:532682)   ,Engineering
532694,BARTRONICSIN,Bartronics India Limited (BSE code:532694)   ,Others
532695,CELEBRITYFAS,Celebrity Fashions Limited (BSE code:532695)   ,Textile
532696,EDUCOMP SOLN,Educomp Solutions Limited (BSE code:532696)   ,IT
500676,GLAXOSMITHKL,Glaxosmithkl (Bse Code: 500676 ),Food Processing
511208,IL & FS INVE,Il & Fs Inve (Bse Code: 511208 ),Financial Services
520021,OMAX AUTOS. ,Omax Autos Limited (BSE code:520021)   ,Auto Ancillaries
532756,MAHIND FORG ,Mahindra Forgings Limited (BSE code:532756)   ,Engineering
519228,TEMPT.FOODS ,Temptation Foods Ltd. (BSE code:519228)   ,Food Processing
522257,RAJOO ENGIN.,Rajoo Engineers Ltd(NDA) (BSE code:522257)   ,Engineering
511690,WARNER MULTI,WARNER MULTM (BSE code:511690)   ,Financial Services
531341,GUJ.INVESTA ,GUJARAT INVE (BSE code:531341)   ,Financial Services
507872,ASHNOOR TEX.,Ashnoor Tex. (Bse Code: 507872 ),Textile
504092,INDOKEM LTD.,Indokem Ltd. (Bse Code: 504092 ),Agricultural Related
506522,JL MORISON  ,Jl Morison   (Bse Code: 506522 ),Personal Care
532906,MAN ALUMIN  ,Man Aluminium Limited (BSE code:532906)   ,Non Ferrous Metals
532967,KIRI DYES   ,Kiri Dyes and Chemicals Ltd. (BSE code:532967)   ,Chemicals
519031,SHAH FOOD(P),SHAH FOODS L (BSE code:519031)   ,Food Processing
530901,ADESHWAR COT,ACIL (BSE code:530901)   ,Textile
532489,ARVIND PRODU,Arvind Products Ltd (BSE code:532489)   ,Textile
524614,INDIAN EXTR.,INDIAN EXTRACTIONS INR10 (BSE code:524614)   ,Food Processing
524374,EPIC ENZYMES,EPIC ENZYMES (BSE INDONEXT) (BSE code:524374)   ,Agricultural Related
532641,NANDAN EXIM ,Nandan Exim Limited (BSE code:532641)   ,Textile
506655,SUDARSH.CHEM,Sudarsh.Chem (Bse Code: 506655 ),Dye Material
532524,PTC INDIA   ,PTC India Ltd. (BSE code:532524)   ,Power
506313,ZENZY TECH  ,Zenzy Tech  ,Plastic Processing
501233,BHAGYO MKT C,Bhagyo Mkt C,Construction and Building Materials
934802,STF NCD4 RE ,Stf Ncd4 Re ,Un classified
517330,Cmi Ltd.    ,Cmi Ltd.    ,Telecom
945846,KOTAKSEC16  ,Kotaksec16   (Bse Code: 945846 ),Un classified
509196,M.M.RUBBER  ,M.M.Rubber   (Bse Code: 509196 ),Agricultural Related
972481,NABARD10808 ,Nabard10808  (Bse Code: 972481 ),Un classified
523752,Io System    (Bse Code: 523752 ),Io System    (Bse Code: 523752 ),Others
532373,DATANET SYS.,DATANET SYST (BSE code:532373)   ,IT
532627,JPPOWER     ,Jaiprakash Power Ventures Limited (BSE code:532627)   ,Power
500450,MPIL CORP L ,Mpil Corp L  (Bse Code: 500450 ),Engineering
501756,THANA ELECT ,Thana Elect  (Bse Code: 501756 ),Power
520127,BALURGHAT TE,BALURGHA TEC (BSE code:520127)   ,Courier and Logistic Services
530809,BNR UDYOG   ,BNR Udyog Ltd(NDA) (BSE code:530809)   ,Financial Services
530853,HIPOLIN LTD.,HIPOLIN LTD(BSE INDONEXT) (BSE code:530853)   ,Personal Care
526953,VENUS REMEDI,Venus Remedies Ltd. (BSE code:526953)   ,Pharmaceuticals
526709,BITS LTD.   ,Bits Ltd (BSE code:526709)   ,IT
517236,CALCOM VISIO,CALCO VISION (BSE code:517236)   ,Consumer Durables
523007,ANSAL BUILD.,Ansal Buildwell Ltd. (BSE code:523007)   ,Construction and Building Materials
506128,Krishna Deep,Krishna Deep,Others
710052,Trentcccpsb ,Trentcccpsb ,Un classified
710051,Trentcccpsa ,Trentcccpsa ,Un classified
511489,Gandhinag.Le,Gandhinag.Le,Financial Services
507815,GILLETTE (I),Gillette (I) (Bse Code: 507815 ),Personal Care
523712,JMG CORP LTD,JMG CORP LTD (BSE code:523712)   ,Packaging
523736,DHUNSERI TEA,Dhunseri Tea & Industries Ltd. (BSE code:523736)   ,Agricultural Related
523796,VICEROY HOTE,Viceroy Hotels Ltd. (BSE code:523796)   ,Tourism and Hotels
523810,KALE FILMS  ,Kaleidoscope Films Ltd. (BSE code:523810)   ,Telecom
523842,SUPER TANNER,Super Tannery Ltd(NDA) (BSE code:523842)   ,Fashion and personal items
523886,MICRO INKS L,Micro Inks Ltd (BSE code:523886)   ,Printing and stationary
524051,POLYPLEX    ,Polyplex Corporation Limited (BSE code:524051)   ,Plastic Processing
524103,LINEAR POLY ,LINEAR POLYM (BSE code:524103)   ,Others
524138,MAHIN COMP  ,Mahindra Composites Ltd(NDA) (BSE code:524138)   ,Auto Ancillaries
524194,ROCK.H.PETRO,ROCK HARD PE (BSE code:524194)   ,Chemicals
523415,COVENTRY COI,Coventry Coil-O-Matic Haryana Ltd. (BSE code:523415)   ,Auto Ancillaries
500097,DALMIA CEMEN,Dalmia Cemen (Bse Code: 500097 ),Cement
532839,DISH TV     ,Dish TV India Limited (BSE code:532839)   ,Media and Entertainment
523329,ELDECO HOUS.,Eldeco Housing & Inds Ltd(NDA) (BSE code:523329)   ,Construction and Building Materials
507552,FOODS & INNS,Foods & Inns (Bse Code: 507552 ),Food Processing
505355,NESCO LTD   ,Nesco Ltd    (Bse Code: 505355 ),Engineering
532320,NHN CORPORAT,ATCO CORP (BSE code:532320)   ,Others
526371,NMDC LTD    ,NMDC Limited (BSE code:526371)   ,Mining
500322,PANYAM CEMEN,Panyam Cemen (Bse Code: 500322 ),Cement
512425,NIRAV COMMER,Nirav Commercials Ltd (BSE code:512425)   ,Non Ferrous Metals
590090,OCTANT TECH ,Kushal Software Ltd. (BSE code:590090)   ,IT
514312,JAY HIND SYN,JAIHIND SYNT (BSE code:514312)   ,Textile
514034,JBF IND.LTD ,JBF Industries Ltd. (BSE code:514034)   ,Textile
505710,GRAUER& WEIL,Grauer& Weil (Bse Code: 505710 ),Chemicals
524226,GUJ AMB EXP ,Gujarat Ambuja Exports Limited (BSE code:524226)   ,Food Processing
504824,MAHA ELEKTRO,Maha Elektro (Bse Code: 504824 ),Steel
500268,MANALI PETRO,Manali Petro (Bse Code: 500268 ),Petro Chemicals
513355,MARMAGOA ST.,Marmagoa Steels Ltd(NDA) (BSE code:513355)   ,Steel
532820,MUDRA       ,Mudra Lifestyle Limited (BSE code:532820)   ,Textile
532097,MUKAND ENGG.,Mukand Engineers Limited (BSE code:532097)   ,Construction and Building Materials
530897,N.G.IND.LTD.,N G Industries Ltd (BSE code:530897)   ,HealthcareandHospitals
531888,REXNORD ELE.,REXNOR ELE C (BSE code:531888)   ,Engineering
524636,S.S.ORGANICS,S.S.ORGANICS (BSE code:524636)   ,Pharmaceuticals
532841,SAHYA INDU  ,SAHYA INDU (BSE code:532841)   ,Construction and Building Materials
500241,KIRL.BROS.  ,Kirl.Bros.   (Bse Code: 500241 ),Engineering
506079,LAKSHMI PREC,Lakshmi Prec (Bse Code: 506079 ),Engineering
532740,LOKESH MACH ,LOKESH MACH (BSE code:532740)   ,Engineering
530185,SURAT TEXT. ,Surat Textile Mills Ltd (BSE code:530185)   ,Textile
522142,TECHNO FORGE,Techno Forge Ltd (BSE code:522142)   ,Engineering
500302,PIRAMA HEALT,Pirama Healt (Bse Code: 500302 ),Pharmaceuticals
532626,PONDY OXIDES,PONDY OXIDES (BSE code:532626)   ,Chemicals
526397,ALPHAGEO (I),Alphageo India Ltd. (BSE code:526397)   ,Others
532853,ASAHI SONG  ,Asahi Songwon Colors Limited (BSE code:532853)   ,Chemicals
500035,BALAJI DIST.,Balaji Dist. (Bse Code: 500035 ),Breweries and Distilleries
508664,BEST E.HOTEL,Best E.Hotel (Bse Code: 508664 ),Tourism and Hotels
531590,BILPOWER LTD,Bilpower Ltd (BSE code:531590)   ,Power
500335,BIRLA CORPN.,Birla Corpn. (Bse Code: 500335 ),Cement
506109,GENESYS INT.,Genesys Int. (Bse Code: 506109 ),IT
530709,GOWRA LEASNG,GOWRA LEASIN (BSE code:530709)   ,Financial Services
504629,ANIL SP STEL,Anil Sp Stel (Bse Code: 504629 ),Steel
532359,HITKIT GLOB ,HITKIT GLOB (BSE code:532359)   ,IT
505726,IFB IND.LTD.,Ifb Ind.Ltd. (Bse Code: 505726 ),Consumer Durables
520131,COASTAL ROAD,COASTAL ROAD (BSE code:520131)   ,Others
500830,COLGATE PALM,Colgate Palm (Bse Code: 500830 ),Personal Care
524388,CRAZY INFOTE,Crazy Infotech Ltd(NDA) (BSE code:524388)   ,Chemicals
500645,DEEPAK FERT.,Deepak Fert. (Bse Code: 500645 ),Agricultural Related
890127,Dishtvpp     (Bse Code: 890127 ),Dishtvpp     (Bse Code: 890127 ),Un classified
532868,DLF LIMITED ,DLF Limited (BSE code:532868)   ,Real Estate
531599,FDC LIMITED ,FDC Limited (BSE code:531599)   ,Pharmaceuticals
505714,GABRIEL(I)  ,Gabriel(I)   (Bse Code: 505714 ),Auto Ancillaries
623574,PANTALOON RE,Pantaloon Re (Bse Code: 623574 ),Retail
532621,MORARJETEX  ,Morarjee Textiles Ltd. (BSE code:532621)   ,Textile
504673,UNIV.PRIME  ,Univ.Prime   (Bse Code: 504673 ),Packaging
531881,ARVIND CHEM.,Arvind Chemicals Ltd(NDA) (BSE code:531881)   ,Chemicals
504810,INFORMEDTEC ,Informedtec  (Bse Code: 504810 ),Steel
532425,GULSHAN CHEM,GULSHAN CHEM (BSE code:532425)   ,Chemicals
526045,LUMINAIRE TE,LUMINAI TECH (BSE code:526045)   ,Fashion and personal items
504132,PERM MAGNETS,Perm Magnets (Bse Code: 504132 ),Others
517411,SHYAM TELEC.,Shyam Telecom Limited (BSE code:517411)   ,Telecom
532249,SQL STAR INT,SQL Star International Limited (BSE code:532249)   ,IT
533085,TATA SM1AG  ,TATA SM1AG (BSE code:533085)   ,Financial Services
500089,DIC INDIA   ,Dic India    (Bse Code: 500089 ),Textile
530337,EXELON INFRA,EXELON INFRA (BSE code:530337)   ,Infrastructure Facilities
507789,JAGSON PHAR ,Jagson Phar  (Bse Code: 507789 ),Pharmaceuticals
511549,MORARKA FIN.,MORARKA FINA (BSE code:511549)   ,Financial Services
505368,REVATHI EQU.,Revathi Equ. (Bse Code: 505368 ),Engineering
531842,LAHOTI OVER.,Lahoti Overseas Ltd(NDA) (BSE code:531842)   ,Others
524703,SANDU PHARMA,SANDU PHARMA (BSE code:524703)   ,Pharmaceuticals
514492,MANGAL VEN  ,MANGAL VEN (BSE code:514492)   ,Textile
517544,CENTUM ELEC ,Centum Electronics Ltd. (BSE code:517544)   ,Engineering
513642,AXEL POLYMER,AXEL POLYME (BSE code:513642)   ,Plastic Processing
512493,GARNET INTL ,Garnet International Ltd(NDA) (BSE code:512493)   ,IT
509675,HYD.INDUS   ,Hyd.Indus    (Bse Code: 509675 ),Construction and Building Materials
532699,ROYALORCH   ,Royal Orchid Hotels Limited (BSE code:532699)   ,Tourism and Hotels
532700,ENT NETWORK ,Entertainment Network (India) Limited (BSE code:532700)   ,Media and Entertainment
532702,GUJ PETRONET,Gujarat State Petronet Limited (BSE code:532702)   ,Oil and Gas
532706,INOX LEISURE,INOX Leisure Limited (BSE code:532706)   ,Media and Entertainment
532707,DYNEMIC PRO ,Dynemic Products Ltd. (BSE code:532707)   ,Chemicals
532708,GVK POWERINF,GVK Power and Infrastructure Ltd. (BSE code:532708)   ,Power
532713,SAKUMA EXPO ,Sakuma Exports Limited (BSE code:532713)   ,Others
532714,KEC INTERN  ,KEC International Ltd. (BSE code:532714)   ,Power
532728,MALU PAPER  ,Malu Paper Mills Ltd. (BSE code:532728)   ,Paper
532732,KEWAL KIRAN ,Kewal Kiran Clothing Limited (BSE code:532732)   ,Textile
532733,SUN TVNET   ,Sun TV Network Ltd. (BSE code:532733)   ,Media and Entertainment
532736,POWERSOFT   ,Powersoft Global Solutions Ltd(NDA) (BSE code:532736)   ,IT
532739,PLETHICO    ,Plethico Pharmaceuticals Limited (BSE code:532739)   ,Pharmaceuticals
532748,PRIME FOCUS ,Prime Focus Limited (BSE code:532748)   ,Media and Entertainment
532749,ALLCARGO GLO,Allcargo Global Logistics Limited (BSE code:532749)   ,Courier and Logistic Services
532754,GMR INFRASTR,GMR Infrastructure Limited (BSE code:532754)   ,Power
532757,VOLTAMP TRAN,Voltamp Transformers Limited (BSE code:532757)   ,Engineering
532759,ATLANTA     ,Atlanta Limited (BSE code:532759)   ,Construction and Building Materials
532768,FIEM INDS   ,FIEM Industries Limited (BSE code:532768)   ,Auto Ancillaries
532770,HANUNG TOYS ,Hanung Toys and Textiles Limited (BSE code:532770)   ,Textile
532776,SHIVAM AUTO ,Shivam Autotech Ltd(NDA) (BSE code:532776)   ,Auto Ancillaries
532778,LANCO INFRA ,Lanco Infratech Limited (BSE code:532778)   ,Power
532787,ESS DEE ALUM,Ess Dee Aluminium Limited (BSE code:532787)   ,Packaging
532788,XL TEL ENE  ,XL Telecom & Energy Ltd. (BSE code:532788)   ,Telecom
532798,NTWK MED INV,Network 18 Media & Investments Ltd (BSE code:532798)   ,Media and Entertainment
532801,CAMBRIDGE   ,Cambridge Technology Enterprises Limited (BSE code:532801)   ,IT
532806,AI CHAMPDNY ,AI Champdany Industries Ltd (BSE code:532806)   ,Textile
532809,FSL         ,Firstsource Solutions Limited (BSE code:532809)   ,IT
532812,TRANSWARRANT,Transwarranty Finance Limited (BSE code:532812)   ,Financial Services
532818,EVINIX      ,Evinix Accessories Limited (BSE code:532818)   ,Textile
532819,MINDTREE LTD,MindTree Ltd (BSE code:532819)   ,IT
532823,EURO CERAMIC,Euro Ceramics Limited (BSE code:532823)   ,Construction and Building Materials
532826,RAJ TELE    ,Raj Television Network Limited (BSE code:532826)   ,Media and Entertainment
532827,PAGE INDUSTR,Page Industries Limited (BSE code:532827)   ,Textile
532831,ABHI CORP LT,Abhishek Corporation Limited (BSE code:532831)   ,Textile
532834,CAMLIN FINE ,Camlin Fine Chemicals Ltd (BSE code:532834)   ,Chemicals
532837,ORBITCO     ,Orbit Corporation Limited (BSE code:532837)   ,Real Estate
530263,GLOBAL CAP. ,Global Capital Markets Ltd(NDA) (BSE code:530263)   ,Financial Services
500877,APOLLO TYRES,Apollo Tyres (Bse Code: 500877 ),Tyres
526217,HITECH PLAST,Hitech Plast Limited (BSE code:526217)   ,Plastic Processing
530719,IKF FINANCE ,IKF FINANC L (BSE code:530719)   ,Financial Services
509069,INFOMEDIA   ,Infomedia    (Bse Code: 509069 ),Media and Entertainment
532209,J & K BANK  ,Jammu & Kashmir Bank Limited (BSE code:532209)   ,Banks
507833,COMPUTER PNT,Computer Pnt (Bse Code: 507833 ),IT
530755,CORAL NEWSPR,CORAL NEWSPR (BSE code:530755)   ,Others
519588,DFM FOODS   ,BOCOM Schroders Money Market Fund A (MUTF_CN:519588)  ,Food Processing
522074,ELGI EQUIP  ,Elgi Equipments Limited (BSE code:522074)   ,Engineering
531750,ENCORE SOFT.,Encore Software Ltd(NDA) (BSE code:531750)   ,IT
532876,EVERONN     ,Everonn Systems India Limited (BSE code:532876)   ,IT
500150,FOSECO INDIA,Foseco India (Bse Code: 500150 ),Chemicals
532649,NECTAR LIFE ,Nectar Lifesciences Ltd. (BSE code:532649)   ,Pharmaceuticals
532010,NETVIS      ,Netvision Web Technologies Ltd(NDA) (BSE code:532010)   ,Financial Services
505840,JAIPAN INDUS,Jaipan Indus (Bse Code: 505840 ),Engineering
524592,JD ORGOCHEM ,JD ORGOCHEM (BSE code:524592)   ,Dye Material
513250,JYOTI STRUCT,Jyoti Structures Limited (BSE code:513250)   ,Power
509152,GUJ.RECLAIM ,Guj.Reclaim  (Bse Code: 509152 ),Others
508956,HB LEAS.PUB ,Hb Leas.Pub  (Bse Code: 508956 ),Financial Services
500265,MAH.SEAMLESS,Mah.Seamless (Bse Code: 500265 ),Steel
500271,MAX INDIA   ,Max India    (Bse Code: 500271 ),Packaging
532723,MONET SUGAR ,Monnet Sugar Ltd(NDA) (BSE code:532723)   ,Sugar
532687,REPRO INDIA ,Repro India Limited (BSE code:532687)   ,Printing and stationary
503691,SAHARA ONE  ,Sahara One   (Bse Code: 503691 ),Media and Entertainment
526409,KALPENA     ,Kalpana Industries Ltd (BSE code:526409)   ,Plastic Processing
533007,LGB FORGE   ,LGB Forge Limited (BSE code:533007)   ,Others
513575,STERL.STRIPS,STERLING STR (BSE code:513575)   ,Engineering
504960,STEWARTS    ,Stewarts     (Bse Code: 504960 ),Engineering
521246,PARAS PETRO ,Paras Petrofils Ltd. (BSE code:521246)   ,Textile
500020,BOM DYEING  ,Bom Dyeing   (Bse Code: 500020 ),Textile
507598,KLRF LTD    ,Klrf Ltd     (Bse Code: 507598 ),Diversified
512185,IOL NET COM ,IOL Netcom Ltd (BSE code:512185)   ,IT
945797,Ecl03jul08  ,Ecl03jul08  ,Un classified
513502,Baroda Extr.,Baroda Extr.,Others
526479,SKY INDUST. ,Sky Industries Ltd(NDA) (BSE code:526479)   ,Others
532863,SPICE TELE  ,Spice Communications Ltd. (BSE code:532863)   ,Telecom
514300,PIONEER EMB ,Pioneer Embroideries Limited (BSE code:514300)   ,Textile
500356,RAMA NEWSPRI,Rama Newspri (Bse Code: 500356 ),Paper
532124,RELIAB VEN  ,Reliable Ventures Ltd (BSE code:532124)   ,Tourism and Hotels
532917,VARUN INDS  ,Varun Industries Limited (BSE code:532917)   ,Steel
500465,VARUN SHIP. ,Varun Ship.  (Bse Code: 500465 ),Steel
530069,PRO DEV&TEC ,Proto Developers & Technologies Ltd(NDA) (BSE code:530069)   ,Others
517447,R.S.SOFTWARE,RS Software India Limited (BSE code:517447)   ,IT
511736,USHDEV INTNL,Ushdev International Ltd. (BSE code:511736)   ,Others
530151,VIJAY TEXTIL,Vijay Textiles Ltd(NDA) (BSE code:530151)   ,Textile
590033,APW PRES    ,APW President Systems Ltd(NDA) (BSE code:590033)   ,Consumer Durables
506808,TUTICORIN.  ,Tuticorin.   (Bse Code: 506808 ),Chemicals
533265,Gallispat  ,Gallispat  ,Steel
961692,Sbibondsi   ,Sbibondsi   ,Un classified
961693,Sbibondsii  ,Sbibondsii  ,Un classified
512247,ASHIRWAD CAP,ASHER CAPITA (BSE code:512247)   ,Others
500030,AUTORID.FIN ,Autorid.Fin  (Bse Code: 500030 ),Financial Services
500069,BNK CAPITAL ,Bnk Capital  (Bse Code: 500069 ),Financial Services
530945,GANGOTRI IRO,GANGOTRI I&S (BSE code:530945)   ,Steel
531939,GENIUS COMMU,Genus Commu-Trade Ltd(NDA) (BSE code:531939)   ,Others
531223,ANJANI SYNT.,Anjani Synthetics Ltd(NDA) (BSE code:531223)   ,Textile
512344,ARAVALI SEC.,Aravali Securities & Finance Ltd(NDA) (BSE code:512344)   ,Financial Services
511401,MUNOTH INVES,Munoth Inves (Bse Code: 511401 ),Financial Services
519097,RITESH INTER,RITES INTERN (BSE code:519097)   ,Textile
501148,DALAL ST INV,Dalal St Inv (Bse Code: 501148 ),Financial Services
506530,KEMP & CO.  ,Kemp & Co.   (Bse Code: 506530 ),Plastic Processing
506105,STANROSE MAF,Stanrose Maf (Bse Code: 506105 ),Financial Services
532840,ADVANTA     ,Advanta India Limited (BSE code:532840)   ,Agricultural Related
532480,ALLAHABAD BK,Allahabad Bank (BSE code:532480)   ,Banks
521070,ALOK INDS.  ,Alok Industries Limited (BSE code:521070)   ,Textile
526173,ANDREW YULE ,Andrew Yule & Co. Ltd. (BSE code:526173)   ,Diversified
532797,AUTOIND     ,Autoline Industries Limited (BSE code:532797)   ,Auto Ancillaries
500046,BEST&CROMPT.,Best&Crompt. (Bse Code: 500046 ),Engineering
523229,BHARAT SEATS,Bharat Seats Ltd(NDA) (BSE code:523229)   ,Auto Ancillaries
506027,BHORUKA ALU.,Bhoruka Alu. (Bse Code: 506027 ),Steel
590061,BRUSHMAN IND,Brushman (India) Ltd(NDA) (BSE code:590061)   ,Others
531863,GEEKAY FIN. ,Geekay Finance & Leasing Co. Ltd (BSE code:531863)   ,Financial Services
934774,INDHOTELNCD ,Indhotelncd  (Bse Code: 934774 ),Un classified
505594,Multipl.Hold,Multipl.Hold,Financial Services
934510,Silver Jan02,Silver Jan02,Un classified
911667,English Indi,English Indi,Un classified
511611,DCM FINANCIA,DCM Financial Services Limited (BSE code:511611)   ,Financial Services
532927,ECLERX      ,eClerx Services Limited (BSE code:532927)   ,IT
508906,EVEREST INDS,Everest Inds (Bse Code: 508906 ),Construction and Building Materials
512219,FINAVENT    ,FINAVENT (BSE code:512219)   ,Others
532796,LUMAX AUTO  ,Lumax Auto Technologies Limited (BSE code:532796)   ,Auto Ancillaries
517214,SPICE MOBIL ,Spice Mobiles Ltd (BSE code:517214)   ,IT
530355,ASIAN OILFIE,Asian Oilfield Services Ltd (BSE code:530355)   ,Oil and Gas
500166,GOODRICKE   ,Goodricke    (Bse Code: 500166 ),Agricultural Related
501298,INDUS.&PRUD.,Indus.&Prud. (Bse Code: 501298 ),Others
524412,AAREY DRUGS ,AAREY DRUGS (BSE code:524412)   ,Pharmaceuticals
517565,ASHCO NIUL  ,Ashco Industries Ltd (BSE code:517565)   ,Others
523465,IND.BANK HSG,IND Bank Housing Ltd (BSE code:523465)   ,Financial Services
505426,DAGGER FROST,Dagger Frost (Bse Code: 505426 ),Engineering
530049,J.J.EXPORTER,JJ Exporters Ltd (BSE code:530049)   ,Textile
507450,THIRU A.SUG.,Thiru A.Sug. (Bse Code: 507450 ),Sugar
503804,SHRI DINESH ,Shri Dinesh  (Bse Code: 503804 ),Textile
532842,SREE RAYALA ,SREE RAYALA (BSE code:532842)   ,Chemicals
514199,BALA TEC IND,BALA TECH IND (BSE code:514199)   ,Textile
520115,BRAKES AUTO ,Brakes Auto India Ltd(NDA) (BSE code:520115)   ,Auto Ancillaries
506159,PARAAN LTD. ,Paraan Ltd.  (Bse Code: 506159 ),Agricultural Related
512131,SIGNET OS   ,Signet Os    (Bse Code: 512131 ),Agricultural Related
533066,IB SECURITI*,Ib Securiti* (Bse Code: 533066 ),Un classified
531297,ARTEFACT PR ,Artefact Projects Ltd(NDA) (BSE code:531297)   ,Financial Services
511427,ATN INTER.  ,ATN INTER (BSE code:511427)   ,Diversified
511447,SYLPH TECH  ,SYLPH TECH (BSE code:511447)   ,Housing Finance
511505,CAPITAL TRUS,CAPITA TRUST (BSE code:511505)   ,Financial Services
511525,PAN INDIA C ,PAN INDIA C (BSE code:511525)   ,IT
511535,NDA SECURIT.,NDA SECURITI (BSE code:511535)   ,Others
511571,SOMDATT FIN ,SOM DAT FI C (BSE code:511571)   ,Financial Services
511593,LIBORD INFO.,LIBORD INFO (BSE code:511593)   ,IT
511601,YASH MANAGE.,YASH MANA SA (BSE code:511601)   ,Financial Services
511618,JIK INDUS.  ,JIK Industries Limited (BSE code:511618)   ,Others
511630,SAMBHAAV MED,Sambhaav Media Ltd(NDA) (BSE code:511630)   ,Others
511692,AJCON GLOBAL,AJCON GLOBAL (BSE code:511692)   ,Financial Services
532285,GEOJIT BNP  ,Geojit BNP Paribas Financial Services Ld (BSE code:532285)   ,Financial Services
532298,ZENITH INFO.,Zenith Infotech Ltd. (BSE code:532298)   ,IT
532300,WOCKHARDT   ,Wockhardt Limited (BSE code:532300)   ,Pharmaceuticals
532301,TATA COFFEE ,Tata Coffee Ltd. (BSE code:532301)   ,Agricultural Related
532316,S KUMARS.COM,S Kumars Online Ltd (BSE code:532316)   ,IT
532322,ELDER PHARMA,Elder Pharmaceuticals Limited (BSE code:532322)   ,Pharmaceuticals
532323,SHIVA CEMENT,Shiva Cement Ltd (BSE code:532323)   ,Cement
532329,DANLAW TECH.,Danlaw Technologies India Limited (BSE code:532329)   ,IT
532331,AJANTA PHARM,Ajanta Pharma Ltd(NDA) (BSE code:532331)   ,Pharmaceuticals
532334,HB ESTATE DE,HB Estate Developers Ltd (BSE code:532334)   ,Construction and Building Materials
532347,HELIOS & MAT,Helios & Matheson Information Tech Ltd. (BSE code:532347)   ,IT
532350,PADMALAYA TE,Padmalaya Telefilms Limited (BSE code:532350)   ,Media and Entertainment
532351,AKSH OPTIFIB,Aksh Optifibre Limited (BSE code:532351)   ,Telecom
532358,TELE DATA IN,Teledata Informatics Ltd .(India) (BSE code:532358)   ,IT
532849,BINANI CEM  ,Binani Cement Limited (BSE code:532849)   ,Cement
532857,GLORY POLY  ,Glory Polyfilms Limited (BSE code:532857)   ,Packaging
532858,DECOLIGHT CE,Decolight Ceramics Limited (BSE code:532858)   ,Construction and Building Materials
532866,QUINTEGRA SO,Quintegra Solutions Ltd (BSE code:532866)   ,IT
532867,VISHAL RETAI,Vishal Retail Limited (BSE code:532867)   ,Retail
532869,ROMAN TAR   ,Roman Tarmat Limited (BSE code:532869)   ,Fashion and personal items
532870,ANKIT METAL ,Ankit Metal & Power Limited (BSE code:532870)   ,Steel
532872,SUNPHA ADV  ,Sun Pharma Advanced Research Company (BSE code:532872)   ,Pharmaceuticals
532874,SURYACHAKRA ,Suryachakra Power Corporation Limited (BSE code:532874)   ,Power
532875,ALLIED DIGIT,Allied Digital Services Ltd. (BSE code:532875)   ,IT
532877,SIMPLEX PROJ,Simplex Projects Ltd (BSE code:532877)   ,Construction and Building Materials
532881,IVR PRIME   ,IVR Prime Urban Developers Limited (BSE code:532881)   ,Infrastructure Facilities
532891,PURAVANKARA ,Puravankara Projects Limited (BSE code:532891)   ,Real Estate
532893,VTM LTD     ,VTM LTD (BSE code:532893)   ,Textile
532898,POWER GRID  ,Power Grid Corporation of India Limited (BSE code:532898)   ,Power
532902,CONSOL CONST,Consolidated Construction Consortium Ltd (BSE code:532902)   ,Infrastructure Facilities
532905,SAAMYA BIO  ,Saamya Biotech (India) Limited (BSE code:532905)   ,Chemicals
532908,SHARON BIO  ,SHARON BIO (BSE code:532908)   ,Pharmaceuticals
532914,ARCOTECH LTD,Arcotech Limited (BSE code:532914)   ,Engineering
532916,BARAK VALL  ,Barak Valley Cements Limited (BSE code:532916)   ,Cement
532922,EDELWEISS CA,Edelweiss Capital Limited (BSE code:532922)   ,Financial Services
532924,KOLTEPATIL  ,Kolte-Patil Developers Limited. (BSE code:532924)   ,Real Estate
532929,BRIGADE     ,Brigade Enterprises Limited (BSE code:532929)   ,Real Estate
532935,ARIES AGRO  ,Aries Agro Ltd (BSE code:532935)   ,Agricultural Related
532937,ABC PAPER   ,ABC Paper Ltd. (BSE code:532937)   ,Paper
532940,J KUMAR INFR,J. Kumar Infraprojects Ltd. (BSE code:532940)   ,Infrastructure Facilities
532947,IRB INFRA   ,IRB Infrastructure Developers Ltd. (BSE code:532947)   ,Infrastructure Facilities
532951,GSS AMERICA ,Gss America Infotech Ltd. (BSE code:532951)   ,IT
532955,RECLTD      ,RECLTD (BSE code:532955)   ,Power
532959,GAMMON INFRA,Gammon Infrastructure Projects Limited (BSE code:532959)   ,Infrastructure Facilities
532964,DWS FTS43 IG (BSE code:532964)   ,DWS FTS43 IG (BSE code:532964)   ,Financial Services
532966,TITAGARH WAG,Titagarh Wagons Ltd (BSE code:532966)   ,Engineering
532977,BAJAJ AUTO  ,Bajaj Auto Limited. (BSE code:532977)   ,Automobiles
532980,GOKUL REFOIL,Gokul Refoils & Solvent Limited. (BSE code:532980)   ,Food Processing
532985,KOTAK SENSEX,KOTAK SENSEX (BSE code:532985)   ,Financial Services
532990,GMR FERRO   ,GMR Ferro Alloys & Industries Ltd (BSE code:532990)   ,Steel
532993,SEJAL GLASS ,Sejal Architectural Glass Limited (BSE code:532993)   ,Construction and Building Materials
531544,VERTEX SPG  ,Vertex Spinning Ltd. (BSE code:531544)   ,Textile
517015,VINDHYA TELE,Vindhya Telelink Ltd (BSE code:517015)   ,Telecom
519035,WADALA COMM ,FullGoal Tianbo Innovation Theme Stock (MUTF_CN:519035)  ,Food Processing
514234,SANGAM INDIA,Sangam (India) Ltd. (BSE code:514234)   ,Textile
530073,SANGHVI MOVE,Sanghvi Movers Limited (BSE code:530073)   ,Others
532900,SE INVESTM  ,SE INVESTM (BSE code:532900)   ,Financial Services
512289,SHIRPUR GOLD,Shirpur Gold Refinery Ltd(NDA) (BSE code:512289)   ,Breweries and Distilleries
505650,SKYL MILLAR ,Skyl Millar  (Bse Code: 505650 ),Engineering
700102,SRRAYL ALKPS,SRRAYL ALKPS (BSE code:700102)   ,Un classified
532779,TORNT POWER ,Torrent Power Limited (BSE code:532779)   ,Power
532762,ACTION CONST,Action Construction Equipment Limited (BSE code:532762)   ,Engineering
532141,ANDHRA CEMEN,Andhra Cements Ltd. (BSE code:532141)   ,Cement
526847,ASHIRWAD STL,Ashirwad Steels & Industries Ltd(NDA) (BSE code:526847)   ,Steel
531937,BECKONSIND  ,BECKONS INDS (BSE code:531937)   ,Paper
512608,BHANDARI HOS,BHAND HOS EX (BSE code:512608)   ,Textile
530207,BRAWN PHARMA,BRAWN PHARMA (BSE code:530207)   ,Pharmaceuticals
532616,CAM SOLU    ,Cambridge Solutions Limited (BSE code:532616)   ,IT
526729,GOLDIAM INT.,Goldiam International Ltd. (BSE code:526729)   ,Fashion and personal items
500449,HIND.ORG.CHM,Hind.Org.Chm (Bse Code: 500449 ),Chemicals
532822,IDEA CELL   ,Idea Cellular Limited (BSE code:532822)   ,Telecom
532479,ISMT LTD    ,ISMT Ltd. (BSE code:532479)   ,Steel
532324,CINEVISTAAS ,Cinevistaas Limited (BSE code:532324)   ,Media and Entertainment
532688,COMPU SYSTEM,Compulink Systems Ltd(NDA) (BSE code:532688)   ,IT
521216,DHAN ROTO SP,DHANALAXMI ROTO SP INR10 (BSE code:521216)   ,Textile
511636,DJS STOCK   ,DJS STOCK SH (BSE code:511636)   ,Financial Services
500136,ESTER INDUS.,Ester Indus. (Bse Code: 500136 ),Textile
500086,EXIDE IND.  ,Exide Ind.   (Bse Code: 500086 ),Batteries
504112,NELCO LTD.  ,Nelco Ltd.   (Bse Code: 504112 ),Engineering
523576,FLAWLESS DIA,Flawless Diamond India Ltd. (BSE code:523576)   ,Fashion and personal items
524689,PARENT.DRUGS,Parenteral Drugs (India) Ltd. (BSE code:524689)   ,Pharmaceuticals
500143,P.H.CAPITAL ,P.H.Capital  (Bse Code: 500143 ),Financial Services
590117,Mahaveer Inf,Mahaveer Inf,IT
500192,PRAG BOSIMI ,Prag Bosimi  (Bse Code: 500192 ),Textile
523716,ASHIANA HOU ,Ashiana Housing Ltd. (BSE code:523716)   ,Housing Finance
517477,ELNET TECH. ,Elnet Technologies Ltd(NDA) (BSE code:517477)   ,Others
523704,MASTEK LTD  ,Mastek Limited (BSE code:523704)   ,IT
590068,KHAITAN INDI,Khaitan (India) Limited (BSE code:590068)   ,Others
520003,VYBRA AUTO. ,Vybra Automet Ltd(NDA) (BSE code:520003)   ,Engineering
532310,SHREE RAMA  ,Shree Rama Multi-Tech Ltd(NDA) (BSE code:532310)   ,Packaging
523385,NILKAMAL L  ,Nilkamal Ltd. (BSE code:523385)   ,Plastic Processing
532933,PORWAL AUTO ,Porwal Auto Components Ltd (BSE code:532933)   ,Auto Ancillaries
532772,DEV CRBANK  ,Development Credit Bank Limited (BSE code:532772)   ,Banks
512579,GUJ.NRE COKE,Gujarat NRE Coke Ltd. (BSE code:512579)   ,Mining
512626,ORBIT EXPORT,Orbit Exports Limited. (BSE code:512626)   ,Textile
513010,TATA SPONGE ,Tata Sponge Iron Ltd (BSE code:513010)   ,Steel
513043,RAJEN.MECH. ,Rajendra Mechanical Industries Ltd(NDA) (BSE code:513043)   ,Steel
934782,LTFINNCDII  ,Ltfinncdii   (Bse Code: 934782 ),Un classified
890133,Tele18eqpp   (Bse Code: 890133 ),Tele18eqpp   (Bse Code: 890133 ),Un classified
533111,Tfmp25arg    (Bse Code: 533111 ),Tfmp25arg    (Bse Code: 533111 ),Un classified
506134,INTELL CAP  ,Intell Cap   (Bse Code: 506134 ),Plastic Processing
513142,BALASORE    ,Balasore Alloys Limited (BSE code:513142)   ,Steel
513173,STL STR INF ,Steel Strips Infrastructures Limited (BSE code:513173)   ,Steel
513269,MAN IND.(I) ,Man Industries (India) Limited (BSE code:513269)   ,Steel
513309,ALUM IND EX ,Alumeco India Extrusion Limited (BSE code:513309)   ,Non Ferrous Metals
513349,AJMERA      ,Ajmera Realty and Infra India Ltd (BSE code:513349)   ,Steel
513361,ISW LTD     ,India Steel Works Limited (BSE code:513361)   ,Steel
513405,PENNAR ALUM.,Pennar Aluminium Company Ltd(NDA) (BSE code:513405)   ,Non Ferrous Metals
513515,S.R.INDUS.  ,S R INDUSTRI (BSE code:513515)   ,Textile
513583,S.B.& T INT.,SB And T International Ltd(NDA) (BSE code:513583)   ,Fashion and personal items
513599,HIND.COPPER ,Hindustan Copper Ltd. (BSE code:513599)   ,Non Ferrous Metals
526721,NICCO PARKS ,NICCO PARK R(BSE INDONEXT) (BSE code:526721)   ,Tourism and Hotels
526727,GARNET CONST,Garnet Construction Ltd(NDA) (BSE code:526727)   ,Construction and Building Materials
530333,Emgee Cables,Emgee Cables,Engineering
946447,Edelj2k908  ,Edelj2k908  ,Un classified
526893,SRINIVASA HA,Srinivasa Hatcheries Ltd (BSE code:526893)   ,Food Processing
530835,ELTROL LTD. ,ELTROL LTD (BSE code:530835)   ,Others
530871,CHEMBOND CHM,Chembond Chemicals Ltd(NDA) (BSE code:530871)   ,Chemicals
530985,JPT SECUR.  ,JPTSECURITII (BSE code:530985)   ,Financial Services
531033,REGAL ENTERT,Regal Entertainment & Consult.Ltd(NDA) (BSE code:531033)   ,Financial Services
531084,INDO BONITO ,INDO BONITO (BSE code:531084)   ,Financial Services
531091,UNITED CRED.,United Credit Limited (BSE code:531091)   ,Financial Services
531102,SURANA CORPO,Surana Corporation Ltd(NDA) (BSE code:531102)   ,Fashion and personal items
531118,PACIFIC COTS,Pacific Cotspin Ltd (BSE code:531118)   ,Textile
531127,ENRICH IND. ,Enrich Industries Ltd(NDA) (BSE code:531127)   ,Financial Services
531146,MEDICAMEN BI,Medicamen Biotech Ltd(NDA) (BSE code:531146)   ,Pharmaceuticals
531161,ABM KNOWLEDG,ABM Knowledgeware Ltd(NDA) (BSE code:531161)   ,IT
531178,BCC FINANCE ,BCC FINANCE (BSE code:531178)   ,Financial Services
531179,ARMAN FIN   ,Arman Financial Services Ltd. (BSE code:531179)   ,Financial Services
531201,SHILCHAR TEC,Shilchar Technologies Ltd(NDA) (BSE code:531201)   ,Engineering
531213,MANAPPURAM G,Manappuram General Finance & Leasing Ltd (BSE code:531213)   ,Financial Services
532370,RAMCO  SYSTM,Ramco Systems Limited (BSE code:532370)   ,IT
532371,TATA TELESER,Tata Teleservices (Maharashtra) Limited (BSE code:532371)   ,Telecom
500710,ICI INDIA   ,Ici India    (Bse Code: 500710 ),Paints
532835,ICRA        ,ICRA Limited (BSE code:532835)   ,Financial Services
531594,INCON ENGG. ,INCON ENGINE (BSE code:531594)   ,Engineering
500202,IND.LEAS.DEV,Ind.Leas.Dev (Bse Code: 500202 ),Financial Services
532717,INDOTECHTR  ,Indo Tech Transformers Limited (BSE code:532717)   ,Engineering
532001,INDUCTO STL.,INDUCTO STEL (BSE code:532001)   ,Steel
500210,INGERSOLL   ,Ingersoll    (Bse Code: 500210 ),Engineering
531289,INTERFIT TEC,INTERF TEC P (BSE code:531289)   ,Steel
531398,INWINEX PH  ,INWINEX PH (BSE code:531398)   ,Pharmaceuticals
500087,CIPLA LTD.  ,Cipla Ltd.   (Bse Code: 500087 ),Pharmaceuticals
532941,CORDS CABLE ,Cords Cable Industries Ltd. (BSE code:532941)   ,Engineering
533144,COX KINGS   ,Cox Kings    (Bse Code: 533144 ),Tourism and Hotels
526027,CUBEX TUBING,Cubex Tubings Ltd. (BSE code:526027)   ,Non Ferrous Metals
532610,DWAR SUGAR  ,Dwarikesh Sugar Industries Ltd. (BSE code:532610)   ,Sugar
523732,ECO BOARD IN,Ecoboard Industries Limited (BSE code:523732)   ,Diversified
532042,FRONTL CORP ,FRONTLINE CORPORAT INR10 (BSE code:532042)   ,Courier and Logistic Services
508670,NEELAMALAI  ,Neelamalai   (Bse Code: 508670 ),Agricultural Related
533098,NHPC        ,NHPC Limited (BSE code:533098)   ,Power
511523,NIYATI IND..,NIYAT INDUST (BSE code:511523)   ,IT
507981,JINDAL HOTL ,Jindal Hotl  (Bse Code: 507981 ),Tourism and Hotels
530367,NRB BEARINGS,NRB Bearings Limited (BSE code:530367)   ,Engineering
500311,NUCHEM LTD. ,Nuchem Ltd.  (Bse Code: 500311 ),Chemicals
501179,OSCAR INV.  ,Oscar Inv.   (Bse Code: 501179 ),Financial Services
513252,JAY USHIN   ,Jay Ushin Ltd (BSE code:513252)   ,Others
516078,JUMBO BAG   ,Jumbo Bag Ltd(NDA) (BSE code:516078)   ,Packaging
509597,HARDCASTLE  ,Hardcastle   (Bse Code: 509597 ),Diversified
526931,HARIYANA SH.,Hariyana Ship Breakers Ltd(NDA) (BSE code:526931)   ,Engineering
524735,HIKAL LTD.  ,Hikal Limited (BSE code:524735)   ,Chemicals
531131,MASCON GLOB.,Mascon Global Ltd (BSE code:531131)   ,IT
532494,MICRO TECHO ,Micro Technologies (India) Limited (BSE code:532494)   ,IT
500460,MUKAND LTD. ,Mukand Ltd.  (Bse Code: 500460 ),Steel
530341,MUKESH BABU ,MUKESH BABU (BSE code:530341)   ,Financial Services
532991,MVL LIMITED ,MVL Ltd (BSE code:532991)   ,Real Estate
530991,ROOPA INDUS ,ROOPA INDUST (BSE code:530991)   ,Pharmaceuticals
500350,RSWM  LTD   ,Rswm  Ltd    (Bse Code: 500350 ),Textile
500235,KALYANI STEL,Kalyani Stel (Bse Code: 500235 ),Steel
521242,KANDAGIRI SP,Kandagiri Spinning Mills Ltd(NDA) (BSE code:521242)   ,Textile
513536,LESHA ENER  ,LESHA ENER (BSE code:513536)   ,Steel
500404,SUNFLAG IRON,Sunflag Iron (Bse Code: 500404 ),Steel
524156,T C M LTD.  ,TCM LIMITED (BSE code:524156)   ,Chemicals
532998,LOTUS EYE   ,Lotus Eye Care Hospital Limited (BSE code:532998)   ,HealthcareandHospitals
533006,BIRLA COTSYN,Birla Cotsyn (India) Limited (BSE code:533006)   ,Textile
533010,Octav Investments Limited (BSE code:533010)   ,Octav Investments Limited (BSE code:533010)   ,Financial Services
533015,NUTEK INDIA ,Nu Tek India Limited (BSE code:533015)   ,Telecom
533017,RESURGERE   ,Resurgere Mines & Minerals India Limited (BSE code:533017)   ,Mining
533026,CHEMCEL     ,Chemcel BioTech Limited (BSE code:533026)   ,Agricultural Related
533056,SARK SYS    ,SARK Systems India Limited (BSE code:533056)   ,IT
533084,TATA SM1AD  ,TATA SM1AD (BSE code:533084)   ,Financial Services
533089,TELE TECHNO ,Teledata Technology Solutions Limited (BSE code:533089)   ,IT
533093,RAJ OIL     ,Raj Oil Mills Limited (BSE code:533093)   ,Food Processing
530001,GUJ.ALKALI  ,CCB Principal Perpetual Value (MUTF_CN:530001)  ,Chemicals
530005,INDIA CEM.  ,CCB Principal Optimizing Allocation (MUTF_CN:530005)  ,Cement
530011,MANGLR.CHEM ,Mangalore Chemicals & Fertilizers Ltd. (BSE code:530011)   ,Agricultural Related
530023,FORTUNE FIN.,Fortune Financial Services India Ltd (BSE code:530023)   ,Financial Services
530027,AADI INDUS L,JRC Industries Ltd(NDA) (BSE code:530027)   ,Financial Services
530045,TITAN SECUR.,TITAN SECURI (BSE code:530045)   ,Financial Services
530065,ISHWAR BHUV.,ISHWAR BHUV. (BSE code:530065)   ,Tourism and Hotels
530071,PARSOLI CORP,Parsoli Corporation Ltd. (BSE code:530071)   ,Financial Services
530077,FRESHTROP FR,Freshtrop Fruits Ltd(NDA) (BSE code:530077)   ,Food Processing
530093,ACE INDIA LT,ACE INDIA LT (BSE code:530093)   ,Others
530149,KSL & IND.  ,KSL and Industries Ltd. (BSE code:530149)   ,Textile
530197,BAGADIA COLO,BAGADIA COLO (BSE code:530197)   ,Dye Material
530233,AURO LAB.   ,AURO LABORAO (BSE code:530233)   ,Pharmaceuticals
530237,GANDHI.HOTEL,GANDHIN HOTE (BSE code:530237)   ,Tourism and Hotels
530245,ARYAMAN FIN.,ARYAMA FIN S (BSE code:530245)   ,Financial Services
530253,RAJ.TUBE MFG,RAJAS TUBE M (BSE code:530253)   ,Steel
530281,QUANTUM DIG.,QUANTUM DIGI (BSE code:530281)   ,Auto Ancillaries
530283,ZUARI FOREX ,ZUARI FOREX (BSE code:530283)   ,Others
530307,CHAMANLAL SE,Chaman Lal Setia Exports Ltd(NDA) (BSE code:530307)   ,Others
530309,CHANDRA PRAB,CHAND PRAB I(BSE INDONEXT) (BSE code:530309)   ,Others
530321,UNIMIN INDIA,UNIMIN IND L (BSE code:530321)   ,Plastic Processing
530329,MUKUNDA IND.,Mukunda Industrial Finance Limited (BSE code:530329)   ,Financial Services
530347,MAGNUM LTD. ,MAGNUM VENTURES LT INR10 (BSE code:530347)   ,Financial Services
530357,KBS CAPITAL ,KBS CAP MANA (BSE code:530357)   ,Financial Services
530377,NILA INFRA. ,Nila Housing and Infrastructures Ltd (BSE code:530377)   ,Construction and Building Materials
530419,SUMEDHA FISC,SUMEDH FISCA (BSE code:530419)   ,Financial Services
530449,RUNGTA IRRIG,RUNGT IRRIGA (BSE code:530449)   ,Engineering
530477,VIKRAM THERM,Vikram Thermo (India) Ltd(NDA) (BSE code:530477)   ,Others
530505,UPPER GANGES,Upper Ganges Sugar & Industries Ltd. (BSE code:530505)   ,Sugar
521163,ZODIAC CLOTH,Zodiac Clothing Company Ltd. (BSE code:521163)   ,Textile
530235,KJMC FIN.   ,KJMC FINA SE (BSE code:530235)   ,Financial Services
945577,Kotaksecks1  (Bse Code: 945577 ),Kotaksecks1  (Bse Code: 945577 ),Un classified
500162,GMR INDUS LT,Gmr Indus Lt (Bse Code: 500162 ),Steel
531304,NUTECH GLOBA,Nutech Globa (Bse Code: 531304 ),Textile
531822,VISHAL COTSP,Vishal Cotsp (Bse Code: 531822 ),Textile
632299,TV 18 IN(FII,Tv 18 In(Fii (Bse Code: 632299 ),Un classified
530495,CHHATT IND  ,Chhatt Ind   (Bse Code: 530495 ),Paper
934788,STFC NCDIV  ,Stfc Ncdiv   (Bse Code: 934788 ),Un classified
511431,VAKRANGEE SO,Vakrangee Softwares Ltd. (BSE code:511431)   ,IT
511473,IND.BANK MER,Indbank Merchant Banking Services L(NDA) (BSE code:511473)   ,Banks
511533,SAHARA HOUSG,Sahara Housingfina Corporation Ltd(NDA) (BSE code:511533)   ,Housing Finance
511559,TIMES GUARAN,Times Guaranty Ltd(NDA) (BSE code:511559)   ,Financial Services
511589,ALMONDZ CMS ,Almondz Capital & Management Services (BSE code:511589)   ,Financial Services
511605,ARIHANT CAP.,Arihant Capital Markets Ltd(NDA) (BSE code:511605)   ,Financial Services
511626,R R FINANCE.,RR Financial Consultants Limited (BSE code:511626)   ,Financial Services
511642,WISEC GLOBAL,Wisec Global Ltd (BSE code:511642)   ,Financial Services
511668,FACT ENTERP ,Fact Enterprise Ltd(NDA) (BSE code:511668)   ,Financial Services
532284,TCFC FINANCE,TCFC Finance Ltd (BSE code:532284)   ,Financial Services
532296,GLENMARK PHA,Glenmark Pharmaceuticals Limited (BSE code:532296)   ,Pharmaceuticals
532299,TV 18 INDIA ,Television Eighteen India Limited (BSE code:532299)   ,Media and Entertainment
532307,MELSTAR INFO,Melstar Information Technologies Ltd (BSE code:532307)   ,IT
532318,GEMINI COMMU,Gemini Communications Ltd. (BSE code:532318)   ,IT
532321,CADILA HEALT,Cadila Healthcare Limited (BSE code:532321)   ,Pharmaceuticals
532326,INTENS TECH ,Intense Technologies Ltd. (BSE code:532326)   ,IT
532330,BIOPAC INDIA,Biopac India Corporation Ltd(NDA) (BSE code:532330)   ,Others
532335,AMBICA AGAR.,Ambica Agarbathies & Aroma Indus Lt(NDA) (BSE code:532335)   ,Others
945726,Rankinvsr07 ,Rankinvsr07 ,Un classified
946449,Edelk2k912  ,Edelk2k912  ,Un classified
509895,Sirdar Carb ,Sirdar Carb ,Diversified
502165,OCL INDIA   ,Ocl India    (Bse Code: 502165 ),Cement
523477,GUJ.GAS COMP,Gujarat Gas Company Limited (BSE code:523477)   ,Oil and Gas
526927,RELIG TECH  ,Religare Technova Ltd. (BSE code:526927)   ,Financial Services
515018,REG.CERAMIC ,Regency Ceramics Ltd(NDA) (BSE code:515018)   ,Construction and Building Materials
526521,SANGHI IND. ,Sanghi Industries Ltd. (BSE code:526521)   ,Plastic Processing
512531,STC INDIA   ,State Trading Corporation of India Ltd. (BSE code:512531)   ,Others
521068,HISAR SPIN. ,HISAR SPIN. (BSE code:521068)   ,Textile
531978,AMBIKA COTTO,Ambika Cotton Mills Ltd(NDA) (BSE code:531978)   ,Textile
530979,INDIA HOME  ,INDIA HOME (BSE code:530979)   ,Housing Finance
500135,ESSEL PROP  ,Essel Prop   (Bse Code: 500135 ),Packaging
531217,WEST.(I)SHIP,Western India Shipyard Limited (BSE code:531217)   ,Engineering
531240,SHAMROCK IND,Shamrock Industrial Co.Ltd(NDA) (BSE code:531240)   ,Textile
531241,LINC PEN &PL,Linc Pen & Plastics Ltd(NDA) (BSE code:531241)   ,Printing and stationary
531257,PRATIKSHA CH,Pratiksha Chemicals Ltd(NDA) (BSE code:531257)   ,Chemicals
531266,VST TILLERS ,VST Tillers Tractors Limited (BSE code:531266)   ,Automobiles
531288,LEAD FINANC ,LEAD FINANC (BSE code:531288)   ,Financial Services
531300,AMIT INTNL. ,AMIT INTERNA(BSE INDONEXT) (BSE code:531300)   ,Textile
531335,ZYDUS WELL  ,Zydus Wellness Limited(NDA) (BSE code:531335)   ,Food Processing
531344,CONTAIN.CORP,Container Corporation of India Limited (BSE code:531344)   ,Courier and Logistic Services
531349,PANACEA BIOT,Panacea Biotec Limited (BSE code:531349)   ,Pharmaceuticals
531367,DOLLEX IND. ,Dollex Industries Ltd (BSE code:531367)   ,Financial Services
531381,ARIHANT FOUN,Arihant Foundations & Housing Ltd. (BSE code:531381)   ,Construction and Building Materials
531395,PADAM COTTON,PADAM COTT Y(BSE INDONEXT) (BSE code:531395)   ,Textile
531404,ZICOM ELECTR,Zicom Electronic Security Systems Ltd. (BSE code:531404)   ,Engineering
531431,SHAKTI PUMPS,Shakti Pumps (India) Ltd (BSE code:531431)   ,Engineering
531439,GOLDSTONE EN,Goldstone Technologies Ltd. (BSE code:531439)   ,IT
531456,MINAXI TEXT.,Minaxi Textiles Ltd(NDA) (BSE code:531456)   ,Textile
531474,COMPUTERSKIL,COMPUTER SKI (BSE code:531474)   ,Others
513375,CARBORUNDUM ,Carborundum Universal Limited (BSE code:513375)   ,Engineering
533284,Rpp Infra   ,Rpp Infra   ,Infrastructure Facilities
531645,SOUTH.ISPAT ,SOUTHERN ISP(BSE INDONEXT) (BSE code:531645)   ,Steel
531674,INDOASIAN P ,INDOASIAN P (BSE code:531674)   ,Real Estate
531687,KARUTURI GLO,Karuturi Global Limited (BSE code:531687)   ,Food Processing
531522,RASOYA PROTE,Rasoya Proteins Ltd (BSE code:531522)   ,Food Processing
500945,VALUE IND L ,Value Ind L  (Bse Code: 500945 ),Consumer Durables
530109,VANTAGE CORP,VANTA COR SE (BSE code:530109)   ,Financial Services
532660,VIVIMED LABS,Vivimed Labs Ltd (BSE code:532660)   ,Chemicals
508494,WARREN TEA  ,Warren Tea   (Bse Code: 508494 ),Agricultural Related
530063,YASRAJ CONT.,Yashraj Containeurs Ltd (BSE code:530063)   ,Packaging
514412,SARUP TANNER,SARUP TANNER(BSE INDONEXT) (BSE code:514412)   ,Others
524540,SECUND.HEALT,SECUN HEALTH (BSE code:524540)   ,Pharmaceuticals
523790,SHUKRA JEW  ,SHUKRA JEW (BSE code:523790)   ,Fashion and personal items
526365,SHYAM STAR G,SHYAM STAR (BSE code:526365)   ,Fashion and personal items
514240,SNS TEXTILES,SNS Textiles Ltd (BSE code:514240)   ,Textile
504375,SOFTBPO GLOB,Softbpo Glob (Bse Code: 504375 ),Others
555555,SPICE-ETF   ,SPICE-SENSEX PRUDENTIAL ICICI (BSE code:555555)   ,Financial Services
509960,U.P.HOTELS  ,U.P.Hotels   (Bse Code: 509960 ),Tourism and Hotels
505590,SCENARIO MED,Scenario Med (Bse Code: 505590 ),Financial Services
526783,DR.AGAR.EYE ,Dr.Agar.Eye  (Bse Code: 526783 ),Others
530905,SAI INDUSTRI (BSE code:530905)   ,SAI INDUSTRI (BSE code:530905)   ,Others
500483,TATA COMM   ,Tata Comm    (Bse Code: 500483 ),Telecom
500331,PIDILITE    ,Pidilite     (Bse Code: 500331 ),Chemicals
532117,PLATI CORP  ,Platinum Corporation Ltd (BSE code:532117)   ,Others
532647,PROVOGUE IND,Provogue (India) Limited (BSE code:532647)   ,Textile
523780,R.A.S.EXTRU (BSE code:523780)   ,R.A.S.EXTRU (BSE code:523780)   ,Packaging
531500,RAJESH EXPO.,Rajesh Exports Ltd. (BSE code:531500)   ,Fashion and personal items
531583,RAP MEDIA   ,Rap Media Ltd. (BSE code:531583)   ,Financial Services
532765,USHER AGRO  ,Usher Agro Limited (BSE code:532765)   ,Chemicals
519152,VADILAL ENT ,VADILAL ENTE (BSE code:519152)   ,Food Processing
501370,WALCHAND PF ,Walchand Pf  (Bse Code: 501370 ),Financial Services
531312,SANRAA      ,Sanraa Media Limited (BSE code:531312)   ,IT
502175,SAURAS.CEM. ,Sauras.Cem.  (Bse Code: 502175 ),Cement
527005,SH.PACETRON.,SHREE PACETR(BSE INDONEXT) (BSE code:527005)   ,HealthcareandHospitals
526841,SHAKTI PRESS,SHAKTI PRESS (BSE code:526841)   ,Others
507446,SIMBH.SUGAR ,Simbh.Sugar  (Bse Code: 507446 ),Sugar
507998,SIMMONDS-MAR,Simmonds-Mar (Bse Code: 507998 ),Engineering
533019,SIMPLEX PAP ,Simplex Papers Ltd (BSE code:533019)   ,Paper
590037,STEEL EXCH  ,Steel Exchange India Ltd (BSE code:590037)   ,Others
500422,TRANSCHEM   ,Transchem    (Bse Code: 500422 ),Pharmaceuticals
514446,LS IND      ,LS IND (BSE code:514446)   ,Textile
531942,MILLEN.CYBER,MILLEN CYBER (BSE code:531942)   ,Financial Services
531069,VIJAY SOLVEX,VIJAY SOLVEX (BSE code:531069)   ,Food Processing
531761,AMULYA LEAS.,AMULYA LEAS (BSE code:531761)   ,Financial Services
505923,CEEKAY DAIK ,Ceekay Daik  (Bse Code: 505923 ),Auto Ancillaries
500215,AGRO TECH FO,Agro Tech Fo (Bse Code: 500215 ),Food Processing
524288,AIMCO PESTI.,Aimco Pesticides Ltd(NDA) (BSE code:524288)   ,Agricultural Related
505216,ALFRED HERB ,Alfred Herb  (Bse Code: 505216 ),Engineering
533029,ALKALI      ,Alkali Metals Limited (BSE code:533029)   ,Chemicals
532435,ASIAHR TECH ,ASIAHR TECH (BSE code:532435)   ,IT
531795,ATUL AUTO   ,Atul Auto Ltd(NDA) (BSE code:531795)   ,Automobiles
505506,AXON INFOTEC,Axon Infotec (Bse Code: 505506 ),Financial Services
530803,BHAGERIA DYE,Bhageria Dye Chem Ltd (BSE code:530803)   ,Dye Material
532813,C & C CONSTR,C & C CONSTRUCTION INR10 (BSE code:532813)   ,Construction and Building Materials
532715,GITANJALI GE,Gitanjali Gems Limited (BSE code:532715)   ,Fashion and personal items
530579,GOLDEN SECUR,GOLDEW SECUR (BSE code:530579)   ,Financial Services
507828,ANSAL HOUS. ,Ansal Hous.  (Bse Code: 507828 ),Real Estate
512273,ARONI COMM  ,ARONI COMM (BSE code:512273)   ,Chemicals
531505,INDERGIRI FN,INDERGIRI FN (BSE code:531505)   ,Financial Services
532777,INFO EDGE   ,Info Edge (India) Limited (BSE code:532777)   ,IT
531929,INNOCORP L  ,Innocorp Ltd(NDA) (BSE code:531929)   ,Others
509709,INT.CONVEYOR,Int.Conveyor (Bse Code: 509709 ),Engineering
523100,COSMO FERR. ,Cosmo Ferrites Limited (BSE code:523100)   ,Diversified
532364,CYBERSCAPE M,CYBERSCAPE M (BSE code:532364)   ,IT
530517,RELAXO FOOT.,Relaxo Footwears Limited (BSE code:530517)   ,Fashion and personal items
530533,TERAI TEA CO,TERAI TEA CO (BSE code:530533)   ,Agricultural Related
530545,COSCO INDIA ,Cosco India Ltd(NDA) (BSE code:530545)   ,Others
530547,KEN FIN.SER.,KEN FINANCIA (BSE code:530547)   ,Financial Services
530577,LADDERUP FIN,LADDERU FINA (BSE code:530577)   ,Financial Services
530627,VIPUL DYE CH,Vipul Dye Chem Ltd (BSE code:530627)   ,Chemicals
530631,ROSE ZINC   ,ROSE ZINC LT (BSE code:530631)   ,Non Ferrous Metals
530655,GOOD LUCK ST,GOOD LUCK ST (BSE code:530655)   ,Steel
530711,JAGAN LAMPS ,JAGAN LAMPS (BSE code:530711)   ,Auto Ancillaries
530713,AJEL        ,AJEL (BSE code:530713)   ,Financial Services
530721,ANG AUTO    ,ANG Auto Ltd. (BSE code:530721)   ,Auto Ancillaries
530747,INDO ASN.FIN,INDO ASI FIN (BSE code:530747)   ,Financial Services
530765,DEVKI LEAS. ,DEVKI LEASIN (BSE code:530765)   ,Financial Services
530777,INFRA INDUS.,INFRA INDUST (BSE code:530777)   ,Others
530799,ANNA INFRA  ,ANNA INFRA (BSE code:530799)   ,Financial Services
530821,SSPDL LTD   ,SSPDL LTD (BSE code:530821)   ,Others
530839,CLIO INFOTEC,CLIO INFOTE (BSE code:530839)   ,Financial Services
530863,FIN.EYES(I) ,FINANC EYE I (BSE code:530863)   ,Financial Services
530883,SUPER CROP. ,SUPER CROP SAFE LT INR10 (DEMAT) (BSE code:530883)   ,Agricultural Related
530889,ALKA INDIA  ,Alka India Ltd(NDA) (BSE code:530889)   ,Textile
530919,REMSONS IND.,Remsons Industries Ltd (BSE code:530919)   ,Auto Ancillaries
530923,PASSARI CELL,Passari Cellulose Limited (BSE code:530923)   ,Food Processing
530925,RAMSONS PROJ,RAMSONS PROJ (BSE code:530925)   ,Financial Services
530953,SUNIL AGRO F,SUNIL AG FOO(BSE INDONEXT) (BSE code:530953)   ,Food Processing
530955,KAILASH FICO,KAILASH FICO (BSE code:530955)   ,Food Processing
530959,DIANA TEA CO,Diana Tea Company Ltd (BSE code:530959)   ,Agricultural Related
530965,INDIAN OIL  ,Indian Oil Corporation Limited (BSE code:530965)   ,Oil and Gas
530977,KATWA UDYOG ,Shri Keshav Cements & Infra Limited (BSE code:530977)   ,Cement
530989,SHANTIVIJAY ,Shantivijay Jewels Ltd(NDA) (BSE code:530989)   ,Others
531067,CONTIL I LTD,CONTIL I LTD (BSE code:531067)   ,Financial Services
531092,OM MET INFRA,Om Metals Infraprojects Ltd. (BSE code:531092)   ,Steel
531096,MOUNT EVERES,Mount Everest Mineral Water Ltd. (BSE code:531096)   ,Breweries and Distilleries
531111,GOTHI PLASCO,GOTHI PLASCO (BSE code:531111)   ,Plastic Processing
531120,PATEL ENGG. ,Patel Engineering Limited (BSE code:531120)   ,Engineering
531129,INANI MARBLE,Inani Marbles & Inds Ltd(NDA) (BSE code:531129)   ,Mining
531147,ENKEI CASTAL,Enkei Castalloy Ltd. (BSE code:531147)   ,Engineering
531173,SYSCHEM (I) ,SYSCHEM INDI (BSE code:531173)   ,Agricultural Related
531176,MEFCOM CAPIT,Mefcom Capital Markets Ltd(NDA) (BSE code:531176)   ,Financial Services
531190,A.V.COTTEX  ,AV COTTEX INR10 (BSE code:531190)   ,Textile
531209,NUCLE.SOFT E,Nucleus Software Exports Ltd. (BSE code:531209)   ,IT
531210,COLINZ LABOR,COLINZ LABOR (BSE code:531210)   ,Pharmaceuticals
502335,JOLLY BOARDS,Jolly Boards (Bse Code: 502335 ),Construction and Building Materials
590020,TERASOFT(PS ,Tera Software Ltd. (BSE code:590020)   ,IT
500111,REL.CAP.    ,Rel.Cap.     (Bse Code: 500111 ),Financial Services
961643,ICIAPR08TSB1,Iciapr08tsb1 (Bse Code: 961643 ),Un classified
526433,ASM TECHNOLO,ASM Technologies Ltd(NDA) (BSE code:526433)   ,IT
531025,INCA FINLEAS,INCA FINLEAS (BSE code:531025)   ,Financial Services
511758,MANSI FINANC,MANSI FIN CH (BSE code:511758)   ,Financial Services
530609,CARNATION IN,Carnation Industries Ltd(NDA) (BSE code:530609)   ,Engineering
507438,IFB AGRO    ,Ifb Agro     (Bse Code: 507438 ),Chemicals
522027,EMA INDIA   ,EMA INDIA INR10 (BSE code:522027)   ,Engineering
590056,SALONA COTSP,Salona Cotspin Ltd(NDA) (BSE code:590056)   ,Textile
532218,SOUTH IND.BK,South Indian Bank Limited (BSE code:532218)   ,Banks
524082,HARLEY ST PH,HARLEY ST PH (BSE code:524082)   ,Pharmaceuticals
504336,INDTRADECO  ,Indtradeco   (Bse Code: 504336 ),Others
508860,DIAMANT.INV ,Diamant.Inv  (Bse Code: 508860 ),Others
532468,SRF POLYMER ,SRF Polymers Limited (BSE code:532468)   ,Plastic Processing
515037,MURD.CERAM  ,Murudeshwar Ceramics Ltd. (BSE code:515037)   ,Construction and Building Materials
511664,BGIL FL TEC ,BGIL FL TEC (BSE code:511664)   ,Financial Services
532309,ALSTOM POWER,Alstom Projects India Limited (BSE code:532309)   ,Engineering
532381,INDUS NETWOR,INDUS NETWRK (BSE code:532381)   ,IT
506590,PHIL.CARBON ,Phil.Carbon  (Bse Code: 506590 ),Chemicals
521226,UNI ROYAL IN,UNIROYAL IN (BSE code:521226)   ,Textile
531382,JAYAVANT PRO,Jayavant Pro (Bse Code: 531382 ),Plastic Processing
533157,SYNCOM HEAL ,Syncom Heal  (Bse Code: 533157 ),Pharmaceuticals
501154,ROSE INVST  ,Rose Invst   (Bse Code: 501154 ),Financial Services
512229,VERITAS     ,VERITAS (BSE code:512229)   ,Others
500359,RANBAXY LAB.,Ranbaxy Lab. (Bse Code: 500359 ),Pharmaceuticals
500840,EIH LTD.    ,Eih Ltd.     (Bse Code: 500840 ),Tourism and Hotels
516086,SH.RAJES.PAP,SHR RAJES PA (BSE code:516086)   ,Paper
514030,DEEPAK SPINN,Deepak Spinners Ltd(NDA) (BSE code:514030)   ,Textile
514470,WIMSOME TEXT,Winsome Textile Industries Ltd (BSE code:514470)   ,Textile
523113,FUTURA SEC. ,FUTURISTIC S (BSE code:523113)   ,Financial Services
524109,KABRA EXTR  ,Kabra Extrusion Technik Limited (BSE code:524109)   ,Engineering
526407,RIT PRO IND ,Ritesh Properties and Industries Lt(NDA) (BSE code:526407)   ,Real Estate
531279,TRISHAKTI EL,TRISH ELEC I (BSE code:531279)   ,Financial Services
531363,KARUR KCP PK,Karur KCP Packkagings Ltd (BSE code:531363)   ,Packaging
531823,ARVIND REM. ,Arvind Remedies Ltd(NDA) (BSE code:531823)   ,Pharmaceuticals
509567,GOA CARBON  ,Goa Carbon   (Bse Code: 509567 ),Others
506803,FULFORD (I) ,Fulford (I)  (Bse Code: 506803 ),Pharmaceuticals
961664,KIRFERROWAR ,Kirferrowar  (Bse Code: 961664 ),Un classified
519485,KOHINOORTEC ,Kohinoortec  (Bse Code: 519485 ),Telecom
500290,MRF LTD.    ,Mrf Ltd.     (Bse Code: 500290 ),Tyres
511724,BAID LEASING,BAID LEASING & FIN INR10 (BSE code:511724)   ,Financial Services
934783,LTFINNCDIII ,Ltfinncdiii  (Bse Code: 934783 ),Un classified
533070,Dai Ich Kar* (Bse Code: 533070 ),Dai Ich Kar* (Bse Code: 533070 ),Un classified
918761,ESCORTS SCD ,Escorts Scd  (Bse Code: 918761 ),Un classified
501267,Shree Rani S (Bse Code: 501267 ),Shree Rani S (Bse Code: 501267 ),Financial Services
533154,INFINITE    ,Infinite     (Bse Code: 533154 ),IT
531460,CONTI.CONTRL,CONTINE CONT (BSE code:531460)   ,Engineering
530407,EPIC ENERGY ,Epic Energy Ltd(NDA) (BSE code:530407)   ,Power
590022,EASTER SI(PS,Eastern Silk Industries Ltd. (BSE code:590022)   ,Textile
590024,FERT CHE(PS ,Fertilisers & Chemicals Travancore Ltd (BSE code:590024)   ,Agricultural Related
700010,S.KUMAR S(PR,S.Kumar S(Pr,Un classified
531164,Laser Diamon,Laser Diamon,Fashion and personal items
533005,DWS FTS50 BD,Dws Fts50 Bd (Bse Code: 533005 ),Un classified
519242,SARDA PROT. ,Sarda Prot.  (Bse Code: 519242 ),Food Processing
531646,RFL INTERNAT,Rfl Internat (Bse Code: 531646 ),Financial Services
934786,STFC NCDII  ,Stfc Ncdii   (Bse Code: 934786 ),Un classified
511710,CUBICAL FIN.,CUBI FIN SER (BSE code:511710)   ,Financial Services
511716,ESCORT FINAN,Escorts Finance Ltd (BSE code:511716)   ,Financial Services
511754,SHALIB.FINAN,Shalibhadra Finance Ltd(NDA) (BSE code:511754)   ,Financial Services
512018,CNI RES LTD ,CNI Research Ltd(NDA) (BSE code:512018)   ,IT
512068,DECCANGOLD  ,Deccan Gold Mines Ltd(NDA) (BSE code:512068)   ,Mining
512097,ORGAN COMM. ,Oregon Commercials Ltd (BSE code:512097)   ,Chemicals
512167,MATRA REALT ,Matra Realty Ltd.(NDA) (BSE code:512167)   ,Others
512199,CORE PROJECT,Core Projects & Technologies Ltd. (BSE code:512199)   ,IT
512279,VISISTH MERC,Visisth Mercantile Ltd(NDA) (BSE code:512279)   ,Financial Services
512332,BIRLA CAP   ,Birla Capital & Financial Services Ltd (BSE code:512332)   ,Financial Services
512405,I-POWER SOLS,I Power Solutions India Ltd.(NDA) (BSE code:512405)   ,IT
512455,LLOYD METAL ,Lloyds Metals & Engineers Limited (BSE code:512455)   ,Steel
531203,BRAND REAL  ,BRAND REAL (BSE code:531203)   ,Real Estate
590089,CHAKKILAM IN,Chakkilam Infotech Ltd. (BSE code:590089)   ,IT
531465,NOUVEAU MUL.,NOUVEAU MULTIMEDIA INR10 (BSE code:531465)   ,Financial Services
523768,GUJ.BOROSIL ,Gujarat Borosil Ltd(NDA) (BSE code:523768)   ,Others
531287,NAT PLASTIC ,National Plastic Technologies Ltd (BSE code:531287)   ,Plastic Processing
517164,ZENITH COMP.,Zenith Computers Ltd. (BSE code:517164)   ,IT
531236,MEWAR POLYTX,MEWAR POLYTE(BSE INDONEXT) (BSE code:531236)   ,Packaging
532612,INDOCO REM  ,Indoco Remedies Ltd (BSE code:532612)   ,Pharmaceuticals
532184,CIBA INDIA  ,Ciba India Limited (BSE code:532184)   ,Chemicals
532859,HGSL        ,HTMT Global Solutions Ltd (BSE code:532859)   ,IT
503162,REL.CHEMOTX ,Rel.Chemotx  (Bse Code: 503162 ),Textile
531738,SILICON VAL.,Silicon Valley Infotech Ltd(NDA) (BSE code:531738)   ,Financial Services
531989,DECCAN POLYP,DECCAN POLYP (BSE code:531989)   ,Packaging
590023,ELGI RUB    ,Elgitread India Limited (BSE code:590023)   ,Tyres
500630,ESSAR SHIP. ,Essar Ship.  (Bse Code: 500630 ),Shipping
524624,GAGAN GASES ,GAGAN GASE L (BSE code:524624)   ,Chemicals
523820,NEOCORP INTE,Neo Corp International Ltd(NDA) (BSE code:523820)   ,Packaging
533008,OCL IRON&ST ,OCL Iron and Steel Limited (BSE code:533008)   ,Steel
531255,PARAGON FIN.,PARAGON FINANCE LT INR10 (BSE code:531255)   ,Financial Services
509488,GRAPHITE IN.,Graphite In. (Bse Code: 509488 ),Engineering
506076,GRIND NORTON,Grind Norton (Bse Code: 506076 ),Engineering
509635,HIND.COMPOSI,Hind.Composi (Bse Code: 509635 ),Auto Ancillaries
523566,MARTIN BURN ,MARTIN BURN (BSE code:523566)   ,Others
532907,MAYTAS INFRA,Maytas Infra Ltd. (BSE code:532907)   ,Infrastructure Facilities
532865,MEGHMANI    ,MEGHMANI (BSE code:532865)   ,Chemicals
532440,MPS LTD     ,MPS Limited (BSE code:532440)   ,Media and Entertainment
519494,N K INDUST. ,N K INDUSTR (BSE code:519494)   ,Food Processing
516082,N.R.AGARWAL ,NR Agarwal Industries Limited (BSE code:516082)   ,Paper
532923,REN JEWELERY,Renaissance Jewellery Limited (BSE code:532923)   ,Fashion and personal items
519230,RICHIRICH AG,RICHIRIC AGR (BSE code:519230)   ,Food Processing
531099,RUBRA MEDICA,RUBRA MEDICA (BSE code:531099)   ,Pharmaceuticals
530461,SABOO SODIUM,SABOO SOD CH (BSE code:530461)   ,Chemicals
500165,KANSAI NERO ,Kansai Nero  (Bse Code: 500165 ),Paints
532067,KILPEST (I) ,KILPEST INDI (BSE code:532067)   ,Agricultural Related
532092,KIRTI FINVES,KIRTI FINVES (BSE code:532092)   ,Financial Services
945578,Kotaksecks2  (Bse Code: 945578 ),Kotaksecks2  (Bse Code: 945578 ),Un classified
532889,K.P.R. MILL ,K.P.R. Mill Ltd (BSE code:532889)   ,Textile
530117,H.K.FINECHEM,HK Finechem Ltd(NDA) (BSE code:530117)   ,Chemicals
524080,HAR.LEATHER ,HAR.LEATHER (BSE code:524080)   ,Chemicals
590043,HARITA SEAT ,Harita Seating Systems Ltd(NDA) (BSE code:590043)   ,Auto Ancillaries
519279,MADHUR IND  ,Madhur Ind   (Bse Code: 519279 ),Food Processing
516007,MANGALAM TIM,Mangalam Timber Products Ltd(NDA) (BSE code:516007)   ,Others
513377,MINERAL&METL,MMTC Ltd. (BSE code:513377)   ,Others
526299,MPHASIS LTD ,Mphasis Ltd. (BSE code:526299)   ,IT
533083,RISHABHDEV  ,RISHABHDEV (BSE code:533083)   ,Engineering
512618,RLF LIMITED.,RLF LIMITED (BSE code:512618)   ,Food Processing
504258,LAKSHMI ELEC,Lakshmi Elec (Bse Code: 504258 ),Engineering
500900,STERLITE IN ,Sterlite In  (Bse Code: 500900 ),Non Ferrous Metals
500403,SUNDARAM FAS,Sundaram Fas (Bse Code: 500403 ),Engineering
504961,TATA YODOGAW,Tata Yodogaw (Bse Code: 504961 ),Steel
524204,TEESTA AGRO ,TEEST AGRO I (BSE code:524204)   ,Agricultural Related
700107,PENN IND PS ,PENN IND PS (BSE code:700107)   ,Un classified
524572,PHARMAIDS PH,PHARMAID PHA (BSE code:524572)   ,Pharmaceuticals
500343,PUDUMJEE    ,Pudumjee     (Bse Code: 500343 ),Paper
530291,RAJ AGRO MIL,RAJ AGRO MLS (BSE code:530291)   ,Chemicals
531216,COMFORT INTE,Comfort Intech Ltd(NDA) (BSE code:531216)   ,Financial Services
531219,POONAM CORPN,SHYAMA INFOSYS LTD INR10 (DEMAT) (BSE code:531219)   ,Others
531224,COMPUTECH IN,Computech International Ltd(NDA) (BSE code:531224)   ,IT
531249,WELL PACK PA,WELL PACK PA (BSE code:531249)   ,Paper
531253,INDIA GELAT.,India Gelatine & Chemicals Ltd. (BSE code:531253)   ,Chemicals
531272,NIKKI GLOBAL,NIKKI GLOB F (BSE code:531272)   ,Financial Services
531273,RADHE DEVLOP,Radhe Developers India Ltd(NDA) (BSE code:531273)   ,Construction and Building Materials
531283,CINDRELLA FI,CINDRE FIN S (BSE code:531283)   ,Financial Services
531324,ROSELABS FIN,ROSELABS FIN (BSE code:531324)   ,Financial Services
531337,CHANNEL GUID,CHAN GUIDE I (BSE code:531337)   ,Financial Services
531339,JAIHIND PROJ,Jaihind Projects Limited (BSE code:531339)   ,Engineering
531346,EASTERN TRED,EASTERN TRED (BSE code:531346)   ,Others
531364,ZENU INFOTEC,ZENU INFOTECH LTD INR10 (BSE code:531364)   ,Tourism and Hotels
531374,SAAG RR INFR,SAAG RR INFR (BSE code:531374)   ,Construction and Building Materials
531387,HASTI FINANC,Hasti Finance Ltd(NDA) (BSE code:531387)   ,Financial Services
531391,RATNABALI CA,Ratnabali Capital Markets Ltd(NDA) (BSE code:531391)   ,Financial Services
531397,POLYCON INT.,POLYCON INTE (BSE code:531397)   ,Plastic Processing
531409,ALCH CORP   ,ALCH CORP (BSE code:531409)   ,Textile
531429,ADVENT COMP.,ADVENT COMPUTER SE INR10 (POST REORG) (BSE code:531429)   ,IT
531436,MADHYA DESH ,Madhya Desh Papers Ltd (BSE code:531436)   ,Paper
531449,GRM OVERSEAS,GRM OVERSEAS (BSE code:531449)   ,Food Processing
531453,MOHIT INDUS.,Mohit Industries Ltd(NDA) (BSE code:531453)   ,Textile
531467,POLYPRO FIB.,POLYPRO FIBR (BSE code:531467)   ,Textile
531499,SYBLY INDS. ,Sybly Industries Ltd(NDA) (BSE code:531499)   ,Textile
531508,EVEREADY (I),Eveready Industries India Limited (BSE code:531508)   ,Batteries
531519,ANKUSH FINST,ANKUSH FINST (BSE code:531519)   ,Financial Services
531528,MAARS SOFT. ,Maars Software International Ltd (BSE code:531528)   ,IT
531531,HATSUN AGRO ,Hatsun Agro Products Ltd. (BSE code:531531)   ,Food Processing
531533,E.COM INFOTE,ECOM INFOTEC (BSE code:531533)   ,Others
531547,TIRUPATI IND,TIRUPATI IND (BSE code:531547)   ,Food Processing
531557,AMIT SECUR. ,AMIT SECURIT (BSE code:531557)   ,Financial Services
531565,INDO-PACIFIC,Indo Pacific Software & Entertainmnt Ltd (BSE code:531565)   ,Financial Services
531585,DEVINE IMPE ,DEVINE IMPE (BSE code:531585)   ,Others
531602,KOFF BR PICT,KOFF BR PICT (BSE code:531602)   ,Textile
531616,JATIA FINANC,JATIA FINANC (BSE code:531616)   ,Financial Services
531633,LINCOLN PHAR,Lincoln Pharmaceuticals Ltd(NDA) (BSE code:531633)   ,Pharmaceuticals
531640,DAILRYFIELD ,DAIRYFIELD (BSE code:531640)   ,Food Processing
531650,VAX HSG.FIN.,VAX HOUS FIN (BSE code:531650)   ,Financial Services
531661,HITTCO TOOLS,HITTCO TOOLS (BSE code:531661)   ,Engineering
531683,ANKUR DRUGS ,Ankur Drugs and Pharma Ltd. (BSE code:531683)   ,Pharmaceuticals
508996,SATPROP LTD ,Satprop Ltd  (Bse Code: 508996 ),Real Estate
500440,HINDALCO    ,Hindalco     (Bse Code: 500440 ),Non Ferrous Metals
509073,HATHWAY BHAW,Hathway Bhaw (Bse Code: 509073 ),Media and Entertainment
532775,GTL INFRAST ,GTL Infrastructure Limited (BSE code:532775)   ,Telecom
532925,KAUSHAL INFR,Kaushalya Infrastructure Development Cor (BSE code:532925)   ,Infrastructure Facilities
590001,CHETTINAD(PS,China Post Core Value Equity (MUTF_CN:590001)  ,Cement
500315,ORINTAL BANK,Orintal Bank (Bse Code: 500315 ),Banks
504084,KAYCEE IND  ,Kaycee Ind   (Bse Code: 504084 ),Others
503699,GEOD LTD    ,Geod Ltd     (Bse Code: 503699 ),IT
506074,ARSHYIA INTL,Arshyia Intl (Bse Code: 506074 ),Courier and Logistic Services
504903,RATHI ST    ,Rathi St     (Bse Code: 504903 ),Steel
511074,WEIZMANN FIN,Weizmann Fin,Financial Services
505212,JAINEX      ,Jainex      ,Engineering
511740,MEHTA HOUSIN,Mehta Housin,Housing Finance
945845,KOTAKSEC20  ,Kotaksec20  ,Un classified
530403,VALLABH POLY,Vallabh Poly,Packaging
508993,KEDIA CONST ,Kedia Const ,Construction and Building Materials
517170,KLKELEC     ,Klkelec     ,Others
533204,MANDHANA    ,Mandhana    ,Textile
570003,GUJNREBNDVR ,Gujnrebndvr ,Mining
531352,PEETI SECURT,Peeti Securt,Financial Services
526067,KOSHA C.CONT,Kosha C.Cont,Packaging
945746,ECL28APR08  ,Ecl28apr08  ,Un classified
934805,STF NCD5 RE ,Stf Ncd5 Re ,Un classified
750484,ECEINDLR    ,Eceindlr    ,Un classified
532522,PETRONET LNG,Petronet LNG Ltd. (BSE code:532522)   ,Oil and Gas
500333,PIX TRANS   ,Pix Trans    (Bse Code: 500333 ),Power
532084,FAST TRACK E,FAST TRAC EN (BSE code:532084)   ,Financial Services
517264,FINELINE CI ,Fine Line Circuits Ltd(NDA) (BSE code:517264)   ,Others
532726,GALLAN METAL,Gallantt Metal Limited (BSE code:532726)   ,Steel
514460,OSWAL YARNS ,OSWAL YARNS (BSE code:514460)   ,Textile
511306,PAL CREDIT  ,Pal Credit   (Bse Code: 511306 ),Financial Services
532976,JAIBALA IND ,JAIBALA IND (BSE code:532976)   ,Steel
590079,JOONKTOLLEE ,JOONKTOLLEE (BSE code:590079)   ,Agricultural Related
504076,JYOTI LTD.  ,Jyoti Ltd.   (Bse Code: 504076 ),Engineering
500179,HCL INFOSYS ,Hcl Infosys  (Bse Code: 500179 ),IT
520026,HELLA IND   ,Hella India Lighting Ltd (BSE code:520026)   ,Auto Ancillaries
501295,INDUS.INV.TR,Indus.Inv.Tr (Bse Code: 501295 ),Financial Services
912453,Noida Toll D,Noida Toll D,Un classified
945790,Ecl11jul08  ,Ecl11jul08  ,Un classified
946198,Edlsrf0f906 ,Edlsrf0f906 ,Un classified
934801,Stf Ncd3 Ot ,Stf Ncd3 Ot ,Un classified
507609,Olympic Oil ,Olympic Oil ,Food Processing
533137,DEN NETWORK ,Den Network  (Bse Code: 533137 ),Media and Entertainment
533244,Iciciprugetf,Iciciprugetf,Financial Services
505232,DENISON HYD.,Denison Hyd. (Bse Code: 505232 ),Auto Ancillaries
514418,DUJODW.PROD.,DUJODWA PROD (BSE code:514418)   ,Chemicals
500125,E.I.D.PAR   ,E.I.D.Par    (Bse Code: 500125 ),Diversified
533099,PROVOGUEIND* (BSE code:533099)   ,PROVOGUEIND* (BSE code:533099)   ,Textile
506248,AMINES&PLAST,Amines&Plast (Bse Code: 506248 ),Chemicals
532447,SOLVAY PHAR.,Solvay Pharma India Ltd. (BSE code:532447)   ,Pharmaceuticals
532457,GULSHAN POLY,Gulshan Polyols Ltd (BSE code:532457)   ,Chemicals
532460,PONNI SUG(ER,Ponni Sugars (Erode) Limited (BSE code:532460)   ,Sugar
532470,MATHER & PLA,MATHER & PLATT FIR INR10 (BSE code:532470)   ,Engineering
532482,GRANULES (I),Granules India Ltd. (BSE code:532482)   ,Pharmaceuticals
532483,CANARA BANK ,Canara Bank (BSE code:532483)   ,Banks
524743,Fischer     ,Fischer     ,Chemicals
531867,Unitech Inte,Unitech Inte,Un classified
972368,Pidbstrppj  ,Pidbstrppj  ,Un classified
518075,Suraj Produc,Suraj Produc,Cement
934797,Stf Ncd2 Ur ,Stf Ncd2 Ur ,Un classified
532517,PATNI COMP  ,Patni Computer Systems Ltd (BSE code:532517)   ,IT
532526,DISHMAN PHAR,Dishman Pharmaceuticals & Chemicals Ltd. (BSE code:532526)   ,Pharmaceuticals
532529,NDTV        ,New Delhi Television Limited (BSE code:532529)   ,Media and Entertainment
532537,LUMAX AUTO  ,Lumax Automotive Systems Limited (BSE code:532537)   ,Auto Ancillaries
532542,CREW BOS    ,Crew B.O.S. Products Ltd. (BSE code:532542)   ,Others
532544,INDIABULLS  ,Indiabulls Financial Services Limited (BSE code:532544)   ,Financial Services
532605,JBM AUTO    ,J B M Auto Ltd(NDA) (BSE code:532605)   ,Auto Ancillaries
532608,DECCAN CHR  ,Deccan Chronicle Holdings Ltd. (BSE code:532608)   ,Media and Entertainment
532623,NR INTERNA  ,NR INTERNA (BSE code:532623)   ,Steel
532629,MCNALLYB    ,McNally Bharat Engineering Company Ltd. (BSE code:532629)   ,Engineering
532637,MAN DRUGORG ,Mangalam Drugs and Organics Limited (BSE code:532637)   ,Pharmaceuticals
532646,UNIPLY IND  ,Uniply Industries Ltd(NDA) (BSE code:532646)   ,Construction and Building Materials
532651,SPL INDS    ,SPL Industries Ltd(NDA) (BSE code:532651)   ,Textile
532657,FACOR STEELS,Facor Steels Limited (BSE code:532657)   ,Steel
532663,SASKEN COMM ,Sasken Communication Technologies Ltd. (BSE code:532663)   ,IT
532666,FCS SOFTWARE,FCS Software Solutions Limited (BSE code:532666)   ,IT
532667,SUZLONENERGY,Suzlon Energy Limited (BSE code:532667)   ,Engineering
532670,RENUKA SUGAR,Shree Renuka Sugars Limited (BSE code:532670)   ,Sugar
532672,GLODYNE TECH,Glodyne Technoserve Limited (BSE code:532672)   ,IT
500780,ZUARI INDUS.,Zuari Indus. (Bse Code: 500780 ),Agricultural Related
532683,AIAENGINEER ,AIA Engineering Limited (BSE code:532683)   ,Engineering
532692,RADHA MADHAV,Radha Madhav Corporation Limited (BSE code:532692)   ,Packaging
532709,RIL NAT RES ,Reliance Natural Resources Limited (BSE code:532709)   ,Oil and Gas
532718,PRATIBHA IND,Pratibha Industries Limited (BSE code:532718)   ,Construction and Building Materials
532720,M&M FINANSER,Mahindra & Mahindra Fin. Services Ltd. (BSE code:532720)   ,Financial Services
532729,UTTAM SUGAR ,Uttam Sugar Mills Limited (BSE code:532729)   ,Sugar
532690,RAMSARUP IND,Ramsarup Industries Ltd. (BSE code:532690)   ,Steel
532987,RANE BRAKE  ,RANE BRAKE (BSE code:532987)   ,Auto Ancillaries
504212,UNIV.CABLE  ,Univ.Cable   (Bse Code: 504212 ),Power
531051,VINTAGE SECU,VINTAGE SECU (BSE code:531051)   ,Financial Services
531668,VISION CORPO,VISION CORPO (BSE code:531668)   ,Paints
523628,WEAROLOGY LT,Wearology Ltd (BSE code:523628)   ,Textile
532039,ZENOTECH    ,Zenotech Laboratories Limited (BSE code:532039)   ,Steel
505141,SCOOTERS IND,Scooters Ind (Bse Code: 505141 ),Automobiles
512393,SHARDUL SECU,Shardul Securities Limited (BSE code:512393)   ,Financial Services
511218,SHRIRAM TRAN,Shriram Tran (Bse Code: 511218 ),Financial Services
530439,SIDDHA VEN  ,SIDDHA VEN (BSE code:530439)   ,Financial Services
532419,SMARTLINK   ,D-Link (India) Limited (BSE code:532419)   ,IT
532956,SOLECT EMS  ,Solectron EMS India Limited (BSE code:532956)   ,Engineering
531254,TRANSPEK FIN,TRANSPEK FIN (BSE code:531254)   ,Financial Services
517228,TREND ELECT ,Trend Electronics Ltd(NDA) (BSE code:517228)   ,Consumer Durables
532442,UNITEX DES  ,UNITEX DES (BSE code:532442)   ,IT
531119,CEENIK EXPO.,CEENI EXPO I (BSE code:531119)   ,Textile
700110,TIMEXWAT CRP,TIMEXWAT CRP (BSE code:700110)   ,Un classified
503823,BIRLA TRANS.,Birla Trans. (Bse Code: 503823 ),Textile
533082,ARO GRANITE* (BSE code:533082)   ,ARO GRANITE* (BSE code:533082)   ,Mining
531237,DHRUVA CAP. ,DHRUVA CAPIT (BSE code:531237)   ,Financial Services
530789,CEEJAY FINAN,CEEJAY FINAN (BSE code:530789)   ,Financial Services
500083,CENTURY EXT ,Century Ext  (Bse Code: 500083 ),Non Ferrous Metals
500488,ABBOTT (I)  ,Abbott (I)   (Bse Code: 500488 ),Pharmaceuticals
531156,ALFAVISON.OV,ALFAVI OVERS(BSE INDONEXT) (BSE code:531156)   ,Financial Services
532878,ALPA LAB    ,ALPA LAB (BSE code:532878)   ,Pharmaceuticals
513401,ASHIANA ISP.,Ashiana Ispat Ltd(NDA) (BSE code:513401)   ,Steel
502352,AURANG.PAPER,Aurang.Paper (Bse Code: 502352 ),Paper
505036,AUTO COR.GOA,Auto Cor.Goa (Bse Code: 505036 ),Auto Ancillaries
512109,AVIVA INDS  ,AVIVA INDS (BSE code:512109)   ,Textile
524516,BACIL PHARMA,BACIL PHARMA (BSE code:524516)   ,Pharmaceuticals
532978,BAJAJ FINSE ,Bajaj Finserv Limited (BSE code:532978)   ,Financial Services
531591,BAMPSL SECUR,BAMPSL SECUR (BSE code:531591)   ,Financial Services
532523,BIOCON LTD. ,Biocon Limited (BSE code:532523)   ,Pharmaceuticals
531671,BISIL PLAST ,Bisil Plast  (Bse Code: 531671 ),Plastic Processing
500163,GODFREY PH  ,Godfrey Ph   (Bse Code: 500163 ),Cigarettes
500168,GOODYEAR (I),Goodyear (I) (Bse Code: 500168 ),Tyres
532475,APTECH LTD  ,Aptech Ltd. (BSE code:532475)   ,IT
500500,HIND.MOTORS ,Hind.Motors  (Bse Code: 500500 ),Automobiles
532761,HOV SERVICES,HOV Services Limited (BSE code:532761)   ,Financial Services
511682,IFL PRMOTER ,IFL PROMOTERS LTD. INR10 (BSE code:511682)   ,Financial Services
514165,IND.ACRYLICS,Indian Acrylics Ltd (BSE code:514165)   ,Textile
531959,INTRA INFOTE,Intra Infotech Ltd(NDA) (BSE code:531959)   ,Pharmaceuticals
531692,KHYATI MULTI,KHYA MULT EN (BSE code:531692)   ,Tourism and Hotels
531703,TRIBHUVAN HS,TRIBHVAN HSG (BSE code:531703)   ,Construction and Building Materials
531728,AMRIT BANAS ,Amrit Banaspati Company Ltd (BSE code:531728)   ,Food Processing
531731,KUVAM INTL  ,KUVAM INTL (BSE code:531731)   ,Textile
531769,PFL INFOTECH,PFL INFOTECH (BSE code:531769)   ,Food Processing
531778,KACHCHHMIN  ,KACHCHH MIN (BSE code:531778)   ,Mining
531781,SURYADEEP SA,SAPAN CHEM (BSE code:531781)   ,Food Processing
531791,NOVAGOL PETR,NovaGold Petro Resources Ltd(NDA) (BSE code:531791)   ,Oil and Gas
531814,TIRUPATI SAR,TIRUPATI SAR (BSE code:531814)   ,Construction and Building Materials
531821,MUNOTH FIN. ,MUNOTH FINANCIAL S INR10 (BSE code:531821)   ,Financial Services
531859,ORIENTAL VEN,ORIENTAL VEN (BSE code:531859)   ,Construction and Building Materials
531866,SUBHKAM CAP ,Subhkam Capital Ltd. (BSE code:531866)   ,Financial Services
531869,SACHETA MET.,Sacheta Metals Ltd(NDA) (BSE code:531869)   ,Non Ferrous Metals
531882,KWALITY DAIR,Kwality Dairy (India) Ltd (BSE code:531882)   ,Food Processing
531892,KHANDWALA SE,Khandwala Securities Ltd. (BSE code:531892)   ,Financial Services
531898,SANGUINE MD ,Sanguine Media Limited (BSE code:531898)   ,Others
531902,FICON LEASE ,FICON LEASE (BSE code:531902)   ,Financial Services
531917,TWINSTAR SOF,Twin Star Software Export Ltd (BSE code:531917)   ,IT
531934,SUPREME TEX ,Supreme Tex Mart Ltd(NDA) (BSE code:531934)   ,Textile
531936,BLUE CHIP(I),BLUE CHI IND (BSE code:531936)   ,Others
531960,JINDAL ONLIN,JINDAL ONLIN (BSE code:531960)   ,Financial Services
531988,JANICE TEXT.,JANICE TEXTI (BSE code:531988)   ,Textile
531991,AMRAWOR AGRI,AMRAWOR AGRI (BSE code:531991)   ,Textile
532005,SAM INDUS.  ,Sam Industries Ltd (BSE code:532005)   ,Food Processing
532047,ASIAN FILMS ,ASIAN FILMS PROD INR1 (BSE code:532047)   ,Consumer Durables
532051,NUMERIC POWE,Numeric Power Systems Ltd. (BSE code:532051)   ,Engineering
532054,KDDL LTD    ,KDDL Ltd (BSE code:532054)   ,Fashion and personal items
532056,ADINATH EXIM,ADINATH EXIM (BSE code:532056)   ,Financial Services
532081,K SERA SERA ,K Sera Sera Productions Ltd. (BSE code:532081)   ,Media and Entertainment
532093,VENKAT PHARM,VENKAT PHARM (BSE code:532093)   ,Pharmaceuticals
532100,INDO-CITY IN,INDOCITY INF(BSE INDONEXT) (BSE code:532100)   ,Financial Services
532114,AREALTY     ,Alchemist Realty Ltd (BSE code:532114)   ,Packaging
532121,DENA BANK   ,Dena Bank (BSE code:532121)   ,Banks
532123,BSE  INFRA  ,BSEL Infrastructure Realty Limited (BSE code:532123)   ,IT
532133,IFGL REFRACT,IFGL Refractories Ltd. (BSE code:532133)   ,Engineering
532143,SKM EGG PROD,SKM Egg Products Export (India) Ltd (BSE code:532143)   ,Food Processing
532145,H.S.(I) LTD.,H.S.India Ltd(NDA) (BSE code:532145)   ,Tourism and Hotels
532156,VAIBHAV GEMS,Vaibhav Gems Ltd. (BSE code:532156)   ,Fashion and personal items
532160,GUJ.STAT.FIN,GUJARAT STATE FINA INR10 (BSE code:532160)   ,Financial Services
532177,ZIGMA SOFT. ,Zigma Software Ltd(NDA) (BSE code:532177)   ,IT
533149,ESSAR SECU  ,Essar Secu   (Bse Code: 533149 ),Financial Services
520145,FAIRFIELD AT,Fairfield Atlas Ltd. (BSE code:520145)   ,Auto Ancillaries
500720,FUTURA POLY.,Futura Poly. (Bse Code: 500720 ),Textile
500493,BHARAT FORGE,Bharat Forge (Bse Code: 500493 ),Engineering
524370,BODAL CHEM  ,Bodal Chemicals Ltd. (BSE code:524370)   ,Chemicals
500153,GANESH BENZO,Ganesh Benzo (Bse Code: 500153 ),Chemicals
500655,GARWARE POLY,Garware Poly (Bse Code: 500655 ),Packaging
523676,GOLKUNDA DIA,Golkunda Diamonds and Jewellery Ltd(NDA) (BSE code:523676)   ,Others
500186,HIND.OIL EXP,Hind.Oil Exp (Bse Code: 500186 ),Oil and Gas
532653,HINVDIR     ,HSBC InvestDirect (India) Limited (BSE code:532653)   ,Financial Services
522059,INDAGE VIN  ,Champagne Indage Ltd. (BSE code:522059)   ,Breweries and Distilleries
590065,INDIA MOTOR ,India Motor Parts Limited (BSE code:590065)   ,Automobiles
531447,INSUTECH (I),Insutech India Ltd (BSE code:531447)   ,Others
532072,INTER DIGI  ,Interworld Digital Ltd (BSE code:532072)   ,Fashion and personal items
590073,WHEELS INDIA,Wheels India Ltd (BSE code:590073)   ,Auto Ancillaries
522108,YUKEN INDIA ,Yuken India Ltd(NDA) (BSE code:522108)   ,Engineering
515127,RAMMAICA (I),RAMMAICA(INDIA) INR10 (BSE code:515127)   ,Construction and Building Materials
512463,SHREE GLOBAL,Shree Global Tradefin Ltd (BSE code:512463)   ,Financial Services
531693,SHRI GANESH ,SHR GANE SPI (BSE code:531693)   ,Textile
533001,SOMI CONVEY ,Somi Conveyor Beltings Limited (BSE code:533001)   ,Others
521178,SRI RAMK.MIL,SRI RAMK.MIL(BSE INDONEXT) (BSE code:521178)   ,Textile
522296,SS FORG ENG.,SS Forgings and Engineering Ltd(NDA) (BSE code:522296)   ,Engineering
532343,TVS MOTOR L ,TVS Motor Company Limited (BSE code:532343)   ,Automobiles
531221,MAYUR FLOOR.,MAYUR FLOOR (BSE code:531221)   ,Mining
530119,NATRAJ PROTE,Natraj Proteins Ltd(NDA) (BSE code:530119)   ,Food Processing
504286,DELTA MAG   ,Delta Mag    (Bse Code: 504286 ),Others
513119,ABC GAS INT ,ABC GAS INT (BSE code:513119)   ,Non Ferrous Metals
961644,Iciapr08tsb2 (Bse Code: 961644 ),Iciapr08tsb2 (Bse Code: 961644 ),Un classified
531158,CATVISION PR,CAT VISION P (BSE code:531158)   ,Engineering
532974,ABML        ,Aditya Birla Money Limited (BSE code:532974)   ,Financial Services
519532,ASIAN TEA   ,Asian Tea and Exports Ltd(NDA) (BSE code:519532)   ,Agricultural Related
500032,BAJAJHIND.LT,Bajajhind.Lt (Bse Code: 500032 ),Sugar
946205,Barclays83  ,Barclays83  ,Un classified
946232,Edelf0g902  ,Edelf0g902  ,Un classified
533264,Electrosteel,Electrosteel,Steel
945754,Rankinvsr10 ,Rankinvsr10 ,Un classified
533263,Greenpower  ,Greenpower  ,Power
533262,Ramky Infra ,Ramky Infra ,Infrastructure Facilities
532671,HENKEL INDIA,Henkel India Ltd. (BSE code:532671)   ,Personal Care
532129,HEXAWARE TEC,Hexaware Technologies Limited (BSE code:532129)   ,IT
531642,MARICOLTD   ,Marico Limited (BSE code:531642)   ,Personal Care
531417,MEGA CORPN. ,Mega Corporation Ltd(NDA) (BSE code:531417)   ,Financial Services
507522,MOUNTT SHIV.,Mountt Shiv. (Bse Code: 507522 ),Breweries and Distilleries
532731,ROHIT FERRO ,Rohit Ferro-Tech Limited (BSE code:532731)   ,Steel
532734,GODAWARI POW,Godawari Power and Ispat Limited (BSE code:532734)   ,Steel
532737,EMKAY GLOB F,Emkay Share and Stock Brokers Limited (BSE code:532737)   ,Financial Services
532741,KAMDHENU    ,Kamdhenu Ispat Limited (BSE code:532741)   ,Steel
532746,UNITY INFRA ,Unity Infraprojects Limited (BSE code:532746)   ,Construction and Building Materials
532751,EASUNREYRL  ,Easun Reyrolle Ltd. (BSE code:532751)   ,Power
532755,TECH MAH    ,Tech Mahindra Limited (BSE code:532755)   ,IT
532758,KEW INDUSTR ,KEW Industries Limited (BSE code:532758)   ,Auto Ancillaries
532766,RICHA IND   ,Richa Industries Ltd (BSE code:532766)   ,Textile
532790,TANLA       ,Tanla Solutions Limited (BSE code:532790)   ,IT
532793,SHREE ASHTA ,Shree Ashtavinayak Cine Vision Limited (BSE code:532793)   ,Media and Entertainment
532804,TECHNOCRAFT ,Technocraft Industries (India) Limited (BSE code:532804)   ,Engineering
532808,PEARL FASHON,House of Pearl Fashions Limited (BSE code:532808)   ,Textile
532810,POWER FINAN ,Power Finance Corporation Limited (BSE code:532810)   ,Financial Services
532816,BROADCAST   ,Broadcast Initiatives Limited (BSE code:532816)   ,Media and Entertainment
532817,ORIENTAL    ,Oriental Trimex Limited (BSE code:532817)   ,Construction and Building Materials
532821,INDUSFILA   ,Indus Fila Limited (BSE code:532821)   ,Textile
532824,VIJAYES TEXT,Vijayeswari Textiles Limited (BSE code:532824)   ,Textile
532828,AMD INDUS   ,AMD Industries Ltd. (BSE code:532828)   ,Packaging
532829,LAWRESHWAR  ,Lawreshwar Polymers Ltd (BSE code:532829)   ,Fashion and personal items
532832,INDBUL REAL ,Indiabulls Real Estate Ltd. (BSE code:532832)   ,Real Estate
532836,GREMAC INFRA,Gremach Infrastructure Equip & Proj Ltd. (BSE code:532836)   ,Construction and Building Materials
532851,INSECTCID   ,Insecticides India Ltd. (BSE code:532851)   ,Agricultural Related
532854,NITIN FIRE  ,Nitin Fire Protection Industries Limited (BSE code:532854)   ,Engineering
532882,OMNITECH    ,Omnitech Infosolutions Limited (BSE code:532882)   ,IT
532888,ASIAN GRANIT,Asian Granito India Ltd (BSE code:532888)   ,Construction and Building Materials
532892,MOTILALOFS  ,Motilal Oswal Financial Services Limited (BSE code:532892)   ,Financial Services
532899,KAVERI SEED ,Kaveri Seed Company Limited (BSE code:532899)   ,Agricultural Related
532903,DHANUSTECH  ,Dhanus Technologies Ltd. (BSE code:532903)   ,IT
532912,NET 4 INDIA ,Net 4 India Ltd (BSE code:532912)   ,IT
532913,CIRCUIT SYS ,Circuit Systems (India) Limited (BSE code:532913)   ,Engineering
532918,RATHI BARS  ,Rathi Bars Limited (BSE code:532918)   ,Steel
532921,MUNDRA PORT ,Mundra Port And Special Eco Zone Ltd. (BSE code:532921)   ,Infrastructure Facilities
532930,BGR ENERGY  ,BGR Energy Systems Limited (BSE code:532930)   ,Power
531715,SHUKUN CONS.,SHUKUN CONSTRUCTIO INR10 (BSE code:531715)   ,Construction and Building Materials
531719,BHAGIRA.CHEM,Bhagiradha Chemicals & Industries L(NDA) (BSE code:531719)   ,Agricultural Related
500305,ISPAT INDS. ,Ispat Inds.  (Bse Code: 500305 ),Steel
502137,DECAN CEMENT,Decan Cement (Bse Code: 502137 ),Cement
532365,DYNACONS SYS,DYNACONS SYS (BSE code:532365)   ,IT
505790,FAG BEARINGS,Fag Bearings (Bse Code: 505790 ),Engineering
590094,FARMAX IND  ,Farmax India Limited (BSE code:590094)   ,Personal Care
522017,FLUIDOMAT   ,FLUIDOMAT LT (BSE code:522017)   ,Engineering
530173,OSCAR GLOBAL,OSCAR GLOBAL (BSE code:530173)   ,Textile
526747,P.G.FOILS   ,PG Foils Ltd(NDA) (BSE code:526747)   ,Non Ferrous Metals
512237,JAI CORP LTD,Jai Corp Limited (BSE code:512237)   ,Diversified
523230,JALPAC INDIA,JALPAC INDIA (BSE code:523230)   ,Packaging
532786,GREAT OFFSH ,Great Offshore Ltd. (BSE code:532786)   ,Engineering
526965,GUJ.CRAFT IN,GUJ CRAFT IN (BSE code:526965)   ,Others
505720,HERC.HOISTS ,Herc.Hoists  (Bse Code: 505720 ),Engineering
532847,HILTON MET  ,Hilton Metal Forging Limitied (BSE code:532847)   ,Auto Ancillaries
505725,HIND.EVEREST,Hind.Everest (Bse Code: 505725 ),Engineering
531727,MENON PISTON,Menon Pistons Limited (BSE code:531727)   ,Auto Ancillaries
517344,MINDTECK (I),Mindteck (India) Ltd (BSE code:517344)   ,IT
530169,MOHIT PAPER ,Mohit Paper Mills Ltd(NDA) (BSE code:530169)   ,Paper
530435,MVL IND     ,Media Video Limited (BSE code:530435)   ,Others
532441,RNBOWDENIM  ,Rainbow Denim Ltd (BSE code:532441)   ,Textile
502937,KESORAM IND ,Kesoram Ind  (Bse Code: 502937 ),Diversified
531269,KLG SYSTEL  ,KLG Systel Ltd. (BSE code:531269)   ,IT
507474,KOTHARI FERM,Kothari Ferm (Bse Code: 507474 ),Food Processing
502958,LAKSHMI MILL,Lakshmi Mill (Bse Code: 502958 ),Textile
507785,TAINWALA CH.,Tainwala Ch. (Bse Code: 507785 ),Plastic Processing
522113,TIMKEN (I)  ,Timken India Limited (BSE code:522113)   ,Engineering
513228,PENNAR STEEL,Pennar Industries Ltd (BSE code:513228)   ,Steel
523642,PI INDUS.LTD,PI INDUS.LTD (BSE code:523642)   ,Agricultural Related
532949,PIRAMAL GLAS,Piramal Glass Ltd (BSE code:532949)   ,Packaging
500459,PROCTER &GAM,Procter &Gam (Bse Code: 500459 ),Personal Care
532461,PUNJAB NATIO,Punjab National Bank (BSE code:532461)   ,Banks
590099,QUANTUM GOLD,QUANTUM GOLD (BSE code:590099)   ,Financial Services
531552,RAGHUNATH TO,RAGHUN TOB C (BSE code:531552)   ,Others
511652,RAM KAASHYAP,Ram Kaashyap Investment Ltd (BSE code:511652)   ,Financial Services
531962,VALLEY INDIA,VALLEY INDIANA LEI INR10 (BSE code:531962)   ,Financial Services
530369,VAMSHI RUBB.,VAMSHI RUBBE (BSE code:530369)   ,Agricultural Related
519602,VMF SOFTEC  ,VMF SOFT TEC (BSE code:519602)   ,Food Processing
522080,VULCAN ENG. ,Vulcan Engineers Ltd (BSE code:522080)   ,Engineering
532794,ZEE NEWS    ,Zee News Limited (BSE code:532794)   ,Media and Entertainment
504067,ZENSAR TECH.,Zensar Tech. (Bse Code: 504067 ),IT
533110,SH PRECOTED ,Shree Precoated Steels Ltd (BSE code:533110)   ,Steel
523449,SHARP INDIA ,Sharp India Ltd(NDA) (BSE code:523449)   ,Consumer Durables
532180,DHANALAK.BNK,The Dhanalakshmi Bank Limited (BSE code:532180)   ,Banks
532183,GAYATRI SUGR,GAYATRI SUGR (BSE code:532183)   ,Sugar
532200,STATE BNK MY,State Bank of Mysore (BSE code:532200)   ,Banks
532210,CITY UNION  ,City Union Bank Limited (BSE code:532210)   ,Banks
532240,INDIA NIPPON,India Nippon Electricals Ltd (BSE code:532240)   ,Auto Ancillaries
532256,NALWA SONS  ,Nalwa Sons Investments Limited (BSE code:532256)   ,Financial Services
532268,KALE CONSUL.,Kale Consultants Ltd (BSE code:532268)   ,IT
532271,CYBERMATE   ,CYBERMAT INF (BSE code:532271)   ,IT
532281,HCL TECHNO  ,HCL Technologies Limited (BSE code:532281)   ,IT
509472,CRAVATEX    ,Cravatex     (Bse Code: 509472 ),Textile
504256,DELTRON LTD.,Deltron Ltd. (Bse Code: 504256 ),Engineering
505711,GAJRA BEVEL ,Gajra Bevel  (Bse Code: 505711 ),Auto Ancillaries
502420,ORIENT PAPER,Orient Paper (Bse Code: 502420 ),Paper
501311,JAYBH.CREDIT,Jaybh.Credit (Bse Code: 501311 ),Financial Services
517354,HAVELLSINDIA,Havellsindia (Bse Code: 517354 ),Engineering
502407,NATH PULP   ,Nath Pulp    (Bse Code: 502407 ),Paper
506184,KANANI IND  ,Kanani Ind   (Bse Code: 506184 ),Steel
510245,SWASTI VINAY,Swasti Vinay (Bse Code: 510245 ),Textile
500777,T.P.L.      ,T.P.L.       (Bse Code: 500777 ),Petro Chemicals
500680,PFIZER LTD. ,Pfizer Ltd.  (Bse Code: 500680 ),Pharmaceuticals
506146,VISAGAR POL ,Visagar Pol  (Bse Code: 506146 ),Textile
504918,SANDUR MANG.,Sandur Mang. (Bse Code: 504918 ),Steel
511108,SHIVA TEXYAM,Shiva Texyam (Bse Code: 511108 ),Textile
509953,TRADE WINGS ,Trade Wings  (Bse Code: 509953 ),Tourism and Hotels
509011,LIVINGROOM L,Livingroom L (Bse Code: 509011 ),Others
508961,SHRICON IND.,Shricon Ind. (Bse Code: 508961 ),Others
500303,ADI BIR NUVO,Adi Bir Nuvo (Bse Code: 500303 ),Diversified
505010,AUTO AXLES  ,Auto Axles   (Bse Code: 505010 ),Auto Ancillaries
500547,BHARAT PET. ,Bharat Pet.  (Bse Code: 500547 ),Oil and Gas
500207,INDO RAMA   ,Indo Rama    (Bse Code: 500207 ),Textile
506894,CHEMFAB ALK ,Chemfab Alk  (Bse Code: 506894 ),Chemicals
504240,DELTON CABLE,Delton Cable (Bse Code: 504240 ),Telecom
500142,FGP LTD.    ,Fgp Ltd.     (Bse Code: 500142 ),Others
500313,OIL COUNTRY ,Oil Country  (Bse Code: 500313 ),Engineering
511092,JMD TELEFILM,Jmd Telefilm (Bse Code: 511092 ),Media and Entertainment
503101,MARATHON NEX,Marathon Nex (Bse Code: 503101 ),Real Estate
503776,MODIPON     ,Modipon      (Bse Code: 503776 ),Textile
501343,MOTOR&GEN.FI,Motor&Gen.Fi (Bse Code: 501343 ),Financial Services
504908,S.S.DUNCAN  ,S.S.Duncan   (Bse Code: 504908 ),Auto Ancillaries
505299,KULK-POWER  ,Kulk-Power   (Bse Code: 505299 ),Engineering
500402,SUBHASH PROJ,Subhash Proj (Bse Code: 500402 ),Engineering
511720,CAPMAN FIN. ,CAPMAN FINAN (BSE code:511720)   ,Others
511730,TRC FINAN.SE,TRC FINAN SE (BSE code:511730)   ,Financial Services
532553,MSK PROJECTS,MSK Projects (India) Ltd. (BSE code:532553)   ,Construction and Building Materials
524816,NATCO PHARM ,Natco Pharma Ltd. (BSE code:524816)   ,Pharmaceuticals
532735,RSYSTEMS INT,R Systems International Limited (BSE code:532735)   ,IT
513509,KALYANI FORG,Kalyani Forge Ltd (BSE code:513509)   ,Engineering
530165,KANCHAN INT.,KANCHA INTER (BSE code:530165)   ,Consumer Durables
532304,KJMC GLOBAL ,KJMC GLOBAL (BSE code:532304)   ,Financial Services
590075,LAMBODHARA T,LAMBODHARA T (BSE code:590075)   ,Textile
517415,LEE&NEE SOFT,LEE NEE SOFT (BSE code:517415)   ,IT
523425,SUNRAJ DIAM.,SUNRAJ DIAMOND EXP INR10 (BSE code:523425)   ,Others
530239,SUVEN LIFE S,Suven Life Sciences Ltd. (BSE code:530239)   ,Pharmaceuticals
532856,TIME TECHNO ,Time Technoplast Limited (BSE code:532856)   ,Petro Chemicals
517119,PCS TECH    ,PCS Technology Ltd(NDA) (BSE code:517119)   ,IT
524808,PHYTOCHEM I.,PHYTO CHEM I (BSE code:524808)   ,Agricultural Related
531746,PRAJAY ENGS.,Prajay Engineers Syndicate Ltd. (BSE code:531746)   ,Construction and Building Materials
532689,PVR LTD     ,PVR Limited (BSE code:532689)   ,Media and Entertainment
502271,RAASI REFRAC,Raasi Refrac (Bse Code: 502271 ),Engineering
513558,REAL STRIPS ,Real Strips Ltd (BSE code:513558)   ,Steel
526755,VELAN HOTELS,Velan Hotels Ltd (BSE code:526755)   ,Tourism and Hotels
532372,VIRINCHI CON,Virinchi Technologies Ltd(NDA) (BSE code:532372)   ,IT
531845,ZENITH BIRLA,Zenith Birla (India) Limited (BSE code:531845)   ,Diversified
511076,SAT IND LTD ,Sat Ind Ltd  (Bse Code: 511076 ),Financial Services
511144,SAYA HSG.FIN,Saya Hsg.Fin (Bse Code: 511144 ),Housing Finance
533014,SICAGEN IND ,Sicagen India Limited (BSE code:533014)   ,Diversified
507753,SREE.RAY.ALK,Sree.Ray.Alk (Bse Code: 507753 ),Chemicals
632500,MARUTI UDYOG,MARUTI UDYOG (BSE code:632500)   ,Un classified
532140,R.M.MOHITEX ,R M Mohite Textiles Ltd. (BSE code:532140)   ,Textile
513337,GUJ.TOOLROOM,GUJ.TOOLROOM (BSE code:513337)   ,Plastic Processing
505200,EICHER MOTOR,Eicher Motor (Bse Code: 505200 ),Automobiles
531144,EL FORGE LTD,El Forge Ltd(NDA) (BSE code:531144)   ,Steel
517433,Innov.Softw.,Innov.Softw.,IT
533272,Cebbco      ,Cebbco      ,Auto Ancillaries
532627,JPPOWER     ,Jaiprakash Power Ventures Limited (BSE code:532627)   ,Power
505320,LYNX MACH.  ,Lynx Mach.   (Bse Code: 505320 ),Engineering
506543,M.P.AGRO IND,M.P.Agro Ind (Bse Code: 506543 ),Agricultural Related
631807,Ing Vysya Ba,Ing Vysya Ba,Un classified
946193,Edlsre0f902 ,Edlsre0f902 ,Un classified
590111,MASTER MULTI,Master Multi (Bse Code: 590111 ),IT
500279,MIRC ELECT  ,Mirc Elect   (Bse Code: 500279 ),Consumer Durables
513685,MULTI ARC   ,Multi Arc India Ltd(NDA) (BSE code:513685)   ,Engineering
523658,RISHIROOP RU,RISHIROOP RB (BSE code:523658)   ,Agricultural Related
532785,RUCHIRA PAP ,Ruchira Papers Limited (BSE code:532785)   ,Paper
590066,KCP LTD     ,The KCP Ltd (BSE code:590066)   ,Sugar
507180,KESAR ENT.  ,Kesar Ent.   (Bse Code: 507180 ),Sugar
531739,GENNEX LAB  ,Gennex Laboratories Ltd(NDA) (BSE code:531739)   ,Pharmaceuticals
531777,INTELVISIONS,Intellvisions Software Ltd. (BSE code:531777)   ,Others
531784,KADAMB CONST,KADAMB CONST (BSE code:531784)   ,Construction and Building Materials
531794,SESHACHAL   ,Seshachal Technologies Ltd(NDA) (BSE code:531794)   ,Textile
531816,PANORAM UNI ,Panoramic Universal Ltd(NDA) (BSE code:531816)   ,Others
531841,SUBUTHI FIN.,SUBUTI FINAN (BSE code:531841)   ,Financial Services
531862,BHARAT FERTI,Bharat Fertiliser Inds. Ltd.(NDA) (BSE code:531862)   ,Agricultural Related
531870,POPULAR EST ,Popular Estate Management Ltd (BSE code:531870)   ,Financial Services
531879,PIONEER DIS.,Pioneer Distilleries Limited (BSE code:531879)   ,Breweries and Distilleries
531897,ACCENT TECH ,Accentia Technologies Ltd (BSE code:531897)   ,IT
531901,SAARC NET LT,Saarc Net Ltd(NDA) (BSE code:531901)   ,Petro Chemicals
531904,KARUNA CABLE,Globus Corpooration Limited (BSE code:531904)   ,Non Ferrous Metals
531931,SAI CAPITAL (BSE code:531931)   ,SAI CAPITAL (BSE code:531931)   ,Financial Services
531932,C.G.IMPEX   ,C G Impex Ltd(NDA) (BSE code:531932)   ,Fashion and personal items
531945,SUNITEE CHEM,Sunitee Chemicals Ltd(NDA) (BSE code:531945)   ,Chemicals
531979,HIND ALUMIN ,Hind Aluminium Industries Ltd. (BSE code:531979)   ,Non Ferrous Metals
531996,ODYSSEY CORP,ODYSSEY CORP (BSE code:531996)   ,Financial Services
532015,GRAVITY (I) ,GRAVITY IND(BSE INDONEXT) (BSE code:532015)   ,Textile
532033,JAIN STUDIOS,Jain Studios Ltd (BSE code:532033)   ,Media and Entertainment
532038,EMMSONS INT.,Emmsons International Ltd(NDA) (BSE code:532038)   ,Others
532053,WALLFORT FIN,Wallfort Financial Services Ltd.(NDA) (BSE code:532053)   ,Financial Services
532057,ABHINAV CAP ,Abhinav Capital Services Ltd(NDA) (BSE code:532057)   ,Construction and Building Materials
532149,BNK OF INDIA,Bank of India (BSE code:532149)   ,Banks
532150,INDRAPRAST  ,Indraprastha Medical Corporation Limited (BSE code:532150)   ,HealthcareandHospitals
532163,SAREGAMA (I),Saregama India Limited (BSE code:532163)   ,Media and Entertainment
532175,INFOTECH EN.,InfoTech Enterprises Limited (BSE code:532175)   ,IT
532181,GUJ.MINERAL ,Gujarat Mineral Development Corporation (BSE code:532181)   ,Mining
532191,STATE BNK TR,State Bank Of Travancore (BSE code:532191)   ,Banks
532216,HB STOCKHOL.,HB Stockholdings Ltd (BSE code:532216)   ,Financial Services
532230,BENGAL TEA &,Bengal Tea & Fabrics Ltd (BSE code:532230)   ,Textile
524652,IND.SWIFT LT,IND Swift Ltd. (BSE code:524652)   ,Pharmaceuticals
526921,21ST CEN.MGM,21CEN MAN SE (BSE code:526921)   ,Financial Services
526955,ABL BIO-TECH,ABL Bio Technologies Ltd(NDA) (BSE code:526955)   ,Pharmaceuticals
590082,LOHIA SECURI,Lohia Securities Ltd. (BSE code:590082)   ,Financial Services
532679,STORE ONE   ,Store One Retail India Limited (BSE code:532679)   ,Retail
531433,SUNGOLD CAP.,SUNGOLD CAPI (BSE code:531433)   ,Financial Services
531638,SURAJ STAINL,Suraj Stainless Ltd (BSE code:531638)   ,Steel
523455,TECHTRN.POLY,Techtran Polylenses Ltd (BSE code:523455)   ,Others
532945,SHRIRAM EPC ,Shriram EPC Limited (BSE code:532945)   ,Engineering
503811,SIYARAM SILK,Siyaram Silk (Bse Code: 503811 ),Textile
522042,SM ENERGY   ,SM ENERGY TE (BSE code:522042)   ,Engineering
523826,SOVEREIGN DI,SOVEREIGN DI (BSE code:523826)   ,Others
532833,SPARSH BPO  ,Sparsh BPO Services Ltd (BSE code:532833)   ,IT
531780,KAISER PRESS,KAISER PRESS (BSE code:531780)   ,Others
506938,KAPPAC PHAR.,Kappac Phar. (Bse Code: 506938 ),Pharmaceuticals
526506,SYSTAMATIX C,SYSTEM COR S (BSE code:526506)   ,Financial Services
512361,CUPID TRADE ,CUPID TRADE (BSE code:512361)   ,Financial Services
946124,EDEL29APR9A ,Edel29apr9a  (Bse Code: 946124 ),Un classified
530537,MANRAJ HSG.F,MANRAJ HOUSI (BSE code:530537)   ,Housing Finance
500410,ACC LTD     ,Acc Ltd      (Bse Code: 500410 ),Cement
531921,AGAR IND COR,AGAR IND COR (BSE code:531921)   ,Courier and Logistic Services
505800,RANE HOLDIN ,Rane Holdin  (Bse Code: 505800 ),Auto Ancillaries
532805,REDINGTON   ,Redington India Ltd (BSE code:532805)   ,IT
513005,VBC FERRO   ,VBC Ferro Alloys Limited (BSE code:513005)   ,Steel
531682,CAT TECHN.  ,CAT TECHNOL (BSE code:531682)   ,Financial Services
500008,AMAR RAJA BA,Amar Raja Ba (Bse Code: 500008 ),Batteries
512535,ASAHI INFRA.,ASAHI INFR P (BSE code:512535)   ,Housing Finance
507526,ASSO.ALCOHOL,Asso.Alcohol (Bse Code: 507526 ),Breweries and Distilleries
506820,ASTRAZEN.PH.,Astrazen.Ph. (Bse Code: 506820 ),Pharmaceuticals
500144,FINOL. CABLE,Finol. Cable (Bse Code: 500144 ),Engineering
506186,GALAXY ENTER,Galaxy Enter (Bse Code: 506186 ),Media and Entertainment
531494,NAVKAR BUILD,Navkar Builders Limited (BSE code:531494)   ,Construction and Building Materials
524774,NGL FINE CHM,NGL FINE CHM (BSE code:524774)   ,Pharmaceuticals
590103,NIFTY BEES  ,NIFTY BEES (BSE code:590103)   ,Financial Services
530129,NILE LTD.   ,Nile Limited (BSE code:530129)   ,Engineering
531598,NIMBUS FOOD ,NIMBUS FOOD (BSE code:531598)   ,IT
533106,OIL INDIA   ,Oil India Limited (BSE code:533106)   ,Oil and Gas
517195,ORG INFORMAT,ORG Informatics Limited (BSE code:517195)   ,IT
504879,ORIENT ABRAS,Orient Abras (Bse Code: 504879 ),Engineering
530365,ORIENT CERAM,Orient Ceramics & Industries Ltd (BSE code:530365)   ,Construction and Building Materials
506943,J.B.CHEMICAL,J.B.Chemical (Bse Code: 506943 ),Pharmaceuticals
500228,JSWSL       ,Jswsl        (Bse Code: 500228 ),Steel
531115,JYOTI COSMET,Jyoti Cosmetics (Exim) Ltd(NDA) (BSE code:531115)   ,Personal Care
505712,GUJ.AUTO GE ,Guj.Auto Ge  (Bse Code: 505712 ),Auto Ancillaries
500010,HDFC        ,Hdfc         (Bse Code: 500010 ),Banks
532613,MAXWEL      ,Maxwell Industries Ltd. (BSE code:532613)   ,Textile
511276,MEFCOM AGRO ,Mefcom Agro  (Bse Code: 511276 ),Financial Services
513303,MODERN STEEL,Modern Steels Ltd(NDA) (BSE code:513303)   ,Steel
526622,MY FAIR LADY,My Fair Lady Ltd(NDA) (BSE code:526622)   ,Personal Care
532362,NAGPUR POWER,Nagpur Power & Inds Ltd(NDA) (BSE code:532362)   ,Steel
511768,MASTER TRUST,Master Trust Limited (BSE code:511768)   ,Financial Services
512008,AMANI TRAD  ,Amani Trading & Exports Ltd(NDA) (BSE code:512008)   ,Others
512093,CRANES SOFTW,Cranes Software International Limited (BSE code:512093)   ,IT
512149,ADVANCE TECH,AVANCE TECHN (BSE code:512149)   ,IT
512179,SUNTECK REAL,Sunteck Realty Ltd. (BSE code:512179)   ,Real Estate
512233,JAYBHARA TEX,Jaybharat Textiles And Real Estate Ltd. (BSE code:512233)   ,Textile
512253,BIO GREEN I ,BIO GREEN I (BSE code:512253)   ,Others
512296,BHAGYA INL* ,Bhagyanagar India Ltd. (BSE code:512296)   ,Telecom
512359,ROTAM COMM. ,ROTAM COMM. (BSE code:512359)   ,Others
512379,CRESSANDA SO,Cressanda Solutions Ltd(NDA) (BSE code:512379)   ,Others
512413,SPECTACLE   ,Spectacle Industries Limited (BSE code:512413)   ,Textile
512527,SUPER SAL IN,Super Sales India Ltd(NDA) (BSE code:512527)   ,Textile
512529,SEQUENT     ,Sequent Scientific Limited (BSE code:512529)   ,Pharmaceuticals
524276,DUJOD PAP CH,Dujodwala Paper Chemicals Ltd(NDA) (BSE code:524276)   ,Chemicals
500650,EXCEL INDUST,Excel Indust (Bse Code: 500650 ),Agricultural Related
507621,MILKFOOD    ,Milkfood     (Bse Code: 507621 ),Food Processing
500336,SURYA ROSHNI,Surya Roshni (Bse Code: 500336 ),Steel
502450,SESHA.PAPER ,Sesha.Paper  (Bse Code: 502450 ),Paper
501061,ST.BANK BIKA,St.Bank Bika (Bse Code: 501061 ),Banks
511698,BHAGYASHREE ,BHAGYASHREE (BSE code:511698)   ,Financial Services
520066,JAYBH.MARUTI,Jay Bharat Maruti Ltd (BSE code:520066)   ,Auto Ancillaries
532950,MANJUSHRE   ,Manjushree Extrusions Limited. (BSE code:532950)   ,Packaging
505163,ZF STEERING ,Zf Steering  (Bse Code: 505163 ),Auto Ancillaries
514152,SHAMKEN MULT,SHAMKE MULTI (BSE code:514152)   ,Textile
530937,UMS TECHNO (BSE code:530937)   ,UMS TECHNO (BSE code:530937)   ,Engineering
532215,AXIS BANK   ,Axis Bank Ltd. (BSE code:532215)   ,Banks
532401,VIJAYA BANK ,Vijaya Bank (BSE code:532401)   ,Banks
532404,SAVEN TECHNO,SAVEN TECHNO (BSE code:532404)   ,IT
532407,MOSCHIP SEMI,Moschip Semiconductor Technology Ltd (BSE code:532407)   ,IT
532408,MEGASOFT LTD,Megasoft Ltd. (BSE code:532408)   ,IT
532410,TRANSCORP IN,TRANSCORP IN (BSE code:532410)   ,Others
532414,IKF TECHNO  ,IKF Technologies Limited (BSE code:532414)   ,IT
532418,ANDHRA BANK ,Andhra Bank (BSE code:532418)   ,Banks
532424,GODREJ CONS ,Godrej Consumer Products Limited (BSE code:532424)   ,Personal Care
532430,BF UTILI    ,BF Utilities Limited (BSE code:532430)   ,Power
532439,GOLDST INFRA,Goldstone Infratech Ltd(NDA) (BSE code:532439)   ,Telecom
532443,CERA SANITAR,Cera Sanitaryware Ltd. (BSE code:532443)   ,Construction and Building Materials
532456,COMPUAGE INF,Compuage Infocom Ltd. (BSE code:532456)   ,IT
532466,ORACLE FIN  ,Oracle Financial Services Software Ltd. (BSE code:532466)   ,IT
532477,UNION BANK L,Union Bank of India (BSE code:532477)   ,Banks
532901,KOUTONS RET ,Koutons Retail India Ltd. (BSE code:532901)   ,Textile
524202,LACTOSE(I)  ,Lactose India Ltd (BSE code:524202)   ,Pharmaceuticals
590071,SUNDARAM FIN,Sundaram Finance Limited (BSE code:590071)   ,Financial Services
530845,SUNSHIELD CH,Sunshield Chemicals Ltd (BSE code:530845)   ,Chemicals
522215,SWISS GLASS ,Swiss Glascoat Equipments Ltd (BSE code:522215)   ,Engineering
533087,TATA SM1BG  ,TATA SM1BG (BSE code:533087)   ,Financial Services
532911,PARLE SOFTWR,Parle Software Ltd (BSE code:532911)   ,IT
531768,POLY MEDICUR,Poly Medicure Ltd. (BSE code:531768)   ,HealthcareandHospitals
523874,PRECI CONTNR,PRECI CONTNR (BSE code:523874)   ,Packaging
530695,PRIME PROP  ,Prime Property Development Corp. Ltd. (BSE code:530695)   ,Financial Services
526494,PROMACT PLAS,PROMAC PLAST (BSE code:526494)   ,Packaging
520111,RATNAMNI MET,Ratnamani Metals and Tubes Limited (BSE code:520111)   ,Steel
532106,REI AGRO LTD,REI Agro Limited (BSE code:532106)   ,Food Processing
531525,ACE SOFTWARE,ACE SOFT EXP (BSE INDONEXT) (BSE code:531525)   ,IT
516020,AGIO PAPER  ,AGIO PAPER (BSE code:516020)   ,Paper
532282,AMTEK INDIA ,Amtek India Ltd. (BSE code:532282)   ,Auto Ancillaries
532493,ASTRA MICRO ,Astra Microwave Products Limited (BSE code:532493)   ,Engineering
514414,OXFORD INDUS,OXFOR INDUST (BSE code:514414)   ,Textile
500306,JK SYNTHETIC,Jk Synthetic (Bse Code: 500306 ),Textile
526209,K.S.OILS LTD,K.S. Oils Limited (BSE code:526209)   ,Food Processing
515147,HALDYN GLASS,Haldyn Glass Gujarat Ltd (BSE code:515147)   ,Glass
524075,ALBERT DAVID,Albert David Ltd (BSE code:524075)   ,Pharmaceuticals
531400,ALMONDZ GLO ,Almondz Global Securities Ltd (BSE code:531400)   ,Financial Services
509684,IND.FOILS   ,Ind.Foils    (Bse Code: 509684 ),Packaging
507580,IVP LTD     ,Ivp Ltd      (Bse Code: 507580 ),Food Processing
500177,HANIL E.TEX ,Hanil E.Tex  (Bse Code: 500177 ),Textile
508486,HAWKINS COOK,Hawkins Cook (Bse Code: 508486 ),Others
507836,MAC CHARLES ,Mac Charles  (Bse Code: 507836 ),Tourism and Hotels
500126,MERCK LTD   ,Merck Ltd    (Bse Code: 500126 ),Pharmaceuticals
504807,Summit Sec   (Bse Code: 504807 ),Summit Sec   (Bse Code: 504807 ),Power
934777,TATACAP I   ,Tatacap I    (Bse Code: 934777 ),Un classified
500413,THOMAS COOK ,Thomas Cook  (Bse Code: 500413 ),Tourism and Hotels
504288,POLAR INDUS.,Polar Indus. (Bse Code: 504288 ),Others
506618,PUN.CHEM    ,Pun.Chem     (Bse Code: 506618 ),Chemicals
500575,VOLTAS LTD  ,Voltas Ltd   (Bse Code: 500575 ),Engineering
500387,SHREE CEMENT,Shree Cement (Bse Code: 500387 ),Cement
501421,SOLIX TECHNO,Solix Techno (Bse Code: 501421 ),Others
505930,VISHAL MALLE,Vishal Malle (Bse Code: 505930 ),Others
505850,TAK MACHINE.,Tak Machine. (Bse Code: 505850 ),Financial Services
500477,ASHOK LEYL. ,Ashok Leyl.  (Bse Code: 500477 ),Automobiles
509009,AUSOM ENT   ,Ausom Ent    (Bse Code: 509009 ),Packaging
502219,BOROSIL GLAS,Borosil Glas (Bse Code: 502219 ),Others
513519,PITTI LAMIN.,Pitti Laminations Limited (BSE code:513519)   ,Engineering
530589,PRIMA PLASTI,PRIMA PLASTC (BSE code:530589)   ,Plastic Processing
532938,FUTURE CAP  ,Future Capital Holdings Limited (BSE code:532938)   ,Financial Services
532942,KNR CONST   ,KNR Constructions Limited (BSE code:532942)   ,Infrastructure Facilities
532946,BANG        ,Bang Overseas Limited (BSE code:532946)   ,Textile
532948,TULSI EXTRU ,Tulsi Extrusions Limited (BSE code:532948)   ,Plastic Processing
532952,NAHAR CAP   ,Nahar Capital & Financial Services Ltd. (BSE code:532952)   ,Financial Services
532961,SITA SHREE  ,Sita Shree Food Products Ltd. (BSE code:532961)   ,Food Processing
532969,CHI Investments Ltd (BSE code:532969)   ,CHI Investments Ltd (BSE code:532969)   ,Financial Services
532972,SANKHYA INFO,SANKHYA INFO (BSE code:532972)   ,IT
532979,PIRAM LIFE  ,Piramal Life Sciences Limited (BSE code:532979)   ,Pharmaceuticals
532984,ENSO SECUT  ,Enso Secutrack Limited(NDA) (BSE code:532984)   ,Engineering
532989,BAFNA PHARMA,Bafna Pharmaceuticals Limited (BSE code:532989)   ,Pharmaceuticals
533011,VISHAL INFO ,Vishal Information Technologies Ltd. (BSE code:533011)   ,IT
533016,AUSTRAL COKE,Austral Coke and Projects Limited (BSE code:533016)   ,Diversified
533023,WABCO TVS   ,WABCO TVS INDIA Ltd (BSE code:533023)   ,Auto Ancillaries
533033,SARASWATI   ,The Saraswati Industrial Syndicate Ltd (BSE code:533033)   ,Sugar
533080,MOLDTK PLA  ,MOLDTK PLA (BSE code:533080)   ,Engineering
533088,MAH HOLIDAY ,Mahindra Holidays & Resorts India Ltd. (BSE code:533088)   ,Tourism and Hotels
533090,EXCEL INFO  ,Excel Infoways Limited (BSE code:533090)   ,IT
533095,BENGLA& ASM ,Bengal & Assam Company Limited (BSE code:533095)   ,Agricultural Related
530075,SELAN EXPLOR,Selan Exploration Technology Ltd. (BSE code:530075)   ,Oil and Gas
530091,ZYDEN GENTEC,Zyden Gentec Ltd(NDA) (BSE code:530091)   ,Financial Services
530095,BHAGWANDAS M,BHAGWANDAS METALS INR10 (BSE code:530095)   ,Steel
530155,TONIRA PHARM,Tonira Pharma Ltd(NDA) (BSE code:530155)   ,Pharmaceuticals
530177,SPS INTL.   ,SPS INTERNAT (BSE code:530177)   ,Financial Services
530201,KALLAM SPG. ,Kallam Spinning Mills Ltd(NDA) (BSE code:530201)   ,Textile
530243,MANGALYA SOF,MANGALYA SOFT TECH INR10 (BSE code:530243)   ,IT
530255,KAY POW PAP ,KAY POW PAP (BSE code:530255)   ,Paper
530273,LIBERTY PHOS,Liberty Phosphate Limited (BSE code:530273)   ,Agricultural Related
530299,KOTHARI PROD,Kothari Products Ltd. (BSE code:530299)   ,Others
530305,PICCADILY AG,Piccadily Agro Inds Limited (BSE code:530305)   ,Sugar
530315,HIND.TIN WRK,Hindustan Tin Works Limited (BSE code:530315)   ,Steel
530323,ERA INFRA   ,Era Infra Engineering Limited (BSE code:530323)   ,Construction and Building Materials
530331,PREMCO GLOB.,PREMCO GLOBA(BSE INDONEXT) (BSE code:530331)   ,Others
530363,UGAR SUGAR  ,Ugar Sugar Works Limited (BSE code:530363)   ,Sugar
530375,ANCENT SOFT.,Ancent Software International Ltd(NDA) (BSE code:530375)   ,Financial Services
530431,ADOR FONTECH,Ador Fontech Ltd(NDA) (BSE code:530431)   ,Others
531218,RISHAB FIN  ,RISHAB FIN (BSE code:531218)   ,Financial Services
532983,RPG LIFESCI ,RPG LIFESCI (BSE code:532983)   ,Pharmaceuticals
526115,KARAN WOO-SN,KARAN WOOSIN (BSE code:526115)   ,Others
590003,KARUR VY(PS ,Karur Vy(Ps  (Bse Code: 590003 ),Banks
530813,KRBL LTD.   ,KRBL Ltd. (BSE code:530813)   ,Food Processing
519421,KSE LIMITED ,KSE Ltd (BSE code:519421)   ,Food Processing
509048,LANCOR HOLDS,Lancor Holds (Bse Code: 509048 ),Construction and Building Materials
513530,STELCO STRIP,Stelco Strips Ltd(NDA) (BSE code:513530)   ,Steel
517530,SURANATP    ,Surana Telecom & Power Ltd (BSE code:517530)   ,Engineering
532276,SYNDICATE BN,Syndicate Bank Ltd. (BSE code:532276)   ,Banks
511702,PARSHARTI IN,PARSHART INV (BSE code:511702)   ,Financial Services
500329,PENTAMED.G  ,Pentamed.G   (Bse Code: 500329 ),IT
500338,PRISM CEMENT,Prism Cement (Bse Code: 500338 ),Cement
590100,RELIANCEGOLD,RELIANCEGOLD (BSE code:590100)   ,Financial Services
531762,UNJHA FORMUL,UNJHA FORMUL (BSE code:531762)   ,Pharmaceuticals
502589,VAPI PAPER  ,Vapi Paper   (Bse Code: 502589 ),Diversified
524310,VBC IND.    ,V B C Industries Ltd. (BSE code:524310)   ,Food Processing
507880,VIP INDUS.  ,Vip Indus.   (Bse Code: 507880 ),Plastic Processing
524394,VIMTA LABS  ,Vimta Labs Ltd (BSE code:524394)   ,Others
524212,WANBURY LTD ,Wanbury Limited (BSE code:524212)   ,Pharmaceuticals
523116,SANCO TRANS ,SANCO TRANS (BSE code:523116)   ,Shipping
519260,SANWARIA AGR,Sanwaria Agro Oils Limited (BSE code:519260)   ,Food Processing
526544,SCANP GEOM  ,SCANP GEOM (BSE code:526544)   ,Others
532455,SHALIMAR WIR,SHALIMAR WIR (BSE code:532455)   ,Engineering
503229,SIMPLEX REAL,Simplex Real (Bse Code: 503229 ),Diversified
531169,SKP SECURE. ,Skp Securities Ltd(NDA) (BSE code:531169)   ,Financial Services
532784,SOBHA DEV   ,Sobha Developers Ltd. (BSE code:532784)   ,Real Estate
524727,SPAN DIAGNOS,Span Diagnostics Ltd (BSE code:524727)   ,HealthcareandHospitals
523856,TORR CABS   ,Torrent Gujarat Biotech Ltd (BSE code:523856)   ,Power
523696,FORTIS MLR  ,Fortis Malar Hospitals Limited (BSE code:523696)   ,HealthcareandHospitals
530265,SAINIK FIN. ,SAINIK FINAN (BSE code:530265)   ,Cement
512553,ZENITH EXP. ,Zenith Exports Ltd(NDA) (BSE code:512553)   ,Textile
945675,Ricl011107   (Bse Code: 945675 ),Ricl011107   (Bse Code: 945675 ),Un classified
531212,NALIN LEASE ,NALIN LEA FI (BSE code:531212)   ,Financial Services
512024,N.D.METAL   ,N D METAL IN (BSE code:512024)   ,Non Ferrous Metals
517554,MIDPOINT SOF,Midpoint Sof (Bse Code: 517554 ),IT
511734,PASUPATI FIN,Pasupati Fin (Bse Code: 511734 ),Financial Services
526558,JAMES HOTELS,James Hotels (Bse Code: 526558 ),Breweries and Distilleries
514486,POLYGENTA TE,Polygenta Te (Bse Code: 514486 ),Textile
515081,SRIVAJRA GRA,Srivajra Gra (Bse Code: 515081 ),Mining
590110,QUANTUM INDX,Quantum Indx (Bse Code: 590110 ),Financial Services
513540,T.N.STEEL TU,T.N.Steel Tu (Bse Code: 513540 ),Steel
700099,Abanoffsh    (Bse Code: 700099 ),Abanoffsh    (Bse Code: 700099 ),Un classified
935940,975sefl22b  ,975sefl22b  ,Un classified
953089,Eclb9l501a  ,Eclb9l501a  ,Un classified
935936,935sefl22b  ,935sefl22b  ,Un classified
935928,95sefl20b   ,95sefl20b   ,Un classified
935944,0sefl22b    ,0sefl22b    ,Un classified
950758,Rcl220814   ,Rcl220814   ,Un classified
540161,Rxxx1sr15z  ,Rxxx1sr15z  ,Un classified
949259,Ecle6j301   ,Ecle6j301   ,Un classified
950315,Eclh6e401   ,Eclh6e401   ,Un classified
540199,Cmbl        ,Cmbl        ,Un classified
540203,Sfl         ,Sfl         ,Un classified
800259,Sgb2016iiia ,Sgb2016iiia ,Un classified
539797,Rxxx11g     ,Rxxx11g     ,Un classified
540131,H1309s37rq  ,H1309s37rq  ,Un classified
540198,Osiajee     ,Osiajee     ,Un classified
949363,Ecli6h301   ,Ecli6h301   ,Un classified
540190,Murad       ,Murad       ,Un classified
500421,Tpi India   ,Tpi India   ,Un classified
972877,839ifci2024 ,839ifci2024 ,Un classified
950495,843pfc22a   ,843pfc22a   ,Un classified
950497,872pfc22a   ,872pfc22a   ,Un classified
955948,1100fcl19a  ,1100fcl19a  ,Un classified
950493,843pfc22    ,843pfc22    ,Un classified
936000,825mfl19    ,825mfl19    ,Un classified
540545,Bgjl        ,Bgjl        ,Un classified
935984,0sifl18a    ,0sifl18a    ,Un classified
619600,Ccl Products,Ccl Products,Un classified
954154,Ecle7f601a  ,Ecle7f601a  ,Un classified
540570,Sfivl       ,Sfivl       ,Un classified
936024,925kfl18    ,925kfl18    ,Un classified
519353,Bansisons Te,Bansisons Te,Un classified
936026,0kfl18d     ,0kfl18d     ,Un classified
540596,Eris        ,Eris        ,Un classified
952713,19sbpl21    ,19sbpl21    ,Un classified
953167,19sbpl21a   ,19sbpl21a   ,Un classified
540647,Gangessec   ,Gangessec   ,Un classified
540651,Jigar       ,Jigar       ,Un classified
540243,Newlight    ,Newlight    ,Un classified
540637,Heof1100rd  ,Heof1100rd  ,Un classified
540649,Avadhsugar  ,Avadhsugar  ,Un classified
536309,Ipru2140    ,Ipru2140    ,Un classified
540648,Palashsec   ,Palashsec   ,Un classified
540650,Magadhsugar ,Magadhsugar ,Un classified
912420,Icic-Mmp3-16,Icic-Mmp3-16,Un classified
540335,Axise2dpd   ,Axise2dpd   ,Un classified
540729,Vantabio    ,Vantabio    ,Un classified
954553,Efilg9g603c ,Efilg9g603c ,Un classified
540681,Amml        ,Amml        ,Un classified
540724,Diamondyd   ,Diamondyd   ,Un classified
538710,Seofidr     ,Seofidr     ,Un classified
540725,Sisl        ,Sisl        ,Un classified
540719,Sbilife     ,Sbilife     ,Un classified
540726,Ttfl        ,Ttfl        ,Un classified
936072,0kfl19c     ,0kfl19c     ,Un classified
540727,Pooja       ,Pooja       ,Un classified
540743,Godrejagro  ,Godrejagro  ,Un classified
538797,Sdafvdr     ,Sdafvdr     ,Un classified
750597,Indhotelr   ,Indhotelr   ,Un classified
955072,Ecli7j603c  ,Ecli7j603c  ,Un classified
951011,Efili7b402  ,Efili7b402  ,Un classified
540843,Rithwikfms  ,Rithwikfms  ,Un classified
956931,1050ubi27   ,1050ubi27   ,Un classified
540953,Kenvi       ,Kenvi       ,Un classified
890143,Kanprplapp  ,Kanprplapp  ,Un classified
540975,Asterdm     ,Asterdm     ,Un classified
540961,Shivamills  ,Shivamills  ,Un classified
540955,Tdsl        ,Tdsl        ,Un classified
540956,Bhatia      ,Bhatia      ,Un classified
541006,Angel       ,Angel       ,Un classified
540954,Iwp         ,Iwp         ,Un classified
912459,Pelccd      ,Pelccd      ,Un classified
961783,849hudco33  ,849hudco33  ,Un classified
540981,Ktkind4rg   ,Ktkind4rg   ,Un classified
951687,1560karvy20 ,1560karvy20 ,Un classified
540914,Srusteels   ,Srusteels   ,Un classified
540952,Lal         ,Lal         ,Un classified
512065,Mrugesh Trad,Mrugesh Trad,Un classified
954508,1210mflc    ,1210mflc    ,Un classified
715024,001psl35    ,001psl35    ,Un classified
949484,Eclh6j301   ,Eclh6j301   ,Un classified
540130,H1309s37rd  ,H1309s37rd  ,Un classified
935968,0kfl18a     ,0kfl18a     ,Un classified
540211,Sifl        ,Sifl        ,Un classified
540293,Pricolltd   ,Pricolltd   ,Un classified
935964,0mfl20a     ,0mfl20a     ,Un classified
950661,Efil040814b ,Efil040814b ,Un classified
955430,Iiflw6dec16 ,Iiflw6dec16 ,Un classified
953457,175vhl19    ,175vhl19    ,Un classified
935276,0kfl2020g   ,0kfl2020g   ,Un classified
540565,Indigrid    ,Indigrid    ,Un classified
954146,Ecle8e601f  ,Ecle8e601f  ,Un classified
540575,Starcement  ,Starcement  ,Un classified
953818,Eclc9f601d  ,Eclc9f601d  ,Un classified
540735,Iris        ,Iris        ,Un classified
540444,H1188m38rg  ,H1188m38rg  ,Un classified
540554,Sdafxxiigr  ,Sdafxxiigr  ,Un classified
936018,0mfl20      ,0mfl20      ,Un classified
952443,Eclf7j502a  ,Eclf7j502a  ,Un classified
952401,Eclf7j501a  ,Eclf7j501a  ,Un classified
952402,Eclf7j501b  ,Eclf7j501b  ,Un classified
972706,Ifci121211c ,Ifci121211c ,Un classified
955426,116bomper   ,116bomper   ,Un classified
955368,Iiflw241116 ,Iiflw241116 ,Un classified
538174,Rfhxxvi13g  ,Rfhxxvi13g  ,Un classified
538262,Rfhxxvi18g  ,Rfhxxvi18g  ,Un classified
540268,Dhanvarsha  ,Dhanvarsha  ,Un classified
951425,Efilk6l402  ,Efilk6l402  ,Un classified
539520,Shailja     ,Shailja     ,Un classified
935948,875mfl20a   ,875mfl20a   ,Un classified
935946,85mfl19     ,85mfl19     ,Un classified
538665,Axishb15gp  ,Axishb15gp  ,Un classified
538892,Ipru2586    ,Ipru2586    ,Un classified
530805,Anugraha Jew,Anugraha Jew,Un classified
540468,Kmsmedi     ,Kmsmedi     ,Un classified
539598,Oraclecr    ,Oraclecr    ,Un classified
540239,Sdafxviiigr ,Sdafxviiigr ,Un classified
540642,Salasar     ,Salasar     ,Un classified
936048,805mmfsl32  ,805mmfsl32  ,Un classified
540636,Heof1100rg  ,Heof1100rg  ,Un classified
936044,800mmfsl27  ,800mmfsl27  ,Un classified
952952,Eclf7j506a  ,Eclf7j506a  ,Un classified
540680,Kiocl       ,Kiocl       ,Un classified
540686,Smruthiorg  ,Smruthiorg  ,Un classified
954870,Eclh8i601a  ,Eclh8i601a  ,Un classified
540360,Llficl      ,Llficl      ,Un classified
540693,Shishind    ,Shishind    ,Un classified
936056,935sefl24   ,935sefl24   ,Un classified
540679,Smslife     ,Smslife     ,Un classified
540692,Apex        ,Apex        ,Un classified
540698,Nel         ,Nel         ,Un classified
540709,Relhome     ,Relhome     ,Un classified
936050,925sefl22   ,925sefl22   ,Un classified
953014,Efilj8d501a ,Efilj8d501a ,Un classified
540699,Dixon       ,Dixon       ,Un classified
540704,Matrimony   ,Matrimony   ,Un classified
936014,0mfl18e     ,0mfl18e     ,Un classified
531512,Orient Trade,Orient Trade,Un classified
540697,Amfl        ,Amfl        ,Un classified
540702,Lasa        ,Lasa        ,Un classified
540703,Provestser  ,Provestser  ,Un classified
633228,Bharatfin6  ,Bharatfin6  ,Un classified
540691,Abcapital   ,Abcapital   ,Un classified
936054,0sefl22     ,0sefl22     ,Un classified
936064,955sefl27   ,955sefl27   ,Un classified
540694,Ang         ,Ang         ,Un classified
540701,Dcal        ,Dcal        ,Un classified
540710,Capacite    ,Capacite    ,Un classified
953558,Efilb9b601a ,Efilb9b601a ,Un classified
539875,Rsdfin      ,Rsdfin      ,Un classified
540700,Brnl        ,Brnl        ,Un classified
935910,9rhfl27a    ,9rhfl27a    ,Un classified
935560,1125kfl20f  ,1125kfl20f  ,Un classified
936010,900mfl22a   ,900mfl22a   ,Un classified
936004,875mfl22    ,875mfl22    ,Un classified
953476,Rcl16feb16i ,Rcl16feb16i ,Un classified
538864,Sdafvigr    ,Sdafvigr    ,Un classified
953928,Eclg7d601a  ,Eclg7d601a  ,Un classified
935870,0ibhfl26a   ,0ibhfl26a   ,Un classified
951533,Efill7f502  ,Efill7f502  ,Un classified
540497,Schand      ,Schand      ,Un classified
952234,Efile8j501b ,Efile8j501b ,Un classified
950933,985stfc21b  ,985stfc21b  ,Un classified
972704,Ifci121211a ,Ifci121211a ,Un classified
949364,Ecli6h302   ,Ecli6h302   ,Un classified
972895,830ptcif21a ,830ptcif21a ,Un classified
539174,Helpage     ,Helpage     ,Un classified
540204,Nidl        ,Nidl        ,Un classified
955263,17temcpl22  ,17temcpl22  ,Un classified
540212,Tciexp      ,Tciexp      ,Un classified
700134,Vedlrps     ,Vedlrps     ,Un classified
955951,1055fcl19a  ,1055fcl19a  ,Un classified
951945,Efilc8h503b ,Efilc8h503b ,Un classified
540673,Sis         ,Sis         ,Un classified
538464,Tproject    ,Tproject    ,Un classified
540756,Kaaryafsl   ,Kaaryafsl   ,Un classified
800278,Sgbdec25    ,Sgbdec25    ,Un classified
935952,875mfl19a   ,875mfl19a   ,Un classified
952899,Efili7a501a ,Efili7a501a ,Un classified
947488,Barclays261 ,Barclays261 ,Un classified
935477,11mmfl21    ,11mmfl21    ,Un classified
539428,Tejnaksh    ,Tejnaksh    ,Un classified
935508,727pfc30    ,727pfc30    ,Un classified
950696,Efil190814b ,Efil190814b ,Un classified
935494,0mfl2016c   ,0mfl2016c   ,Un classified
935304,1275mfl20f  ,1275mfl20f  ,Un classified
539409,Neeraj      ,Neeraj      ,Un classified
950314,Eclh5e401   ,Eclh5e401   ,Un classified
715019,1646ilfs22d ,1646ilfs22d ,Un classified
539455,Dasl        ,Dasl        ,Un classified
715021,1646ilfs22f ,1646ilfs22f ,Un classified
538565,Shubhra     ,Shubhra     ,Un classified
935550,0kfl17a     ,0kfl17a     ,Un classified
539434,Briport     ,Briport     ,Un classified
935552,1050kfl17b  ,1050kfl17b  ,Un classified
935524,1050mfl17a  ,1050mfl17a  ,Un classified
949035,Eclh5c301   ,Eclh5c301   ,Un classified
935486,875mfl20    ,875mfl20    ,Un classified
951374,Efill5l401  ,Efill5l401  ,Un classified
948452,Karvyb28    ,Karvyb28    ,Un classified
950969,1250efpl16  ,1250efpl16  ,Un classified
539486,Geetanj     ,Geetanj     ,Un classified
539516,Hdfcnifetf  ,Hdfcnifetf  ,Un classified
951116,Karvyb39    ,Karvyb39    ,Un classified
960774,Icicg1 Feb02,Icicg1 Feb02,Un classified
539521,Navigant    ,Navigant    ,Un classified
539518,Udayjew     ,Udayjew     ,Un classified
948529,Rcl7sep12i  ,Rcl7sep12i  ,Un classified
951191,Karvyb40    ,Karvyb40    ,Un classified
715018,1646ilfs22c ,1646ilfs22c ,Un classified
935564,0kfl22h     ,0kfl22h     ,Un classified
539528,Aayush      ,Aayush      ,Un classified
539522,Grovy       ,Grovy       ,Un classified
935570,725irfc35   ,725irfc35   ,Un classified
935502,0mfl2022    ,0mfl2022    ,Un classified
951371,1365ufsl16  ,1365ufsl16  ,Un classified
539559,Ddil        ,Ddil        ,Un classified
912452,Icmmp2 Aug99,Icmmp2 Aug99,Un classified
535557,Rxxiii10dg  ,Rxxiii10dg  ,Un classified
536220,Idfcftpd29g ,Idfcftpd29g ,Un classified
536129,Rfxxiv06dg  ,Rfxxiv06dg  ,Un classified
538643,Rxxvii04dg  ,Rxxvii04dg  ,Un classified
538599,H1116j31dg  ,H1116j31dg  ,Un classified
538791,Rxxvii11dg  ,Rxxvii11dg  ,Un classified
539546,Bnl         ,Bnl         ,Un classified
949414,2545ecl2016 ,2545ecl2016 ,Un classified
539597,Jslhisar    ,Jslhisar    ,Un classified
539445,Axishb27gp  ,Axishb27gp  ,Un classified
935588,9mfl19      ,9mfl19      ,Un classified
950014,16rhpl2018  ,16rhpl2018  ,Un classified
951284,Efilj5j401  ,Efilj5j401  ,Un classified
935592,9mfl18      ,9mfl18      ,Un classified
948554,Eclj5j202   ,Eclj5j202   ,Un classified
538396,Axishy12gp  ,Axishy12gp  ,Un classified
972663,Ifci310111d ,Ifci310111d ,Un classified
539620,Ainfra      ,Ainfra      ,Un classified
951324,Eclk5k402   ,Eclk5k402   ,Un classified
972611,Ifci150910d ,Ifci150910d ,Un classified
539545,Apoorva     ,Apoorva     ,Un classified
948611,Eclj5k201   ,Eclj5k201   ,Un classified
539637,Bvl         ,Bvl         ,Un classified
539636,Precam      ,Precam      ,Un classified
521141,Aditya Spin.,Aditya Spin.,Un classified
536085,H1001a27rg  ,H1001a27rg  ,Un classified
949302,Ecli5f302   ,Ecli5f302   ,Un classified
935459,Zcsrei18    ,Zcsrei18    ,Un classified
539290,Bindalagro  ,Bindalagro  ,Un classified
633274,Prestige    ,Prestige    ,Un classified
961899,Hdfcw2      ,Hdfcw2      ,Un classified
531797,Scanprojects,Scanprojects,Un classified
950646,Rcl01aug14a ,Rcl01aug14a ,Un classified
948998,Rfl11sep12b ,Rfl11sep12b ,Un classified
949415,2235ecl2015 ,2235ecl2015 ,Un classified
539303,Mindafin    ,Mindafin    ,Un classified
935469,0mmfl17a    ,0mmfl17a    ,Un classified
949420,Rcl13aug13a ,Rcl13aug13a ,Un classified
539393,Kcl         ,Kcl         ,Un classified
539402,Val         ,Val         ,Un classified
539384,Krishnacap  ,Krishnacap  ,Un classified
539401,Pjl         ,Pjl         ,Un classified
948509,Rcl27jun12d ,Rcl27jun12d ,Un classified
948324,Karvyb21    ,Karvyb21    ,Un classified
539436,Coffeeday   ,Coffeeday   ,Un classified
537888,Hdcc14d100  ,Hdcc14d100  ,Un classified
935482,9mfl2017    ,9mfl2017    ,Un classified
950824,Eclh5i403   ,Eclh5i403   ,Un classified
961891,855iifcl34  ,855iifcl34  ,Un classified
539446,Krishfab    ,Krishfab    ,Un classified
948475,Eclg5g204   ,Eclg5g204   ,Un classified
539447,Beardsell   ,Beardsell   ,Un classified
539437,Idfcbank    ,Idfcbank    ,Un classified
524324,Seyaind     ,Seyaind     ,Un classified
952241,Ecli7h501c  ,Ecli7h501c  ,Un classified
935530,975mfl16a   ,975mfl16a   ,Un classified
948512,Rcl2aug12g  ,Rcl2aug12g  ,Un classified
948648,0gipl2015c  ,0gipl2015c  ,Un classified
539480,Licnfengp   ,Licnfengp   ,Un classified
935268,1225kfl17c  ,1225kfl17c  ,Un classified
950647,Rcl01aug14b ,Rcl01aug14b ,Un classified
539479,Gtv         ,Gtv         ,Un classified
535300,Drgess01rd  ,Drgess01rd  ,Un classified
538755,Bslfefs3rg  ,Bslfefs3rg  ,Un classified
539517,Sxetf       ,Sxetf       ,Un classified
952000,Rcl9apr15   ,Rcl9apr15   ,Un classified
935574,753irfc30   ,753irfc30   ,Un classified
935576,750irfc35   ,750irfc35   ,Un classified
935572,732irfc25   ,732irfc25   ,Un classified
539526,Sctl        ,Sctl        ,Un classified
935568,728irfc30   ,728irfc30   ,Un classified
539274,Blfl        ,Blfl        ,Un classified
538652,Hcltd       ,Hcltd       ,Un classified
539570,Ofstech     ,Ofstech     ,Un classified
935580,739nhai26   ,739nhai26   ,Un classified
935582,735nhai31   ,735nhai31   ,Un classified
935584,76nhai31    ,76nhai31    ,Un classified
539506,Adcon       ,Adcon       ,Un classified
935532,1050mfl17b  ,1050mfl17b  ,Un classified
935578,714nhai26   ,714nhai26   ,Un classified
949557,Rcl08oct13c ,Rcl08oct13c ,Un classified
949618,Rcl7nov13a  ,Rcl7nov13a  ,Un classified
526961,Trans Financ,Trans Financ,Un classified
539593,Shiva       ,Shiva       ,Un classified
935602,0mfl19aiii  ,0mfl19aiii  ,Un classified
951309,Karvyb42    ,Karvyb42    ,Un classified
538420,Rclendiiad  ,Rclendiiad  ,Un classified
949789,Ecll5b302   ,Ecll5b302   ,Un classified
935598,0mfl17ai    ,0mfl17ai    ,Un classified
535321,Bslrges1rd  ,Bslrges1rd  ,Un classified
935606,0mfl23av    ,0mfl23av    ,Un classified
935594,925mfl19    ,925mfl19    ,Un classified
972640,Recl3feb11  ,Recl3feb11  ,Un classified
949708,Eclk5a301   ,Eclk5a301   ,Un classified
539133,Ktkkigfg    ,Ktkkigfg    ,Un classified
951009,Efili6i402  ,Efili6i402  ,Un classified
539481,Pariksha    ,Pariksha    ,Un classified
539493,Adharshila  ,Adharshila  ,Un classified
948555,Eclj5l202   ,Eclj5l202   ,Un classified
948863,Ecld6b304   ,Ecld6b304   ,Un classified
948556,Eclj5c201   ,Eclj5c201   ,Un classified
539407,Welplace    ,Welplace    ,Un classified
948600,Eclj5l203   ,Eclj5l203   ,Un classified
539273,Pecos       ,Pecos       ,Un classified
539267,Pcprod      ,Pcprod      ,Un classified
935413,0mmfl20g    ,0mmfl20g    ,Un classified
935433,0mfl2020j   ,0mfl2020j   ,Un classified
948568,Barclays278 ,Barclays278 ,Un classified
539268,Syngene     ,Syngene     ,Un classified
935439,102sefl18b  ,102sefl18b  ,Un classified
539336,Gujgas      ,Gujgas      ,Un classified
948303,Ecle5f206   ,Ecle5f206   ,Un classified
539352,Pbfl        ,Pbfl        ,Un classified
949572,Ecli5i302   ,Ecli5i302   ,Un classified
950829,Eclh5i401   ,Eclh5i401   ,Un classified
948325,Karvyb22    ,Karvyb22    ,Un classified
935546,715rec35    ,715rec35    ,Un classified
949761,Eclc7l302   ,Eclc7l302   ,Un classified
539330,Utirgrda21  ,Utirgrda21  ,Un classified
935548,743rec35    ,743rec35    ,Un classified
935520,1050mfl18   ,1050mfl18   ,Un classified
951150,125efpl2016 ,125efpl2016 ,Un classified
935540,714rec25    ,714rec25    ,Un classified
935544,734rec30    ,734rec30    ,Un classified
952652,1175irel17b ,1175irel17b ,Un classified
935516,950mfl16    ,950mfl16    ,Un classified
539448,Indigo      ,Indigo      ,Un classified
935488,925mfl17    ,925mfl17    ,Un classified
935518,1025mfl17a  ,1025mfl17a  ,Un classified
951805,Efilb8g503  ,Efilb8g503  ,Un classified
961697,Idfcbkbd1d  ,Idfcbkbd1d  ,Un classified
539304,Kartavya    ,Kartavya    ,Un classified
935447,0sefl2018f  ,0sefl2018f  ,Un classified
961900,711ntpc25a  ,711ntpc25a  ,Un classified
948467,Eclj5h202   ,Eclj5h202   ,Un classified
949955,Rcl05mar14b ,Rcl05mar14b ,Un classified
935498,0mfl2018    ,0mfl2018    ,Un classified
539450,Shk         ,Shk         ,Un classified
539527,Creative    ,Creative    ,Un classified
539551,Nh          ,Nh          ,Un classified
539658,Teamlease   ,Teamlease   ,Un classified
949710,2715ecl2016 ,2715ecl2016 ,Un classified
539659,Vidli       ,Vidli       ,Un classified
935626,1025mmfl19c ,1025mmfl19c ,Un classified
935632,1050mmfl22f ,1050mmfl22f ,Un classified
539435,Rfsl        ,Rfsl        ,Un classified
948947,Eclb6e301   ,Eclb6e301   ,Un classified
935644,975kfl17    ,975kfl17    ,Un classified
935646,0kfl17      ,0kfl17      ,Un classified
539682,Sesl        ,Sesl        ,Un classified
935445,102sefl18e  ,102sefl18e  ,Un classified
538015,Bslfefs2rg  ,Bslfefs2rg  ,Un classified
539475,Sdfsb27gr   ,Sdfsb27gr   ,Un classified
948609,Eclj5a201   ,Eclj5a201   ,Un classified
514318,Jattaindus  ,Jattaindus  ,Un classified
710053,Rishiocps   ,Rishiocps   ,Un classified
935411,12mmfl20f   ,12mmfl20f   ,Un classified
948665,Rcl20dec12  ,Rcl20dec12  ,Un classified
535312,Hrgessdg1   ,Hrgessdg1   ,Un classified
951499,Efill5l403  ,Efill5l403  ,Un classified
948614,Eclk5k202   ,Eclk5k202   ,Un classified
539692,Ifinser     ,Ifinser     ,Un classified
935614,743ireda36  ,743ireda36  ,Un classified
948612,Eclk5a201   ,Eclk5a201   ,Un classified
935558,0kfl19e     ,0kfl19e     ,Un classified
935638,739hudco31  ,739hudco31  ,Un classified
949807,Karvyb36    ,Karvyb36    ,Un classified
952798,12sobha18   ,12sobha18   ,Un classified
960580,Icimm4 Aug20,Icimm4 Aug20,Un classified
935634,0mmfl22g    ,0mmfl22g    ,Un classified
539681,Dal         ,Dal         ,Un classified
539724,Hypersoft   ,Hypersoft   ,Un classified
533807,Smfcp45d    ,Smfcp45d    ,Un classified
952333,Efilb7f502a ,Efilb7f502a ,Un classified
972870,670irfc2020 ,670irfc2020 ,Un classified
935666,769nhai31   ,769nhai31   ,Un classified
524790,Everest Org.,Everest Org.,Un classified
539725,Gokulagro   ,Gokulagro   ,Un classified
952749,Efild7i501a ,Efild7i501a ,Un classified
935662,729nhai26   ,729nhai26   ,Un classified
539289,Mjco        ,Mjco        ,Un classified
539287,Ortinlaabs  ,Ortinlaabs  ,Un classified
539309,Ramasteel   ,Ramasteel   ,Un classified
948172,Ecle5e205   ,Ecle5e205   ,Un classified
539310,Oyeeee      ,Oyeeee      ,Un classified
935471,1125mmfl18  ,1125mmfl18  ,Un classified
539312,Utisensetf  ,Utisensetf  ,Un classified
539313,Utiniftetf  ,Utiniftetf  ,Un classified
517238,Dynavision  ,Dynavision  ,Un classified
538382,West Leires ,West Leires ,Un classified
532011,Pooja Ent   ,Pooja Ent   ,Un classified
539314,Uniauto     ,Uniauto     ,Un classified
949609,2325ecl2015 ,2325ecl2015 ,Un classified
539378,Sml         ,Sml         ,Un classified
961906,736ntpc25d  ,736ntpc25d  ,Un classified
961908,753ntpc30e  ,753ntpc30e  ,Un classified
961910,762ntpc35f  ,762ntpc35f  ,Un classified
539300,Akspintex   ,Akspintex   ,Un classified
948765,Rcl12oct12g ,Rcl12oct12g ,Un classified
961904,737ntpc35c  ,737ntpc35c  ,Un classified
539142,Niftyees    ,Niftyees    ,Un classified
935034,115mfl19    ,115mfl19    ,Un classified
539052,Bslfefs5rg  ,Bslfefs5rg  ,Un classified
951066,Idbi17oct14 ,Idbi17oct14 ,Un classified
539383,Minfy       ,Minfy       ,Un classified
935451,1025sefl20h ,1025sefl20h ,Un classified
539542,Luxind      ,Luxind      ,Un classified
952793,728nhai30   ,728nhai30   ,Un classified
948766,Rcl05oct12h ,Rcl05oct12h ,Un classified
935616,753ireda26  ,753ireda26  ,Un classified
935620,768ireda36  ,768ireda36  ,Un classified
935618,774ireda31  ,774ireda31  ,Un classified
539595,Nateco      ,Nateco      ,Un classified
950589,Eclg7j401   ,Eclg7j401   ,Un classified
949902,Eclk5d401   ,Eclk5d401   ,Un classified
949792,Ecll5b301   ,Ecll5b301   ,Un classified
949915,Eclk5c301   ,Eclk5c301   ,Un classified
961700,Idfcbkbd1f  ,Idfcbkbd1f  ,Un classified
539662,Bfldev      ,Bfldev      ,Un classified
539680,Gangapharm  ,Gangapharm  ,Un classified
961699,Idfcbkbd1e  ,Idfcbkbd1e  ,Un classified
948617,Eclk5l201   ,Eclk5l201   ,Un classified
948616,Eclk5k203   ,Eclk5k203   ,Un classified
949970,Eclb6b402   ,Eclb6b402   ,Un classified
948615,Eclk5l202   ,Eclk5l202   ,Un classified
951532,Efill5l404  ,Efill5l404  ,Un classified
538539,Jtaparia    ,Jtaparia    ,Un classified
539742,Simbhals    ,Simbhals    ,Un classified
951558,Ecll5a502   ,Ecll5a502   ,Un classified
935612,749ireda31  ,749ireda31  ,Un classified
935038,0mfl2019    ,0mfl2019    ,Un classified
935672,729hudco26  ,729hudco26  ,Un classified
935670,739hudco31a ,739hudco31a ,Un classified
935674,769hudco31  ,769hudco31  ,Un classified
961847,875kpl34    ,875kpl34    ,Un classified
950002,Ecll5d401   ,Ecll5d401   ,Un classified
961831,816ireda24  ,816ireda24  ,Un classified
539705,H1161f35rg  ,H1161f35rg  ,Un classified
935650,11kfl19     ,11kfl19     ,Un classified
539760,Relicab     ,Relicab     ,Un classified
538777,Asiacap     ,Asiacap     ,Un classified
539731,H1132f35dg  ,H1132f35dg  ,Un classified
512291,Speedade Com,Speedade Com,Un classified
538310,Ipru2366    ,Ipru2366    ,Un classified
538778,Akashdeep   ,Akashdeep   ,Un classified
935425,975mfl20f   ,975mfl20f   ,Un classified
539359,Shivkrupa   ,Shivkrupa   ,Un classified
935682,764irfc31   ,764irfc31   ,Un classified
539761,Vkal        ,Vkal        ,Un classified
539730,Fredun      ,Fredun      ,Un classified
935680,729irfc26   ,729irfc26   ,Un classified
935678,735irfc31   ,735irfc31   ,Un classified
539785,Pdmjepaper  ,Pdmjepaper  ,Un classified
539788,Kdml        ,Kdml        ,Un classified
538876,Stserv      ,Stserv      ,Un classified
539789,H1114m35dg  ,H1114m35dg  ,Un classified
948575,Cifcl250912 ,Cifcl250912 ,Un classified
539596,Delta       ,Delta       ,Un classified
539787,Hcg         ,Hcg         ,Un classified
539600,Chamak      ,Chamak      ,Un classified
935712,0mfl23a5    ,0mfl23a5    ,Un classified
951260,Eclj6j401   ,Eclj6j401   ,Un classified
935500,0mfl2020f   ,0mfl2020f   ,Un classified
935828,0dhfl19d    ,0dhfl19d    ,Un classified
535187,Ipru2015    ,Ipru2015    ,Un classified
935794,883dhfl19b  ,883dhfl19b  ,Un classified
935802,893dhfl26b  ,893dhfl26b  ,Un classified
935814,930dhfl26b  ,930dhfl26b  ,Un classified
539767,Mnil        ,Mnil        ,Un classified
935806,920dhfl19b  ,920dhfl19b  ,Un classified
935810,925dhfl21b  ,925dhfl21b  ,Un classified
935820,0dhfl21b    ,0dhfl21b    ,Un classified
935824,0dhfl26b    ,0dhfl26b    ,Un classified
539661,Acemen      ,Acemen      ,Un classified
935818,0dhfl19b    ,0dhfl19b    ,Un classified
947749,Rfl22dec11  ,Rfl22dec11  ,Un classified
935812,910dhfl26a  ,910dhfl26a  ,Un classified
539980,Midcapiwin  ,Midcapiwin  ,Un classified
750580,Sintexlr    ,Sintexlr    ,Un classified
935816,0dhfl19a    ,0dhfl19a    ,Un classified
949094,Eclc6i301   ,Eclc6i301   ,Un classified
538485,Axishb13gp  ,Axishb13gp  ,Un classified
540108,Rcsl        ,Rcsl        ,Un classified
539433,Indoglobal  ,Indoglobal  ,Un classified
540115,Ltts        ,Ltts        ,Un classified
540124,Gna         ,Gna         ,Un classified
952004,Ecld6d501b  ,Ecld6d501b  ,Un classified
952840,Efilh8b501b ,Efilh8b501b ,Un classified
526095,Ravileela Gr,Ravileela Gr,Un classified
935860,9ibhfl26b   ,9ibhfl26b   ,Un classified
540132,Sabrimala   ,Sabrimala   ,Un classified
935856,865ibhfl26  ,865ibhfl26  ,Un classified
935846,87ibhfl19c  ,87ibhfl19c  ,Un classified
935852,89ibhfl21b  ,89ibhfl21b  ,Un classified
935868,915ibhfl26b ,915ibhfl26b ,Un classified
539910,Kocl        ,Kocl        ,Un classified
949326,Eclf6i301   ,Eclf6i301   ,Un classified
540136,Hpl         ,Hpl         ,Un classified
540147,Shashijit   ,Shashijit   ,Un classified
540144,Dra         ,Dra         ,Un classified
506166,Apis        ,Apis        ,Un classified
935862,0ibhfl26    ,0ibhfl26    ,Un classified
540153,Endurance   ,Endurance   ,Un classified
935898,10sifl21    ,10sifl21    ,Un classified
533708,Smfcp35g    ,Smfcp35g    ,Un classified
935880,0kfl19b     ,0kfl19b     ,Un classified
540143,Sagarsoft   ,Sagarsoft   ,Un classified
949198,Ecld6i301   ,Ecld6i301   ,Un classified
935874,975kfl18a   ,975kfl18a   ,Un classified
540148,Bindalexpo  ,Bindalexpo  ,Un classified
539983,Sidh        ,Sidh        ,Un classified
540151,Diksat      ,Diksat      ,Un classified
540152,Igrl        ,Igrl        ,Un classified
935896,960sifl21   ,960sifl21   ,Un classified
540145,Valiantorg  ,Valiantorg  ,Un classified
935864,879ibhfl26a ,879ibhfl26a ,Un classified
954047,13pll19     ,13pll19     ,Un classified
539594,Mishtann    ,Mishtann    ,Un classified
540154,Idfsensexe  ,Idfsensexe  ,Un classified
540146,Acml        ,Acml        ,Un classified
540150,Mhel        ,Mhel        ,Un classified
538658,Sdafivgr    ,Sdafivgr    ,Un classified
800258,Sgb2016iia  ,Sgb2016iia  ,Un classified
540001,Ipru2826    ,Ipru2826    ,Un classified
507808,United Lea(N,United Lea(N,Un classified
935736,853mmfsl23  ,853mmfsl23  ,Un classified
539922,Rgil        ,Rgil        ,Un classified
935750,88mmfsl26   ,88mmfsl26   ,Un classified
949969,Ecle6e401   ,Ecle6e401   ,Un classified
536812,Ipru2195    ,Ipru2195    ,Un classified
540062,Goldencrest ,Goldencrest ,Un classified
540063,Ecs         ,Ecs         ,Un classified
935696,825mfl21    ,825mfl21    ,Un classified
540065,Rblbank     ,Rblbank     ,Un classified
540026,Lahl        ,Lahl        ,Un classified
935822,0dhfl26a    ,0dhfl26a    ,Un classified
800254,Sgbaug24    ,Sgbaug24    ,Un classified
951885,Eclh6c501   ,Eclh6c501   ,Un classified
540061,Bigbloc     ,Bigbloc     ,Un classified
953451,Ecla9b603b  ,Ecla9b603b  ,Un classified
951969,Eclc7c502a  ,Eclc7c502a  ,Un classified
539584,Siptl       ,Siptl       ,Un classified
935684,704nabard26 ,704nabard26 ,Un classified
949864,Eclb7a301   ,Eclb7a301   ,Un classified
539552,Fmec        ,Fmec        ,Un classified
935756,Mmfsl23     ,Mmfsl23     ,Un classified
949245,3975ecl2016 ,3975ecl2016 ,Un classified
540025,Advenzymes  ,Advenzymes  ,Un classified
540027,Ptil        ,Ptil        ,Un classified
935652,0kfl19      ,0kfl19      ,Un classified
935770,0kfl19a     ,0kfl19a     ,Un classified
540023,Mient       ,Mient       ,Un classified
949251,3975ecl16a  ,3975ecl16a  ,Un classified
949252,3975ecl16b  ,3975ecl16b  ,Un classified
949082,Ecle6c301   ,Ecle6c301   ,Un classified
949062,Eclc6h301   ,Eclc6h301   ,Un classified
540078,Mitsu       ,Mitsu       ,Un classified
600251,Trentsl     ,Trentsl     ,Un classified
540071,Camsonseeds ,Camsonseeds ,Un classified
540066,Saimoh      ,Saimoh      ,Un classified
540081,Govnow      ,Govnow      ,Un classified
540083,Tvvision    ,Tvvision    ,Un classified
540084,Spicy       ,Spicy       ,Un classified
935872,0kfl17d     ,0kfl17d     ,Un classified
539673,Rcl         ,Rcl         ,Un classified
935878,1075kfl19   ,1075kfl19   ,Un classified
952104,Efild8i502d ,Efild8i502d ,Un classified
538906,H1115d32rg  ,H1115d32rg  ,Un classified
953019,1925vipl21a ,1925vipl21a ,Un classified
949278,Rcl13jun13b ,Rcl13jun13b ,Un classified
935702,850mfl21    ,850mfl21    ,Un classified
953542,1925vl21    ,1925vl21    ,Un classified
952859,1925vipu21a ,1925vipu21a ,Un classified
952788,1925vipul21 ,1925vipul21 ,Un classified
954786,1109idbi99  ,1109idbi99  ,Un classified
952112,Eclg6f501a  ,Eclg6f501a  ,Un classified
540125,Radhikajwe  ,Radhikajwe  ,Un classified
540097,Visco       ,Visco       ,Un classified
952237,Efile8k501a ,Efile8k501a ,Un classified
540133,Icicipruli  ,Icicipruli  ,Un classified
935778,95ehfl19    ,95ehfl19    ,Un classified
539984,Huil        ,Huil        ,Un classified
935784,0ehfl21     ,0ehfl21     ,Un classified
949865,Eclc7a401   ,Eclc7a401   ,Un classified
935780,0ehfl19     ,0ehfl19     ,Un classified
540047,Dbl         ,Dbl         ,Un classified
540048,Spal        ,Spal        ,Un classified
537958,Licnfr2gp   ,Licnfr2gp   ,Un classified
539927,Likhami     ,Likhami     ,Un classified
540072,Shivaexpo   ,Shivaexpo   ,Un classified
949238,Rcl29may13c ,Rcl29may13c ,Un classified
949060,Eclc6h302   ,Eclc6h302   ,Un classified
539487,Licnetfsen  ,Licnetfsen  ,Un classified
540073,Bls         ,Bls         ,Un classified
950110,Eclf6f401   ,Eclf6f401   ,Un classified
540082,Rstl        ,Rstl        ,Un classified
935660,704nhai26   ,704nhai26   ,Un classified
519303,Rajani Extr.,Rajani Extr.,Un classified
530741,Ovobel Foods,Ovobel Foods,Un classified
540080,Narayani    ,Narayani    ,Un classified
539962,Qfsl        ,Qfsl        ,Un classified
935766,0kfl18      ,0kfl18      ,Un classified
540079,Sprayking   ,Sprayking   ,Un classified
935832,910dhfl19b  ,910dhfl19b  ,Un classified
935840,925dhfl23b  ,925dhfl23b  ,Un classified
953208,Efili7l504c ,Efili7l504c ,Un classified
935836,915dhfl21b  ,915dhfl21b  ,Un classified
639844,Equitas     ,Equitas     ,Un classified
539943,Rxxx1sr2d   ,Rxxx1sr2d   ,Un classified
935798,888dhfl21b  ,888dhfl21b  ,Un classified
949059,Eclf6c302   ,Eclf6c302   ,Un classified
800252,Sgb2016i    ,Sgb2016i    ,Un classified
540064,Fretail     ,Fretail     ,Un classified
800253,Sgb2016ii   ,Sgb2016ii   ,Un classified
540135,Arcfin      ,Arcfin      ,Un classified
540159,Purple      ,Purple      ,Un classified
935890,935sifl19   ,935sifl19   ,Un classified
540163,Rxxx1sr15g  ,Rxxx1sr15g  ,Un classified
935876,0kfl18e     ,0kfl18e     ,Un classified
935776,0kfl22a     ,0kfl22a     ,Un classified
935894,0sifl19     ,0sifl19     ,Un classified
950818,Efilg6h401  ,Efilg6h401  ,Un classified
540134,Iisl        ,Iisl        ,Un classified
540173,Pnbhousing  ,Pnbhousing  ,Un classified
540174,Southernin  ,Southernin  ,Un classified
935888,0sifl17     ,0sifl17     ,Un classified
538742,Rubytel     ,Rubytel     ,Un classified
710055,Uplocps     ,Uplocps     ,Un classified
952828,Ecll6i501b  ,Ecll6i501b  ,Un classified
540181,Salem       ,Salem       ,Un classified
540093,Ipru2852    ,Ipru2852    ,Un classified
540189,Uprotech    ,Uprotech    ,Un classified
961717,Pfcbt1s3    ,Pfcbt1s3    ,Un classified
961718,Pfcbt1s4    ,Pfcbt1s4    ,Un classified
540168,Suprap      ,Suprap      ,Un classified
947547,Bil21oct11d ,Bil21oct11d ,Un classified
935900,0sifl21     ,0sifl21     ,Un classified
540008,Bslsenetfg  ,Bslsenetfg  ,Un classified
935892,975sifl19   ,975sifl19   ,Un classified
972887,825ptcif21a ,825ptcif21a ,Un classified
952680,715irfc25   ,715irfc25   ,Un classified
710056,Uplccps     ,Uplccps     ,Un classified
540222,Lauruslabs  ,Lauruslabs  ,Un classified
540221,Shashank    ,Shashank    ,Un classified
949619,Rcl7nov13b  ,Rcl7nov13b  ,Un classified
952893,Efili8c503b ,Efili8c503b ,Un classified
539449,Igc         ,Igc         ,Un classified
949389,Eclj6i301   ,Eclj6i301   ,Un classified
540201,Axishb35dp  ,Axishb35dp  ,Un classified
540175,Regency     ,Regency     ,Un classified
935884,11kfl23     ,11kfl23     ,Un classified
954298,1925sbpl22  ,1925sbpl22  ,Un classified
955447,Iiflw9dec16 ,Iiflw9dec16 ,Un classified
972881,825ptcif21  ,825ptcif21  ,Un classified
935848,0ibhfl2019  ,0ibhfl2019  ,Un classified
540252,Vol         ,Vol         ,Un classified
949418,Eclg6i302   ,Eclg6i302   ,Un classified
953715,Ecl22mar16i ,Ecl22mar16i ,Un classified
935630,0mmfl20e    ,0mmfl20e    ,Un classified
540253,Sntcl       ,Sntcl       ,Un classified
540129,H1309s37rg  ,H1309s37rg  ,Un classified
935882,0kfl20b     ,0kfl20b     ,Un classified
953479,Eclj7b601 A ,Eclj7b601 A ,Un classified
935924,912sefl20b  ,912sefl20b  ,Un classified
539219,Mul         ,Mul         ,Un classified
540267,Floracorp   ,Floracorp   ,Un classified
953046,Efilk8d502b ,Efilk8d502b ,Un classified
949685,Rcl04dec13b ,Rcl04dec13b ,Un classified
935934,911sefl22a  ,911sefl22a  ,Un classified
961741,915srei17a  ,915srei17a  ,Un classified
935800,874dhfl26a  ,874dhfl26a  ,Un classified
948934,13pll2018b  ,13pll2018b  ,Un classified
949663,4275ecl2017 ,4275ecl2017 ,Un classified
513291,Prem Pipes  ,Prem Pipes  ,Un classified
935992,0sifl20     ,0sifl20     ,Un classified
540202,Axishb35gp  ,Axishb35gp  ,Un classified
935036,12mfl19     ,12mfl19     ,Un classified
949637,Ecl6nov13g  ,Ecl6nov13g  ,Un classified
538763,Ipru2530    ,Ipru2530    ,Un classified
539945,Nv20iwin    ,Nv20iwin    ,Un classified
950038,1250rel20c  ,1250rel20c  ,Un classified
540137,H1302s37dg  ,H1302s37dg  ,Un classified
935920,0sefl18b    ,0sefl18b    ,Un classified
972885,893ptcif22a ,893ptcif22a ,Un classified
935970,950kfl18    ,950kfl18    ,Un classified
512064,Vishvaprabha,Vishvaprabha,Un classified
540402,Manas       ,Manas       ,Un classified
539835,Superior    ,Superior    ,Un classified
953204,125pll18a   ,125pll18a   ,Un classified
972488,Nabard10708 ,Nabard10708 ,Un classified
540089,Sdafxviigr  ,Sdafxviigr  ,Un classified
953443,Rhfl31jan19 ,Rhfl31jan19 ,Un classified
972722,Ifci310312d ,Ifci310312d ,Un classified
935998,0sifl22     ,0sifl22     ,Un classified
935958,0mfl18b     ,0mfl18b     ,Un classified
972891,830ptcif21  ,830ptcif21  ,Un classified
972720,Ifci310312b ,Ifci310312b ,Un classified
954714,3175iwfl19  ,3175iwfl19  ,Un classified
972889,915ptcif27  ,915ptcif27  ,Un classified
935596,875mfl21    ,875mfl21    ,Un classified
935966,0mfl25      ,0mfl25      ,Un classified
949967,Eclb7d401   ,Eclb7d401   ,Un classified
935838,905dhfl23a  ,905dhfl23a  ,Un classified
539495,Rajkotinv   ,Rajkotinv   ,Un classified
936002,850mfl20    ,850mfl20    ,Un classified
700133,3dplm       ,3dplm       ,Un classified
935974,10kfl20     ,10kfl20     ,Un classified
540469,Ipru2933    ,Ipru2933    ,Un classified
935972,0kfl18b     ,0kfl18b     ,Un classified
540492,Pgl         ,Pgl         ,Un classified
955034,Ecle8i601a  ,Ecle8i601a  ,Un classified
935960,0mfl18c     ,0mfl18c     ,Un classified
936008,875mfl20b   ,875mfl20b   ,Un classified
949889,Ecla7c301   ,Ecla7c301   ,Un classified
936006,850mfl19a   ,850mfl19a   ,Un classified
540515,Kanungo     ,Kanungo     ,Un classified
540519,Meera       ,Meera       ,Un classified
950583,885pfc21    ,885pfc21    ,Un classified
952892,Efili8c503a ,Efili8c503a ,Un classified
539574,Scl         ,Scl         ,Un classified
538728,Ipru2511    ,Ipru2511    ,Un classified
632843,Fortis      ,Fortis      ,Un classified
936012,0mfl18d     ,0mfl18d     ,Un classified
538501,Ipru2401    ,Ipru2401    ,Un classified
950498,872pfc22    ,872pfc22    ,Un classified
800267,795goi2026  ,795goi2026  ,Un classified
935980,1025kfl22   ,1025kfl22   ,Un classified
935726,11sfl20a    ,11sfl20a    ,Un classified
540544,Pspproject  ,Pspproject  ,Un classified
540550,Yug         ,Yug         ,Un classified
540538,Ipru2955    ,Ipru2955    ,Un classified
953031,Eclg7k501a  ,Eclg7k501a  ,Un classified
952163,Efild7h501a ,Efild7h501a ,Un classified
950335,0gipl2017c  ,0gipl2017c  ,Un classified
953174,1683esafm21 ,1683esafm21 ,Un classified
540481,Clfl        ,Clfl        ,Un classified
536917,Ipru2208    ,Ipru2208    ,Un classified
800268,Sgbmay25    ,Sgbmay25    ,Un classified
936028,10kfl20a    ,10kfl20a    ,Un classified
935654,0kfl20      ,0kfl20      ,Un classified
538037,H3360d30rg  ,H3360d30rg  ,Un classified
639889,Paragmilk   ,Paragmilk   ,Un classified
949968,Eclb7e402   ,Eclb7e402   ,Un classified
539621,Bclenterpr  ,Bclenterpr  ,Un classified
715016,1646ilfs22a ,1646ilfs22a ,Un classified
519477,Cianagro    ,Cianagro    ,Un classified
513496,Mewat Zinc  ,Mewat Zinc  ,Un classified
954042,1206pll18   ,1206pll18   ,Un classified
955457,95yblper    ,95yblper    ,Un classified
935986,850sifl18   ,850sifl18   ,Un classified
512020,Sarasw.Comm.,Sarasw.Comm.,Un classified
540602,Gtpl        ,Gtpl        ,Un classified
539341,Axishb26gp  ,Axishb26gp  ,Un classified
540613,Gel         ,Gel         ,Un classified
539947,Jll         ,Jll         ,Un classified
935395,115sfl19f   ,115sfl19f   ,Un classified
540611,Aubank      ,Aubank      ,Un classified
935976,0kfl20c     ,0kfl20c     ,Un classified
540024,Ashari      ,Ashari      ,Un classified
540594,Heof1126rd  ,Heof1126rd  ,Un classified
540614,Ggeng       ,Ggeng       ,Un classified
540615,7nr         ,7nr         ,Un classified
956004,12uboiper   ,12uboiper   ,Un classified
540621,Bhagyaprop  ,Bhagyaprop  ,Un classified
540616,Artemis     ,Artemis     ,Un classified
540385,Viatl       ,Viatl       ,Un classified
540597,Container   ,Container   ,Un classified
539892,H1111adarg  ,H1111adarg  ,Un classified
540652,Ctcl        ,Ctcl        ,Un classified
936040,785mmfsl24  ,785mmfsl24  ,Un classified
540654,Gstl        ,Gstl        ,Un classified
540375,Idftp129dq  ,Idftp129dq  ,Un classified
952738,Efild7l501a ,Efild7l501a ,Un classified
538419,Rclediiadg  ,Rclediiadg  ,Un classified
540678,Cochinship  ,Cochinship  ,Un classified
936052,930sefl22   ,930sefl22   ,Un classified
935962,0mfl19c     ,0mfl19c     ,Un classified
936062,950sefl27   ,950sefl27   ,Un classified
715005,Ilfs1606pfb ,Ilfs1606pfb ,Un classified
954187,Eclg6f601a  ,Eclg6f601a  ,Un classified
540695,Dwl         ,Dwl         ,Un classified
540716,Icicigi     ,Icicigi     ,Un classified
954435,Earcb1g601d ,Earcb1g601d ,Un classified
539090,Rajputana   ,Rajputana   ,Un classified
540717,Pqif        ,Pqif        ,Un classified
936034,10kfl22     ,10kfl22     ,Un classified
956594,0acpl27     ,0acpl27     ,Un classified
540336,Axise2gpg   ,Axise2gpg   ,Un classified
540718,Akm         ,Akm         ,Un classified
540266,Glcl        ,Glcl        ,Un classified
540655,Dafxxiiigr  ,Dafxxiiigr  ,Un classified
936068,0kfl18f     ,0kfl18f     ,Un classified
950425,Eclf7i402   ,Eclf7i402   ,Un classified
539147,Axishb22gp  ,Axishb22gp  ,Un classified
570005,Scapdvr     ,Scapdvr     ,Un classified
936036,0kfl24a     ,0kfl24a     ,Un classified
540736,Siddh       ,Siddh       ,Un classified
540737,Sgrl        ,Sgrl        ,Un classified
633288,Claris Life ,Claris Life ,Un classified
540612,Lowvoliwin  ,Lowvoliwin  ,Un classified
538663,Axishb15dg  ,Axishb15dg  ,Un classified
540738,Stl         ,Stl         ,Un classified
956768,815sbiper   ,815sbiper   ,Un classified
540744,Mescon      ,Mescon      ,Un classified
540749,Masfin      ,Masfin      ,Un classified
514223,Ramgopal Pol,Ramgopal Pol,Un classified
955124,Jmfp21oct16 ,Jmfp21oct16 ,Un classified
951680,1125ecl2025 ,1125ecl2025 ,Un classified
953372,Ecla9a603b  ,Ecla9a603b  ,Un classified
953634,Rhfl29fe16b ,Rhfl29fe16b ,Un classified
951370,Eclk7d401   ,Eclk7d401   ,Un classified
955464,Rfl21dec16a ,Rfl21dec16a ,Un classified
936076,0kfl20e     ,0kfl20e     ,Un classified
539938,Iclf        ,Iclf        ,Un classified
800279,Sgbdec25a   ,Sgbdec25a   ,Un classified
501270,Chanakya Inv,Chanakya Inv,Un classified
953921,Ecld8d601b  ,Ecld8d601b  ,Un classified
960659,Iccgb2 Jun01,Iccgb2 Jun01,Un classified
800273,Sgboct25b   ,Sgboct25b   ,Un classified
540827,Rcbfivbcg   ,Rcbfivbcg   ,Un classified
540850,Jfl         ,Jfl         ,Un classified
954018,125jfsl19   ,125jfsl19   ,Un classified
540826,Rcbfivcg    ,Rcbfivcg    ,Un classified
540861,Ipru3018    ,Ipru3018    ,Un classified
540821,Sadhna      ,Sadhna      ,Un classified
540938,Gujhyspin   ,Gujhyspin   ,Un classified
953043,Eclk7b502a  ,Eclk7b502a  ,Un classified
540903,Crprisk     ,Crprisk     ,Un classified
540935,Galaxysurf  ,Galaxysurf  ,Un classified
936030,0kfl20d     ,0kfl20d     ,Un classified
539912,Ktkcpros4g  ,Ktkcpros4g  ,Un classified
540937,Medico      ,Medico      ,Un classified
540923,Aml         ,Aml         ,Un classified
540936,Ggl         ,Ggl         ,Un classified
957380,985dcb28    ,985dcb28    ,Un classified
540901,Praxis      ,Praxis      ,Un classified
539739,Ktkcpros3g  ,Ktkcpros3g  ,Un classified
540945,Fsspl       ,Fsspl       ,Un classified
957249,11ubiper    ,11ubiper    ,Un classified
540822,Santoshind  ,Santoshind  ,Un classified
951157,Efplj7d401  ,Efplj7d401  ,Un classified
800275,Sgbnov25a   ,Sgbnov25a   ,Un classified
639658,Teamlease   ,Teamlease   ,Un classified
539344,Hda1100arg  ,Hda1100arg  ,Un classified
936060,0sefl24     ,0sefl24     ,Un classified
936080,10kfl22a    ,10kfl22a    ,Un classified
951159,Efplj7d402  ,Efplj7d402  ,Un classified
953663,Efplk7c604  ,Efplk7c604  ,Un classified
509423,Sel         ,Sel         ,Un classified
500016,Aruna Hotel ,Aruna Hotel ,Un classified
541179,Isec        ,Isec        ,Un classified
541256,Ipru3081    ,Ipru3081    ,Un classified
541338,Uhzaveri    ,Uhzaveri    ,Un classified
541444,Palmjewels  ,Palmjewels  ,Un classified
541450,Adanigreen  ,Adanigreen  ,Un classified
936226,934jmfcs28  ,934jmfcs28  ,Un classified
540761,Rcbfivag    ,Rcbfivag    ,Un classified
541206,Obcl        ,Obcl        ,Un classified
541228,Trl         ,Trl         ,Un classified
541301,Orientelec  ,Orientelec  ,Un classified
541304,Indous      ,Indous      ,Un classified
541445,Waa         ,Waa         ,Un classified
600488,Abbott India,Abbott India,Un classified
810585,816guj2028  ,816guj2028  ,Un classified
936196,865dhfl23   ,865dhfl23   ,Un classified
936224,975jmfcsl28 ,975jmfcsl28 ,Un classified
957075,9yblper     ,9yblper     ,Un classified
541053,Eis         ,Eis         ,Un classified
541097,Liquidetf   ,Liquidetf   ,Un classified
541153,Bandhanbnk  ,Bandhanbnk  ,Un classified
541154,Hal         ,Hal         ,Un classified
541163,Sandhar     ,Sandhar     ,Un classified
541299,Dlcl        ,Dlcl        ,Un classified
541337,Milefur     ,Milefur     ,Un classified
541418,Ngil        ,Ngil        ,Un classified
632175,Cyientsl    ,Cyientsl    ,Un classified
936086,925kfl19a   ,925kfl19a   ,Un classified
936216,925jmfcsl21 ,925jmfcsl21 ,Un classified
541233,Lemontree   ,Lemontree   ,Un classified
541302,Dhruv       ,Dhruv       ,Un classified
541303,Akshar      ,Akshar      ,Un classified
541403,Dollar      ,Dollar      ,Un classified
540828,Rcbfivcd    ,Rcbfivcd    ,Un classified
541083,Inflame     ,Inflame     ,Un classified
541252,Abslrif7rg  ,Abslrif7rg  ,Un classified
541269,Chemfabalka ,Chemfabalka ,Un classified
541400,Zimlab      ,Zimlab      ,Un classified
541401,Arihantins  ,Arihantins  ,Un classified
936138,875mfl23    ,875mfl23    ,Un classified
936186,92sefl28    ,92sefl28    ,Un classified
956281,885hdfc99   ,885hdfc99   ,Un classified
540904,Tirufoam    ,Tirufoam    ,Un classified
541092,Abslrif6rg  ,Abslrif6rg  ,Un classified
541096,Bplpharma   ,Bplpharma   ,Un classified
541161,Karda       ,Karda       ,Un classified
541195,Midhani     ,Midhani     ,Un classified
541353,Innovators  ,Innovators  ,Un classified
936128,9erfl23     ,9erfl23     ,Un classified
936144,9mfl23      ,9mfl23      ,Un classified
936198,89dhfl21    ,89dhfl21    ,Un classified
936206,910dhfl28   ,910dhfl28   ,Un classified
936222,911jmfcsl23 ,911jmfcsl23 ,Un classified
541019,Hginfra     ,Hginfra     ,Un classified
541178,Benara      ,Benara      ,Un classified
541336,Indostar    ,Indostar    ,Un classified
541402,Affordable  ,Affordable  ,Un classified
800284,665goi2020  ,665goi2020  ,Un classified
890145,Ibventurepp ,Ibventurepp ,Un classified
524414,Norris Medi.,Norris Medi.,Un classified
540874,7seas       ,7seas       ,Un classified
541005,Kancotea    ,Kancotea    ,Un classified
541084,Dace2rg     ,Dace2rg     ,Un classified
541143,Bdl         ,Bdl         ,Un classified
541144,Active      ,Active      ,Un classified
541347,Parvati     ,Parvati     ,Un classified
890144,Tatasteelpp ,Tatasteelpp ,Un classified
936130,888erfl28   ,888erfl28   ,Un classified
936214,9dhfl23     ,9dhfl23     ,Un classified
936218,0jmfcsl21   ,0jmfcsl21   ,Un classified
936220,95jmfcsl23  ,95jmfcsl23  ,Un classified
539561,Roxy        ,Roxy        ,Un classified
539900,Didl        ,Didl        ,Un classified
540192,Lkpsec      ,Lkpsec      ,Un classified
947429,Barclays253 ,Barclays253 ,Un classified
540140,H1302s37rg  ,H1302s37rg  ,Un classified
947841,Ifci121211d ,Ifci121211d ,Un classified
540269,Skl         ,Skl         ,Un classified
935956,9mfl22a     ,9mfl22a     ,Un classified
949467,Eclh6a301   ,Eclh6a301   ,Un classified
955615,1095idbi99  ,1095idbi99  ,Un classified
935954,9mfl20a     ,9mfl20a     ,Un classified
961887,816iifcl24  ,816iifcl24  ,Un classified
955268,Iifl11nov16 ,Iifl11nov16 ,Un classified
936022,0kfl18c     ,0kfl18c     ,Un classified
952891,Efile7k502a ,Efile7k502a ,Un classified
540595,Tejasnet    ,Tejasnet    ,Un classified
540590,Riddhicorp  ,Riddhicorp  ,Un classified
540593,Heof1126rg  ,Heof1126rg  ,Un classified
935978,0kfl21      ,0kfl21      ,Un classified
951496,Ecld7c406   ,Ecld7c406   ,Un classified
935982,0kfl24      ,0kfl24      ,Un classified
750594,Intellectlr ,Intellectlr ,Un classified
632938,Capf        ,Capf        ,Un classified
540653,Sintexplast ,Sintexplast ,Un classified
800269,Sgbjuly25   ,Sgbjuly25   ,Un classified
540669,Utinext50   ,Utinext50   ,Un classified
800270,Sgboct25    ,Sgboct25    ,Un classified
540774,Ifglexpor   ,Ifglexpor   ,Un classified
540789,Dnamedia    ,Dnamedia    ,Un classified
540796,Ratnabhumi  ,Ratnabhumi  ,Un classified
540799,Dacefrg     ,Dacefrg     ,Un classified
540800,Dacefrdp    ,Dacefrdp    ,Un classified
540811,Dml         ,Dml         ,Un classified
950917,Efilh7l401  ,Efilh7l401  ,Un classified
540015,Axishb31gp  ,Axishb31gp  ,Un classified
540552,Axisaegpg   ,Axisaegpg   ,Un classified
540797,Shalby      ,Shalby      ,Un classified
800280,Sgbdec25b   ,Sgbdec25b   ,Un classified
954473,14dhhpl20b  ,14dhhpl20b  ,Un classified
540251,Axise1gpg   ,Axise1gpg   ,Un classified
540757,Scpl        ,Scpl        ,Un classified
540786,Sharika     ,Sharika     ,Un classified
539194,Axishb24gp  ,Axishb24gp  ,Un classified
532007,Shreevat.Fin,Shreevat.Fin,Un classified
539656,H1160jdarg  ,H1160jdarg  ,Un classified
540259,Shangar     ,Shangar     ,Un classified
540767,Rnam        ,Rnam        ,Un classified
540768,Mahlog      ,Mahlog      ,Un classified
538917,Axishb18gp  ,Axishb18gp  ,Un classified
954475,14dhhpl20d  ,14dhhpl20d  ,Un classified
540750,Iex         ,Iex         ,Un classified
540762,Tiindia     ,Tiindia     ,Un classified
540794,Hhof1140rd  ,Hhof1140rd  ,Un classified
540798,Fsc         ,Fsc         ,Un classified
540809,Mrcexim     ,Mrcexim     ,Un classified
954471,14dhhpl20a  ,14dhhpl20a  ,Un classified
539549,Ipru2741    ,Ipru2741    ,Un classified
540782,Sbrands     ,Sbrands     ,Un classified
540787,Bharatiwin  ,Bharatiwin  ,Un classified
540793,Hhof1140rg  ,Hhof1140rg  ,Un classified
540755,Gicre       ,Gicre       ,Un classified
540769,Niacl       ,Niacl       ,Un classified
540795,Dynamic     ,Dynamic     ,Un classified
540812,Kmsl        ,Kmsl        ,Un classified
955768,897uppcl23  ,897uppcl23  ,Un classified
514248,Sreechem Res,Sreechem Res,Un classified
954469,14dhhpl20   ,14dhhpl20   ,Un classified
540775,Khadim      ,Khadim      ,Un classified
540776,5paisa      ,5paisa      ,Un classified
540777,Hdfclife    ,Hdfclife    ,Un classified
538626,Axishb14gp  ,Axishb14gp  ,Un classified
951008,Efili7k403  ,Efili7k403  ,Un classified
540900,Newgen      ,Newgen      ,Un classified
540879,Apollo      ,Apollo      ,Un classified
540210,Tmrvl       ,Tmrvl       ,Un classified
972705,Ifci121211b ,Ifci121211b ,Un classified
540361,Dwekam      ,Dwekam      ,Un classified
540366,Radiocity   ,Radiocity   ,Un classified
955344,Efplk7k602b ,Efplk7k602b ,Un classified
935886,0kfl23      ,0kfl23      ,Un classified
540396,Manomay     ,Manomay     ,Un classified
540401,Maximus     ,Maximus     ,Un classified
538875,Sellwin     ,Sellwin     ,Un classified
750586,Canbklr     ,Canbklr     ,Un classified
800265,Sgb2016iv   ,Sgb2016iv   ,Un classified
539235,Gpl         ,Gpl         ,Un classified
935994,912sifl22   ,912sifl22   ,Un classified
540376,Dmart       ,Dmart       ,Un classified
540395,Chemcrux    ,Chemcrux    ,Un classified
540404,Prime       ,Prime       ,Un classified
632514,Indra Gas   ,Indra Gas   ,Un classified
539100,Ipru2626    ,Ipru2626    ,Un classified
539190,Dfl         ,Dfl         ,Un classified
539814,Radhey      ,Radhey      ,Un classified
954077,323iifl19i  ,323iifl19i  ,Un classified
953141,Efill8e501b ,Efill8e501b ,Un classified
955345,Efplk7k602c ,Efplk7k602c ,Un classified
935746,87mmfsl23   ,87mmfsl23   ,Un classified
961739,890srei17a  ,890srei17a  ,Un classified
540377,Ifl         ,Ifl         ,Un classified
540425,Shankara    ,Shankara    ,Un classified
890142,Architorgpp ,Architorgpp ,Un classified
972716,Ifci150212d ,Ifci150212d ,Un classified
972883,893ptcif22  ,893ptcif22  ,Un classified
935772,0kfl20a     ,0kfl20a     ,Un classified
955260,Iiflw9nov16 ,Iiflw9nov16 ,Un classified
540311,Jitfinfra   ,Jitfinfra   ,Un classified
955342,Efplk7k602a ,Efplk7k602a ,Un classified
935996,950sifl22   ,950sifl22   ,Un classified
961740,890srei17b  ,890srei17b  ,Un classified
972719,Ifci310312a ,Ifci310312a ,Un classified
935724,11sfl20     ,11sfl20     ,Un classified
540359,Parmax      ,Parmax      ,Un classified
972715,Ifci150212c ,Ifci150212c ,Un classified
935950,875mfl22a   ,875mfl22a   ,Un classified
961735,870idfcbka  ,870idfcbka  ,Un classified
961736,870idfcbkb  ,870idfcbkb  ,Un classified
961742,915srei17b  ,915srei17b  ,Un classified
540386,Ontic       ,Ontic       ,Un classified
540394,Jdml        ,Jdml        ,Un classified
540416,Octaware    ,Octaware    ,Un classified
540455,Escorp      ,Escorp      ,Un classified
935990,925sifl20   ,925sifl20   ,Un classified
540405,Oceanic     ,Oceanic     ,Un classified
540332,Tanvi       ,Tanvi       ,Un classified
953760,Eclk7c60318 ,Eclk7c60318 ,Un classified
961745,843idfcbka  ,843idfcbka  ,Un classified
540393,Smlt        ,Smlt        ,Un classified
750587,Southbanklr ,Southbanklr ,Un classified
750591,Mahlifelr   ,Mahlifelr   ,Un classified
540358,Rmc         ,Rmc         ,Un classified
972714,Ifci150212b ,Ifci150212b ,Un classified
935988,888sifl20   ,888sifl20   ,Un classified
935932,0sefl20b    ,0sefl20b    ,Un classified
961738,870lnt22b   ,870lnt22b   ,Un classified
972721,Ifci310312c ,Ifci310312c ,Un classified
972893,915ptcif27a ,915ptcif27a ,Un classified
540403,Cleducate   ,Cleducate   ,Un classified
540426,Relstruct   ,Relstruct   ,Un classified
537132,Ktkfmp131g  ,Ktkfmp131g  ,Un classified
540526,Irbinvit    ,Irbinvit    ,Un classified
540530,Hudco       ,Hudco       ,Un classified
936016,0mfl19b     ,0mfl19b     ,Un classified
952958,Efilf7j504a ,Efilf7j504a ,Un classified
952651,0irel16aii  ,0irel16aii  ,Un classified
935658,0kfl22      ,0kfl22      ,Un classified
540180,Vbl         ,Vbl         ,Un classified
750582,Karnatakalr ,Karnatakalr ,Un classified
949563,854rec2028  ,854rec2028  ,Un classified
936020,0mfl25a     ,0mfl25a     ,Un classified
955953,1055fcl20a  ,1055fcl20a  ,Un classified
540310,Cfl         ,Cfl         ,Un classified
935914,925rhfl32a  ,925rhfl32a  ,Un classified
540715,Sagar       ,Sagar       ,Un classified
952926,Efilf7j503a ,Efilf7j503a ,Un classified
954956,Efpli7i601a ,Efpli7i601a ,Un classified
539470,Shreeganes  ,Shreeganes  ,Un classified
951527,Karvyb43i   ,Karvyb43i   ,Un classified
951694,Karvyb45ii  ,Karvyb45ii  ,Un classified
540728,Sayajiind   ,Sayajiind   ,Un classified
540730,Mehai       ,Mehai       ,Un classified
952977,Eclf7j505a  ,Eclf7j505a  ,Un classified
936066,0sefl27     ,0sefl27     ,Un classified
800276,Sgbnov25b   ,Sgbnov25b   ,Un classified
951131,Ecli7c401   ,Ecli7c401   ,Un classified
540902,Amber       ,Amber       ,Un classified
800271,Sgboct25a   ,Sgboct25a   ,Un classified
951133,Eclj7a401   ,Eclj7a401   ,Un classified
539826,Sdafxvgr    ,Sdafxvgr    ,Un classified
936102,850sifl19   ,850sifl19   ,Un classified
936152,0mfl23      ,0mfl23      ,Un classified
955121,839sbiper   ,839sbiper   ,Un classified
800264,662goi2051  ,662goi2051  ,Un classified
936112,9sifl23     ,9sifl23     ,Un classified
936164,0kfl22c     ,0kfl22c     ,Un classified
541167,Yasho       ,Yasho       ,Un classified
541352,Megastar    ,Megastar    ,Un classified
936188,96sefl28    ,96sefl28    ,Un classified
540019,Sdafxvigr   ,Sdafxvigr   ,Un classified
936192,9dhfl25     ,9dhfl25     ,Un classified
954866,12gmepl21   ,12gmepl21   ,Un classified
935854,0ibhfl21    ,0ibhfl21    ,Un classified
952325,Ecla7f501a  ,Ecla7f501a  ,Un classified
951551,Efill7d501  ,Efill7d501  ,Un classified
524604,Kamron Lab. ,Kamron Lab. ,Un classified
539221,Sportking   ,Sportking   ,Un classified
539599,Ippl        ,Ippl        ,Un classified
540205,Avl         ,Avl         ,Un classified
935912,915rhfl27b  ,915rhfl27b  ,Un classified
935908,905rhfl22b  ,905rhfl22b  ,Un classified
935916,940rhfl32b  ,940rhfl32b  ,Un classified
935904,89rhfl20b   ,89rhfl20b   ,Un classified
952552,Efilg8l501c ,Efilg8l501c ,Un classified
535668,Ipru2085    ,Ipru2085    ,Un classified
539781,H1140m35rg  ,H1140m35rg  ,Un classified
531637,Sword &Shiel,Sword &Shiel,Un classified
936074,975kfl20    ,975kfl20    ,Un classified
540451,Ipru2926    ,Ipru2926    ,Un classified
540790,Easterngas  ,Easterngas  ,Un classified
800274,Sgbnov25    ,Sgbnov25    ,Un classified
540824,Astron      ,Astron      ,Un classified
538839,Ipru2571    ,Ipru2571    ,Un classified
537508,Axishyd9dp  ,Axishyd9dp  ,Un classified
960600,Icimm5 Nov20,Icimm5 Nov20,Un classified
