Symbol,Company,ISIN,Ticker
20MICRONS,20 Microns Limited,INE144J01027,NSE:20MICRONS
21STCENMGM,21st Century Management Services Limited,INE253B01015,NSE:21STCENMGM
360ONE,360 ONE WAM LIMITED,INE466L01038,NSE:360ONE
3IINFOLTD,3i Infotech Limited,INE748C01038,NSE:3IINFOLTD
3MINDIA,3M India Limited,INE470A01017,NSE:3MINDIA
3PLAND,3P Land Holdings Limited,INE105C01023,NSE:3PLAND
5PAISA,5Paisa Capital Limited,INE618L01018,NSE:5PAISA
63MOONS,63 moons technologies limited,INE111B01023,NSE:63MOONS
AAATECH,AAA Technologies Limited,INE0D0U01013,NSE:AAATECH
AADHARHFC,Aadhar Housing Finance Limited,INE883F01010,NSE:AADHARHFC
AAKASH,Aakash Exploration Services Limited,INE087Z01024,NSE:AAKASH
AAREYDRUGS,Aarey Drugs & Pharmaceuticals Limited,INE198H01019,NSE:AAREYDRUGS
AARNAV,Aarnav Fashions Limited,INE750R01016,NSE:AARNAV
AARON,Aaron Industries Limited,INE721Z01010,NSE:AARON
AARTECH,Aartech Solonics Limited,INE01C001026,NSE:AARTECH
AARTIDRUGS,Aarti Drugs Limited,INE767A01016,NSE:AARTIDRUGS
AARTIIND,Aarti Industries Limited,INE769A01020,NSE:AARTIIND
AARTIPHARM,Aarti Pharmalabs Limited,INE0LRU01027,NSE:AARTIPHARM
AARTISURF,Aarti Surfactants Limited,INE09EO01013,NSE:AARTISURF
AARVI,Aarvi Encon Limited,INE754X01016,NSE:AARVI
AAVAS,Aavas Financiers Limited,INE216P01012,NSE:AAVAS
ABB,ABB India Limited,INE117A01022,NSE:ABB
ABBOTINDIA,Abbott India Limited,INE358A01014,NSE:ABBOTINDIA
ABCAPITAL,Aditya Birla Capital Limited,INE674K01013,NSE:ABCAPITAL
ABCOTS,A B Cotspin India Limited,INE08PH01015,NSE:ABCOTS
ABDL,Allied Blenders and Distillers Limited,INE552Z01027,NSE:ABDL
ABFRL,Aditya Birla Fashion and Retail Limited,INE647O01011,NSE:ABFRL
ABINFRA,A B Infrabuild Limited,INE00YB01025,NSE:ABINFRA
ABLBL,Aditya Birla Lifestyle Brands Limited,INE14LE01019,NSE:ABLBL
ABREL,Aditya Birla Real Estate Limited,INE055A01016,NSE:ABREL
ABSLAMC,Aditya Birla Sun Life AMC Limited,INE404A01024,NSE:ABSLAMC
ACC,ACC Limited,INE012A01025,NSE:ACC
ACCELYA,Accelya Solutions India Limited,INE793A01012,NSE:ACCELYA
ACCURACY,Accuracy Shipping Limited,INE648Z01023,NSE:ACCURACY
ACE,Action Construction Equipment Limited,INE731H01025,NSE:ACE
ACEINTEG,Ace Integrated Solutions Limited,INE543V01017,NSE:ACEINTEG
ACI,Archean Chemical Industries Limited,INE128X01021,NSE:ACI
ACL,Andhra Cements Limited,INE666E01020,NSE:ACL
ACMESOLAR,Acme Solar Holdings Limited,INE622W01025,NSE:ACMESOLAR
ACUTAAS,Acutaas Chemicals Limited,INE00FF01025,NSE:ACUTAAS
ADANIENSOL,Adani Energy Solutions Limited,INE931S01010,NSE:ADANIENSOL
ADANIENT,Adani Enterprises Limited,INE423A01024,NSE:ADANIENT
ADANIGREEN,Adani Green Energy Limited,INE364U01010,NSE:ADANIGREEN
ADANIPORTS,Adani Ports and Special Economic Zone Limited,INE742F01042,NSE:ADANIPORTS
ADANIPOWER,Adani Power Limited,INE814H01029,NSE:ADANIPOWER
ADFFOODS,ADF Foods Limited,INE982B01027,NSE:ADFFOODS
ADL,Archidply Decor Limited,INE0CHO01012,NSE:ADL
ADOR,Ador Welding Limited,INE045A01017,NSE:ADOR
ADROITINFO,Adroit Infotech Limited,INE737B01033,NSE:ADROITINFO
ADSL,Allied Digital Services Limited,INE102I01027,NSE:ADSL
ADVAIT,Advait Energy Transitions Limited,INE0ALI01010,NSE:ADVAIT
ADVANCE,Advance Agrolife Limited,INE1B0W01010,NSE:ADVANCE
ADVANIHOTR,Advani Hotels & Resorts (India) Limited,INE199C01026,NSE:ADVANIHOTR
ADVENTHTL,Advent Hotels International Limited,INE28GN01010,NSE:ADVENTHTL
ADVENZYMES,Advanced Enzyme Technologies Limited,INE837H01020,NSE:ADVENZYMES
AEGISLOG,Aegis Logistics Limited,INE208C01025,NSE:AEGISLOG
AEGISVOPAK,Aegis Vopak Terminals Limited,INE0INX01018,NSE:AEGISVOPAK
AEQUS,Aequs Limited,INE947N01017,NSE:AEQUS
AEROENTER,Aeroflex Enterprises Limited,INE065D01027,NSE:AEROENTER
AEROFLEX,Aeroflex Industries Limited,INE024001021,NSE:AEROFLEX
AERONEU,Aeroflex Neu Limited,INE035801013,NSE:AERONEU
AETHER,Aether Industries Limited,INE0BWX01014,NSE:AETHER
AFCONS,Afcons Infrastructure Limited,INE101I01011,NSE:AFCONS
AFFLE,Affle 3i Limited,INE00WC01027,NSE:AFFLE
AFFORDABLE,Affordable Robotic & Automation Limited,INE692Z01013,NSE:AFFORDABLE
AFSL,Abans Financial Services Limited,INE00ZE01026,NSE:AFSL
AGARIND,Agarwal Industrial Corporation Limited,INE204E01012,NSE:AGARIND
AGARWALEYE,Dr. Agarwal's Health Care Limited,INE943P01029,NSE:AGARWALEYE
AGI,AGI Greenpac Limited,INE415A01038,NSE:AGI
AGIIL,Agi Infra Limited,INE976R01033,NSE:AGIIL
AGROPHOS,Agro Phos India Limited,INE740V01019,NSE:AGROPHOS
AHCL,Anlon Healthcare Limited,INE0Y8W01017,NSE:AHCL
AHLADA,Ahlada Engineers Limited,INE00PV01013,NSE:AHLADA
AHLEAST,Asian Hotels (East) Limited,INE926K01017,NSE:AHLEAST
AHLUCONT,Ahluwalia Contracts (India) Limited,INE758C01029,NSE:AHLUCONT
AIAENG,AIA Engineering Limited,INE212H01026,NSE:AIAENG
AIIL,Authum Investment & Infrastructure Limited,INE206F01022,NSE:AIIL
AIRAN,Airan Limited,INE645W01026,NSE:AIRAN
AIROLAM,Airo Lam limited,INE801L01010,NSE:AIROLAM
AJANTPHARM,Ajanta Pharma Limited,INE031B01049,NSE:AJANTPHARM
AJAXENGG,Ajax Engineering Limited,INE274Y01021,NSE:AJAXENGG
AJMERA,Ajmera Realty & Infra India Limited,INE298G01035,NSE:AJMERA
AJOONI,Ajooni Biotech Limited,INE820Y01021,NSE:AJOONI
AKASH,Akash Infra-Projects Limited,INE737W01013,NSE:AKASH
AKG,Akg Exim Limited,INE00Y801016,NSE:AKG
AKI,AKI India Limited,INE642Z01026,NSE:AKI
AKSHAR,Akshar Spintex Limited,INE256Z01025,NSE:AKSHAR
AKSHARCHEM,AksharChem India Limited,INE542B01011,NSE:AKSHARCHEM
AKSHOPTFBR,Aksh Optifibre Limited,INE523B01011,NSE:AKSHOPTFBR
AKUMS,Akums Drugs and Pharmaceuticals Limited,INE09XN01023,NSE:AKUMS
AKZOINDIA,Akzo Nobel India Limited,INE133A01011,NSE:AKZOINDIA
ALANKIT,Alankit Limited,INE914E01040,NSE:ALANKIT
ALBERTDAVD,Albert David Limited,INE155C01010,NSE:ALBERTDAVD
ALEMBICLTD,Alembic Limited,INE426A01027,NSE:ALEMBICLTD
ALGOQUANT,Algoquant Fintech Limited,INE598D01035,NSE:ALGOQUANT
ALICON,Alicon Castalloy Limited,INE062D01024,NSE:ALICON
ALIVUS,Alivus Life Sciences Limited,INE03Q201024,NSE:ALIVUS
ALKALI,Alkali Metals Limited,INE773I01017,NSE:ALKALI
ALKEM,Alkem Laboratories Limited,INE540L01014,NSE:ALKEM
ALKYLAMINE,Alkyl Amines Chemicals Limited,INE150B01039,NSE:ALKYLAMINE
ALLCARGO,Allcargo Logistics Limited,INE418H01029,NSE:ALLCARGO
ALLDIGI,Alldigi Tech Limited,INE835G01018,NSE:ALLDIGI
ALLTIME,All Time Plastics Limited,INE0GV601021,NSE:ALLTIME
ALMONDZ,Almondz Global Securities Limited,INE326B01035,NSE:ALMONDZ
ALOKINDS,Alok Industries Limited,INE270A01029,NSE:ALOKINDS
ALPA,Alpa Laboratories Limited,INE385I01010,NSE:ALPA
ALPHAGEO,Alphageo (India) Limited,INE137C01018,NSE:ALPHAGEO
AMAGI,Amagi Media Labs Limited,INE121R01077,NSE:AMAGI
AMANTA,Amanta Healthcare Limited,INE084K01015,NSE:AMANTA
AMBER,Amber Enterprises India Limited,INE371P01015,NSE:AMBER
AMBICAAGAR,Ambica Agarbathies & Aroma industries Limited,INE792B01012,NSE:AMBICAAGAR
AMBIKCO,Ambika Cotton Mills Limited,INE540G01014,NSE:AMBIKCO
AMBUJACEM,Ambuja Cements Limited,INE079A01024,NSE:AMBUJACEM
AMDIND,AMD Industries Limited,INE005I01014,NSE:AMDIND
AMJLAND,Amj Land Holdings Limited,INE606A01024,NSE:AMJLAND
AMNPLST,Amines & Plasticizers Limited,INE275D01022,NSE:AMNPLST
AMRUTANJAN,Amrutanjan Health Care Limited,INE098F01031,NSE:AMRUTANJAN
ANANDRATHI,Anand Rathi Wealth Limited,INE463V01026,NSE:ANANDRATHI
ANANTRAJ,Anant Raj Limited,INE242C01024,NSE:ANANTRAJ
ANDHRAPAP,ANDHRA PAPER LIMITED,INE435A01051,NSE:ANDHRAPAP
ANDHRSUGAR,The Andhra Sugars Limited,INE715B01021,NSE:ANDHRSUGAR
ANGELONE,Angel One Limited,INE732I01021,NSE:ANGELONE
ANIKINDS,Anik Industries Limited,INE087B01017,NSE:ANIKINDS
ANMOL,Anmol India Limited,INE02AR01019,NSE:ANMOL
ANTELOPUS,Antelopus Selan Energy Limited,INE818A01017,NSE:ANTELOPUS
ANTGRAPHIC,Antarctica Limited,INE414B01021,NSE:ANTGRAPHIC
ANTHEM,Anthem Biosciences Limited,INE0CZ201020,NSE:ANTHEM
ANUHPHR,Anuh Pharma Limited,INE489G01022,NSE:ANUHPHR
ANUP,The Anup Engineering Limited,INE294Z01018,NSE:ANUP
ANURAS,Anupam Rasayan India Limited,INE930P01018,NSE:ANURAS
APARINDS,Apar Industries Limited,INE372A01015,NSE:APARINDS
APCL,Anjani Portland Cement Limited,INE071F01012,NSE:APCL
APCOTEXIND,Apcotex Industries Limited,INE116A01032,NSE:APCOTEXIND
APEX,Apex Frozen Foods Limited,INE346W01013,NSE:APEX
APLAPOLLO,APL Apollo Tubes Limited,INE702C01027,NSE:APLAPOLLO
APLLTD,Alembic Pharmaceuticals Limited,INE901L01018,NSE:APLLTD
APOLLO,Apollo Micro Systems Limited,INE713T01028,NSE:APOLLO
APOLLOHOSP,Apollo Hospitals Enterprise Limited,INE437A01024,NSE:APOLLOHOSP
APOLLOPIPE,Apollo Pipes Limited,INE126J01016,NSE:APOLLOPIPE
APOLLOTYRE,Apollo Tyres Limited,INE438A01022,NSE:APOLLOTYRE
APOLSINHOT,Apollo Sindoori Hotels Limited,INE451F01024,NSE:APOLSINHOT
APTECHT,Aptech Limited,INE266F01018,NSE:APTECHT
APTUS,Aptus Value Housing Finance India Limited,INE852O01025,NSE:APTUS
AQYLON,Aqylon Nexus Limited,INE416A01051,NSE:AQYLON
ARCHIDPLY,Archidply Industries Limited,INE877I01016,NSE:ARCHIDPLY
ARCHIES,Archies Limited,INE731A01020,NSE:ARCHIES
ARE&M,Amara Raja Energy & Mobility Limited,INE885A01032,NSE:ARE&M
ARENTERP,Rajdarshan Industries Limited,INE610C01014,NSE:ARENTERP
ARFIN,Arfin India Limited,INE784R01023,NSE:ARFIN
ARIES,Aries Agro Limited,INE298I01015,NSE:ARIES
ARIHANTCAP,Arihant Capital Markets Limited,INE420B01036,NSE:ARIHANTCAP
ARIHANTSUP,Arihant Superstructures Limited,INE643K01018,NSE:ARIHANTSUP
ARIS,Arisinfra Solutions Limited,INE0H9P01028,NSE:ARIS
ARKADE,Arkade Developers Limited,INE0QRL01017,NSE:ARKADE
ARMANFIN,Arman Financial Services Limited,INE109C01017,NSE:ARMANFIN
AROGRANITE,Aro Granite Industries Limited,INE210C01013,NSE:AROGRANITE
ARROWGREEN,Arrow Greentech Limited,INE570D01018,NSE:ARROWGREEN
ARSSBL,Anand Rathi Share and Stock Brokers Limited,INE549H01021,NSE:ARSSBL
ARTEMISMED,Artemis Medicare Services Limited,INE025R01021,NSE:ARTEMISMED
ARTNIRMAN,Art Nirman Limited,INE738V01013,NSE:ARTNIRMAN
ARVIND,Arvind Limited,INE034A01011,NSE:ARVIND
ARVINDFASN,Arvind Fashions Limited,INE955V01021,NSE:ARVINDFASN
ARVSMART,Arvind SmartSpaces Limited,INE034S01021,NSE:ARVSMART
ASAHIINDIA,Asahi India Glass Limited,INE439A01020,NSE:ASAHIINDIA
ASAHISONG,Asahi Songwon Colors Limited,INE228I01012,NSE:ASAHISONG
ASAL,Automotive Stampings and Assemblies Limited,INE900C01027,NSE:ASAL
ASALCBR,Associated Alcohols & Breweries Ltd.,INE073G01016,NSE:ASALCBR
ASHAPURMIN,Ashapura Minechem Limited,INE348A01023,NSE:ASHAPURMIN
ASHIANA,Ashiana Housing Limited,INE365D01021,NSE:ASHIANA
ASHIMASYN,Ashima Limited,INE440A01010,NSE:ASHIMASYN
ASHOKA,Ashoka Buildcon Limited,INE442H01029,NSE:ASHOKA
ASHOKAMET,Ashoka Metcast Limited,INE760Y01011,NSE:ASHOKAMET
ASHOKLEY,Ashok Leyland Limited,INE208A01029,NSE:ASHOKLEY
ASIANENE,Asian Energy Services Limited,INE276G01015,NSE:ASIANENE
ASIANHOTNR,Asian Hotels (North) Limited,INE363A01022,NSE:ASIANHOTNR
ASIANPAINT,Asian Paints Limited,INE021A01026,NSE:ASIANPAINT
ASIANTILES,Asian Granito India Limited,INE022I01019,NSE:ASIANTILES
ASKAUTOLTD,ASK Automotive Limited,INE491J01022,NSE:ASKAUTOLTD
ASMS,Bartronics India Limited,INE855F01042,NSE:ASMS
ASPINWALL,Aspinwall and Company Limited,INE991I01015,NSE:ASPINWALL
ASTEC,Astec LifeSciences Limited,INE563J01010,NSE:ASTEC
ASTERDM,Aster DM Healthcare Limited,INE914M01019,NSE:ASTERDM
ASTRAL,Astral Limited,INE006I01046,NSE:ASTRAL
ASTRAMICRO,Astra Microwave Products Limited,INE386C01029,NSE:ASTRAMICRO
ASTRAZEN,AstraZeneca Pharma India Limited,INE203A01020,NSE:ASTRAZEN
ASTRON,Astron Paper & Board Mill Limited,INE646X01014,NSE:ASTRON
ATALREAL,Atal Realtech Limited,INE0ALR01029,NSE:ATALREAL
ATAM,Atam Valves Limited,INE09KD01013,NSE:ATAM
ATGL,Adani Total Gas Limited,INE399L01023,NSE:ATGL
ATHERENERG,Ather Energy Limited,INE0LEZ01016,NSE:ATHERENERG
ATL,Allcargo Terminals Limited,INE0NN701020,NSE:ATL
ATLANTAA,ATLANTAA LIMITED,INE285H01022,NSE:ATLANTAA
ATLANTAELE,Atlanta Electricals Limited,INE0Z4F01028,NSE:ATLANTAELE
ATLASCYCLE,Atlas Cycles (Haryana) Limited,INE446A01025,NSE:ATLASCYCLE
ATUL,Atul Limited,INE100A01010,NSE:ATUL
ATULAUTO,Atul Auto Limited,INE951D01028,NSE:ATULAUTO
AUBANK,AU Small Finance Bank Limited,INE949L01017,NSE:AUBANK
AURIONPRO,Aurionpro Solutions Limited,INE132H01018,NSE:AURIONPRO
AUROPHARMA,Aurobindo Pharma Limited,INE406A01037,NSE:AUROPHARMA
AURUM,Aurum PropTech Limited,INE898S01029,NSE:AURUM
AUTOAXLES,Automotive Axles Limited,INE449A01011,NSE:AUTOAXLES
AUTOIND,Autoline Industries Limited,INE718H01014,NSE:AUTOIND
AVADHSUGAR,Avadh Sugar & Energy Limited,INE349W01017,NSE:AVADHSUGAR
AVALON,Avalon Technologies Limited,INE0LCL01028,NSE:AVALON
AVANTEL,Avantel Limited,INE005B01027,NSE:AVANTEL
AVANTIFEED,Avanti Feeds Limited,INE871C01038,NSE:AVANTIFEED
AVG,AVG Logistics Limited,INE680Z01018,NSE:AVG
AVL,Aditya Vision Limited,INE679V01027,NSE:AVL
AVONMORE,Avonmore Capital & Management Services Limited,INE323B01024,NSE:AVONMORE
AVROIND,AVRO INDIA LIMITED,INE652Z01017,NSE:AVROIND
AVTNPL,AVT Natural Products Limited,INE488D01021,NSE:AVTNPL
AWFIS,Awfis Space Solutions Limited,INE108V01019,NSE:AWFIS
AWHCL,Antony Waste Handling Cell Limited,INE01BK01022,NSE:AWHCL
AWL,AWL Agri Business Limited,INE699H01024,NSE:AWL
AXISBANK,Axis Bank Limited,INE238A01034,NSE:AXISBANK
AXISCADES,AXISCADES Technologies Limited,INE555B01013,NSE:AXISCADES
AYE,Aye Finance Limited,INE501X01029,NSE:AYE
AYMSYNTEX,AYM Syntex Limited,INE193B01039,NSE:AYMSYNTEX
AZAD,Azad Engineering Limited,INE02IJ01035,NSE:AZAD
BAFNAPH,Bafna Pharmaceuticals Limited,INE878I01022,NSE:BAFNAPH
BAGFILMS,B.A.G Films and Media Limited,INE116D01028,NSE:BAGFILMS
BAIDFIN,Baid Finserv Limited,INE020D01022,NSE:BAIDFIN
BAJAJ-AUTO,Bajaj Auto Limited,INE917I01010,NSE:BAJAJ-AUTO
BAJAJCON,Bajaj Consumer Care Limited,INE933K01021,NSE:BAJAJCON
BAJAJELEC,Bajaj Electricals Limited,INE193E01025,NSE:BAJAJELEC
BAJAJFINSV,Bajaj Finserv Limited,INE918I01026,NSE:BAJAJFINSV
BAJAJHCARE,Bajaj Healthcare Limited,INE411U01027,NSE:BAJAJHCARE
BAJAJHFL,Bajaj Housing Finance Limited,INE377Y01014,NSE:BAJAJHFL
BAJAJHIND,Bajaj Hindusthan Sugar Limited,INE306A01021,NSE:BAJAJHIND
BAJAJHLDNG,Bajaj Holdings & Investment Limited,INE118A01012,NSE:BAJAJHLDNG
BAJAJINDEF,Indef Manufacturing Limited,INE0O9T01021,NSE:BAJAJINDEF
BAJEL,Bajel Projects Limited,INE0KQN01018,NSE:BAJEL
BAJFINANCE,Bajaj Finance Limited,INE296A01032,NSE:BAJFINANCE
BALAJEE,Shree Tirupati Balajee Agro Trading Company Limited,INE0S2G01011,NSE:BALAJEE
BALAJITELE,Balaji Telefilms Limited,INE794B01026,NSE:BALAJITELE
BALAMINES,Balaji Amines Limited,INE050E01027,NSE:BALAMINES
BALAXI,BALAXI PHARMACEUTICALS LIMITED,INE618N01022,NSE:BALAXI
BALKRISHNA,Balkrishna Paper Mills Limited,INE875R01011,NSE:BALKRISHNA
BALKRISIND,Balkrishna Industries Limited,INE787D01026,NSE:BALKRISIND
BALMLAWRIE,Balmer Lawrie & Company Limited,INE164A01016,NSE:BALMLAWRIE
BALPHARMA,Bal Pharma Limited,INE083D01012,NSE:BALPHARMA
BALRAMCHIN,Balrampur Chini Mills Limited,INE119A01028,NSE:BALRAMCHIN
BALUFORGE,Balu Forge Industries Limited,INE011E01029,NSE:BALUFORGE
BANARBEADS,Banaras Beads Limited,INE655B01011,NSE:BANARBEADS
BANARISUG,Bannari Amman Sugars Limited,INE459A01010,NSE:BANARISUG
BANCOINDIA,Banco Products (I) Limited,INE213C01025,NSE:BANCOINDIA
BANDHANBNK,Bandhan Bank Limited,INE545U01014,NSE:BANDHANBNK
BANG,Bang Overseas Limited,INE863I01016,NSE:BANG
BANKA,Banka BioLoo Limited,INE862Y01015,NSE:BANKA
BANKBARODA,Bank of Baroda,INE028A01039,NSE:BANKBARODA
BANKINDIA,Bank of India,INE084A01016,NSE:BANKINDIA
BANSALWIRE,Bansal Wire Industries Limited,INE0B9K01025,NSE:BANSALWIRE
BANSWRAS,Banswara Syntex Limited,INE629D01020,NSE:BANSWRAS
BASF,BASF India Limited,INE373A01013,NSE:BASF
BASML,Bannari Amman Spinning Mills Limited,INE186H01022,NSE:BASML
BATAINDIA,Bata India Limited,INE176A01028,NSE:BATAINDIA
BAYERCROP,Bayer Cropscience Limited,INE462A01022,NSE:BAYERCROP
BBL,Bharat Bijlee Limited,INE464A01036,NSE:BBL
BBOX,Black Box Limited,INE676A01027,NSE:BBOX
BBTC,The Bombay Burmah Trading Corporation Limited,INE050A01025,NSE:BBTC
BBTCL,B&B Triplewall Containers Limited,INE01EE01011,NSE:BBTCL
BCLIND,Bcl Industries Limited,INE412G01024,NSE:BCLIND
BCONCEPTS,Brand Concepts Limited,INE977Y01011,NSE:BCONCEPTS
BDL,Bharat Dynamics Limited,INE171Z01026,NSE:BDL
BEARDSELL,Beardsell Limited,INE520H01022,NSE:BEARDSELL
BECTORFOOD,Mrs. Bectors Food Specialities Limited,INE495P01020,NSE:BECTORFOOD
BEL,Bharat Electronics Limited,INE263A01024,NSE:BEL
BELLACASA,Bella Casa Fashion & Retail Limited,INE344T01014,NSE:BELLACASA
BELRISE,Belrise Industries Limited,INE894V01022,NSE:BELRISE
BEML,BEML Limited,INE258A01024,NSE:BEML
BEPL,Bhansali Engineering Polymers Limited,INE922A01025,NSE:BEPL
BERGEPAINT,Berger Paints (I) Limited,INE463A01038,NSE:BERGEPAINT
BETA,Beta Drugs Limited,INE351Y01019,NSE:BETA
BFINVEST,BF Investment Limited,INE878K01010,NSE:BFINVEST
BHAGCHEM,Bhagiradha Chemicals & Industries Limited,INE414D01027,NSE:BHAGCHEM
BHAGERIA,Bhageria Industries Limited,INE354C01027,NSE:BHAGERIA
BHAGYANGR,Bhagyanagar India Limited,INE458B01036,NSE:BHAGYANGR
BHANDARI,Bhandari Hosiery Exports Limited,INE474E01029,NSE:BHANDARI
BHARATCOAL,Bharat Coking Coal Limited,INE05XR01022,NSE:BHARATCOAL
BHARATFORG,Bharat Forge Limited,INE465A01025,NSE:BHARATFORG
BHARATGEAR,Bharat Gears Limited,INE561C01019,NSE:BHARATGEAR
BHARATRAS,Bharat Rasayan Limited,INE838B01021,NSE:BHARATRAS
BHARATSE,Bharat Seats Limited,INE415D01024,NSE:BHARATSE
BHARATWIRE,Bharat Wire Ropes Limited,INE316L01019,NSE:BHARATWIRE
BHARTIARTL,Bharti Airtel Limited,INE397D01024,NSE:BHARTIARTL
BHARTIHEXA,Bharti Hexacom Limited,INE343G01021,NSE:BHARTIHEXA
BHEL,Bharat Heavy Electricals Limited,INE257A01026,NSE:BHEL
BIGBLOC,Bigbloc Construction Limited,INE412U01025,NSE:BIGBLOC
BIKAJI,Bikaji Foods International Limited,INE00E101023,NSE:BIKAJI
BIL,Bhartiya International Limited,INE828A01016,NSE:BIL
BIOCON,Biocon Limited,INE376G01013,NSE:BIOCON
BIOFILCHEM,Biofil Chemicals & Pharmaceuticals Limited,INE829A01014,NSE:BIOFILCHEM
BIRLACABLE,Birla Cable Limited,INE800A01015,NSE:BIRLACABLE
BIRLACORPN,Birla Corporation Limited,INE340A01012,NSE:BIRLACORPN
BIRLAMONEY,Aditya Birla Money Limited,INE865C01022,NSE:BIRLAMONEY
BIRLANU,BirlaNu Limited,INE557A01011,NSE:BIRLANU
BLACKBUCK,BLACKBUCK LIMITED,INE0UIZ01018,NSE:BLACKBUCK
BLAL,BEML Land Assets Limited,INE0N7W01012,NSE:BLAL
BLISSGVS,Bliss GVS Pharma Limited,INE416D01022,NSE:BLISSGVS
BLKASHYAP,B. L. Kashyap and Sons Limited,INE350H01032,NSE:BLKASHYAP
BLS,BLS International Services Limited,INE153T01027,NSE:BLS
BLSE,BLS E-Services Limited,INE0NLT01010,NSE:BLSE
BLUECOAST,Blue Coast Hotels Limited,INE472B01011,NSE:BLUECOAST
BLUEDART,Blue Dart Express Limited,INE233B01017,NSE:BLUEDART
BLUEJET,Blue Jet Healthcare Limited,INE0KBH01020,NSE:BLUEJET
BLUESTARCO,Blue Star Limited,INE472A01039,NSE:BLUESTARCO
BLUESTONE,BlueStone Jewellery and Lifestyle Limited,INE304W01038,NSE:BLUESTONE
BLUSPRING,Bluspring Enterprises Limited,INE0U4101014,NSE:BLUSPRING
BMWVENTLTD,BMW Ventures Limited,INE965W01036,NSE:BMWVENTLTD
BODALCHEM,Bodal Chemicals Limited,INE338D01028,NSE:BODALCHEM
BOMDYEING,Bombay Dyeing & Mfg Company Limited,INE032A01023,NSE:BOMDYEING
BOROLTD,Borosil Limited,INE02PY01013,NSE:BOROLTD
BORORENEW,BOROSIL RENEWABLES LIMITED,INE666D01022,NSE:BORORENEW
BOROSCI,Borosil Scientific Limited,INE02L001032,NSE:BOROSCI
BOSCH-HCIL,BOSCH HOME COMFORT INDIA LIMITED,INE782A01015,NSE:BOSCH-HCIL
BOSCHLTD,Bosch Limited,INE323A01026,NSE:BOSCHLTD
BPCL,Bharat Petroleum Corporation Limited,INE029A01011,NSE:BPCL
BPL,BPL Limited,INE110A01019,NSE:BPL
BRIGADE,Brigade Enterprises Limited,INE791I01019,NSE:BRIGADE
BRIGHOTEL,Brigade Hotel Ventures Limited,INE03NU01014,NSE:BRIGHOTEL
BRITANNIA,Britannia Industries Limited,INE216A01030,NSE:BRITANNIA
BRNL,Bharat Road Network Limited,INE727S01012,NSE:BRNL
BROOKS,Brooks Laboratories Limited,INE650L01011,NSE:BROOKS
BSE,BSE Limited,INE118H01025,NSE:BSE
BSHSL,Bombay Super Hybrid Seeds Limited,INE032Z01020,NSE:BSHSL
BSL,BSL Limited,INE594B01012,NSE:BSL
BSOFT,BIRLASOFT LIMITED,INE836A01035,NSE:BSOFT
BTML,Bodhi Tree Multimedia Limited,INE0EEJ01023,NSE:BTML
BUILDPRO,Shankara Buildpro Limited,INE24OJ01011,NSE:BUILDPRO
BUTTERFLY,Butterfly Gandhimathi Appliances Limited,INE295F01017,NSE:BUTTERFLY
BVCL,Barak Valley Cements Limited,INE139I01011,NSE:BVCL
BYKE,The Byke Hospitality Ltd,INE319B01014,NSE:BYKE
CALSOFT,California Software Company Limited,INE526B01014,NSE:CALSOFT
CAMLINFINE,Camlin Fine Sciences Limited,INE052I01032,NSE:CAMLINFINE
CAMPUS,Campus Activewear Limited,INE278Y01022,NSE:CAMPUS
CAMS,Computer Age Management Services Limited,INE596I01020,NSE:CAMS
CANBK,Canara Bank,INE476A01022,NSE:CANBK
CANFINHOME,Can Fin Homes Limited,INE477A01020,NSE:CANFINHOME
CANHLIFE,Canara HSBC Life Insurance Company Limited,INE01TY01017,NSE:CANHLIFE
CANTABIL,Cantabil Retail India Limited,INE068L01024,NSE:CANTABIL
CAPACITE,Capacit'e Infraprojects Limited,INE264T01014,NSE:CAPACITE
CAPILLARY,Capillary Technologies India Limited,INE0ILV01024,NSE:CAPILLARY
CAPITALSFB,Capital Small Finance Bank Limited,INE646H01017,NSE:CAPITALSFB
CAPLIPOINT,Caplin Point Laboratories Limited,INE475E01026,NSE:CAPLIPOINT
CARBORUNIV,Carborundum Universal Limited,INE120A01034,NSE:CARBORUNIV
CARERATING,CARE Ratings Limited,INE752H01013,NSE:CARERATING
CARRARO,Carraro India Limited,INE0V7W01012,NSE:CARRARO
CARTRADE,Cartrade Tech Limited,INE290S01011,NSE:CARTRADE
CARYSIL,CARYSIL LIMITED,INE482D01024,NSE:CARYSIL
CASTROLIND,Castrol India Limited,INE172A01027,NSE:CASTROLIND
CCAVENUE,AvenuesAI Limited,INE483S01020,NSE:CCAVENUE
CCCL,Consolidated Construction Consortium Limited,INE429I01024,NSE:CCCL
CCHHL,Country Club Hospitality & Holidays Limited,INE652F01027,NSE:CCHHL
CCL,CCL Products (India) Limited,INE421D01022,NSE:CCL
CDSL,Central Depository Services (India) Limited,INE736A01011,NSE:CDSL
CEATLTD,CEAT Limited,INE482A01020,NSE:CEATLTD
CEIGALL,Ceigall India Limited,INE0AG901020,NSE:CEIGALL
CEINSYS,Ceinsys Tech Limited,INE016Q01014,NSE:CEINSYS
CELEBRITY,Celebrity Fashions Limited,INE185H01016,NSE:CELEBRITY
CELLO,Cello World Limited,INE0LMW01024,NSE:CELLO
CEMPRO,Cemindia Projects Limited,INE686A01026,NSE:CEMPRO
CENTENKA,Century Enka Limited,INE485A01015,NSE:CENTENKA
CENTEXT,Century Extrusions Limited,INE281A01026,NSE:CENTEXT
CENTRALBK,Central Bank of India,INE483A01010,NSE:CENTRALBK
CENTRUM,Centrum Capital Limited,INE660C01027,NSE:CENTRUM
CENTUM,Centum Electronics Limited,INE320B01020,NSE:CENTUM
CENTURYPLY,Century Plyboards (India) Limited,INE348B01021,NSE:CENTURYPLY
CERA,Cera Sanitaryware Limited,INE739E01017,NSE:CERA
CESC,CESC Limited,INE486A01021,NSE:CESC
CEWATER,Concord Enviro Systems Limited,INE037Z01029,NSE:CEWATER
CGCL,Capri Global Capital Limited,INE180C01042,NSE:CGCL
CGPOWER,CG Power and Industrial Solutions Limited,INE067A01029,NSE:CGPOWER
CHALET,Chalet Hotels Limited,INE427F01016,NSE:CHALET
CHAMBLFERT,Chambal Fertilizers & Chemicals Limited,INE085A01013,NSE:CHAMBLFERT
CHEMBOND,Chembond Material Technologies Limited,INE995D01025,NSE:CHEMBOND
CHEMBONDCH,Chembond Chemicals Limited,INE0TGX01019,NSE:CHEMBONDCH
CHEMCON,Chemcon Speciality Chemicals Limited,INE03YM01018,NSE:CHEMCON
CHEMFAB,Chemfab Alkalis Limited,INE783X01023,NSE:CHEMFAB
CHEMPLASTS,Chemplast Sanmar Limited,INE488A01050,NSE:CHEMPLASTS
CHENNPETRO,Chennai Petroleum Corporation Limited,INE178A01016,NSE:CHENNPETRO
CHEVIOT,Cheviot Company Limited,INE974B01016,NSE:CHEVIOT
CHOICEIN,Choice International Limited,INE102B01014,NSE:CHOICEIN
CHOLAFIN,Cholamandalam Investment and Finance Company Limited,INE121A01024,NSE:CHOLAFIN
CHOLAHLDNG,Cholamandalam Financial Holdings Limited,INE149A01033,NSE:CHOLAHLDNG
CIEINDIA,CIE Automotive India Limited,INE536H01010,NSE:CIEINDIA
CIFL,Capital India Finance Limited,INE345H01024,NSE:CIFL
CIGNITITEC,Cigniti Technologies Limited,INE675C01017,NSE:CIGNITITEC
CINELINE,Cineline India Limited,INE704H01022,NSE:CINELINE
CINEVISTA,Cinevista Limited,INE039B01026,NSE:CINEVISTA
CIPLA,Cipla Limited,INE059A01026,NSE:CIPLA
CLEAN,Clean Science and Technology Limited,INE227W01023,NSE:CLEAN
CLEANMAX,Clean Max Enviro Energy Solutions Limited,INE647U01026,NSE:CLEANMAX
CLEDUCATE,CL Educate Limited,INE201M01029,NSE:CLEDUCATE
CLSEL,Chaman Lal Setia Exports Limited,INE419D01026,NSE:CLSEL
CMSINFO,CMS Info Systems Limited,INE925R01014,NSE:CMSINFO
CNL,Creative Newtech Limited,INE985W01018,NSE:CNL
COALINDIA,Coal India Limited,INE522F01014,NSE:COALINDIA
COCHINSHIP,Cochin Shipyard Limited,INE704P01025,NSE:COCHINSHIP
COFFEEDAY,Coffee Day Enterprises Limited,INE335K01011,NSE:COFFEEDAY
COFORGE,Coforge Limited,INE591G01025,NSE:COFORGE
COHANCE,Cohance Lifesciences Limited,INE03QK01018,NSE:COHANCE
COLPAL,Colgate Palmolive (India) Limited,INE259A01022,NSE:COLPAL
COMPUSOFT,Compucom Software Limited,INE453B01029,NSE:COMPUSOFT
COMSYN,Commercial Syn Bags Limited,INE073V01015,NSE:COMSYN
CONCOR,Container Corporation of India Limited,INE111A01025,NSE:CONCOR
CONCORDBIO,Concord Biotech Limited,INE338H01029,NSE:CONCORDBIO
CONFIPET,Confidence Petroleum India Limited,INE552D01024,NSE:CONFIPET
CONTROLPR,Control Print Limited,INE663B01015,NSE:CONTROLPR
CORALFINAC,Coral India Finance & Housing Limited,INE558D01021,NSE:CORALFINAC
CORDSCABLE,Cords Cable Industries Limited,INE792I01017,NSE:CORDSCABLE
COROMANDEL,Coromandel International Limited,INE169A01031,NSE:COROMANDEL
CORONA,CORONA Remedies Limited,INE02ZQ01018,NSE:CORONA
COSMOFIRST,COSMO FIRST LIMITED,INE757A01017,NSE:COSMOFIRST
COUNCODOS,Country Condo's Limited,INE695B01025,NSE:COUNCODOS
CPCAP,CP Capital Limited,INE521J01018,NSE:CPCAP
CPEDU,Career Point Edutech Limited,INE0P6P01016,NSE:CPEDU
CPPLUS,Aditya Infotech Limited,INE819V01029,NSE:CPPLUS
CRAFTSMAN,Craftsman Automation Limited,INE00LO01017,NSE:CRAFTSMAN
CRAMC,Canara Robeco Asset Management Company Limited,INE218I01013,NSE:CRAMC
CREATIVEYE,Creative Eye Limited,INE230B01021,NSE:CREATIVEYE
CREDITACC,CREDITACCESS GRAMEEN LIMITED,INE741K01010,NSE:CREDITACC
CREST,Crest Ventures Limited,INE559D01011,NSE:CREST
CRISIL,CRISIL Limited,INE007A01025,NSE:CRISIL
CRIZAC,Crizac Limited,INE0S4R01014,NSE:CRIZAC
CROMPTON,Crompton Greaves Consumer Electricals Limited,INE299U01018,NSE:CROMPTON
CROWN,Crown Lifters Limited,INE491V01019,NSE:CROWN
CSBBANK,CSB Bank Limited,INE679A01013,NSE:CSBBANK
CSLFINANCE,CSL Finance Limited,INE718F01018,NSE:CSLFINANCE
CTE,Cambridge Technology Enterprises Limited,INE627H01017,NSE:CTE
CUB,City Union Bank Limited,INE491A01021,NSE:CUB
CUBEXTUB,Cubex Tubings Limited,INE144D01012,NSE:CUBEXTUB
CUMMINSIND,Cummins India Limited,INE298A01020,NSE:CUMMINSIND
CUPID,Cupid Limited,INE509F01029,NSE:CUPID
CYBERMEDIA,Cyber Media (India) Limited,INE278G01037,NSE:CYBERMEDIA
CYBERTECH,Cybertech Systems And Software Limited,INE214A01019,NSE:CYBERTECH
CYIENT,Cyient Limited,INE136B01020,NSE:CYIENT
CYIENTDLM,Cyient DLM Limited,INE055S01018,NSE:CYIENTDLM
DABUR,Dabur India Limited,INE016A01026,NSE:DABUR
DALBHARAT,Dalmia Bharat Limited,INE00R701025,NSE:DALBHARAT
DALMIASUG,Dalmia Bharat Sugar and Industries Limited,INE495A01022,NSE:DALMIASUG
DAMCAPITAL,Dam Capital Advisors Limited,INE284H01025,NSE:DAMCAPITAL
DAMODARIND,Damodar Industries Limited,INE497D01022,NSE:DAMODARIND
DANGEE,Dangee Dums Limited,INE688Y01022,NSE:DANGEE
DATAMATICS,Datamatics Global Services Limited,INE365B01017,NSE:DATAMATICS
DATAPATTNS,Data Patterns (India) Limited,INE0IX101010,NSE:DATAPATTNS
DAVANGERE,Davangere Sugar Company Limited,INE179G01029,NSE:DAVANGERE
DBCORP,D.B.Corp Limited,INE950I01011,NSE:DBCORP
DBEIL,Deepak Builders & Engineers India Limited,INE0OPA01019,NSE:DBEIL
DBL,Dilip Buildcon Limited,INE917M01012,NSE:DBL
DBOL,Dhampur Bio Organics Limited,INE0I3401014,NSE:DBOL
DBREALTY,Valor Estate Limited,INE879I01012,NSE:DBREALTY
DBSTOCKBRO,DB (International) Stock Brokers Limited,INE921B01025,NSE:DBSTOCKBRO
DCAL,Dishman Carbogen Amcis Limited,INE385W01011,NSE:DCAL
DCBBANK,DCB Bank Limited,INE503A01015,NSE:DCBBANK
DCI,Dc Infotech And Communication Limited,INE0A1101019,NSE:DCI
DCM,DCM  Limited,INE498A01018,NSE:DCM
DCMFINSERV,DCM Financial Services Limited,INE891B01012,NSE:DCMFINSERV
DCMNVL,DCM Nouvelle Limited,INE08KP01019,NSE:DCMNVL
DCMSHRIRAM,DCM Shriram Limited,INE499A01024,NSE:DCMSHRIRAM
DCMSIL,DCM Shriram International Limited,INE0OU201013,NSE:DCMSIL
DCMSRIND,DCM Shriram Industries Limited,INE843D01027,NSE:DCMSRIND
DCW,DCW Limited,INE500A01029,NSE:DCW
DCXINDIA,DCX Systems Limited,INE0KL801015,NSE:DCXINDIA
DDEVPLSTIK,Ddev Plastiks Industries Limited,INE0HR601026,NSE:DDEVPLSTIK
DECCANCE,Deccan Cements Limited,INE583C01021,NSE:DECCANCE
DEEDEV,DEE Development Engineers Limited,INE841L01016,NSE:DEEDEV
DEEPAKFERT,Deepak Fertilizers and Petrochemicals Corporation Limited,INE501A01019,NSE:DEEPAKFERT
DEEPAKNTR,Deepak Nitrite Limited,INE288B01029,NSE:DEEPAKNTR
DEEPINDS,Deep Industries Limited,INE0FHS01024,NSE:DEEPINDS
DELHIVERY,Delhivery Limited,INE148O01028,NSE:DELHIVERY
DELPHIFX,DELPHI WORLD MONEY LIMITED,INE726L01027,NSE:DELPHIFX
DELTACORP,Delta Corp Limited,INE124G01033,NSE:DELTACORP
DELTAMAGNT,Delta Manufacturing Limited,INE393A01011,NSE:DELTAMAGNT
DEN,Den Networks Limited,INE947J01015,NSE:DEN
DENORA,De Nora India Limited,INE244A01016,NSE:DENORA
DENTA,Denta Water and Infra Solutions Limited,INE0R4L01018,NSE:DENTA
DEVIT,Dev Information Technology Limited,INE060X01034,NSE:DEVIT
DEVX,Dev Accelerator Limited,INE0VOV01021,NSE:DEVX
DEVYANI,Devyani International Limited,INE872J01023,NSE:DEVYANI
DGCONTENT,Digicontent Limited,INE03JI01017,NSE:DGCONTENT
DHAMPURSUG,Dhampur Sugar Mills Limited,INE041A01016,NSE:DHAMPURSUG
DHANBANK,Dhanlaxmi Bank Limited,INE680A01011,NSE:DHANBANK
DHANUKA,Dhanuka Agritech Limited,INE435G01025,NSE:DHANUKA
DHARMAJ,Dharmaj Crop Guard Limited,INE00OQ01016,NSE:DHARMAJ
DHRUV,Dhruv Consultancy Services Limited,INE506Z01015,NSE:DHRUV
DHUNINV,Dhunseri Investments Limited,INE320L01011,NSE:DHUNINV
DIACABS,Diamond Power Infrastructure Limited,INE989C01038,NSE:DIACABS
DIAMINESQ,Diamines & Chemicals Limited,INE591D01014,NSE:DIAMINESQ
DIAMONDYD,Prataap Snacks Limited,INE393P01035,NSE:DIAMONDYD
DICIND,DIC India Limited,INE303A01010,NSE:DICIND
DIFFNKG,Diffusion Engineers Limited,INE184O01015,NSE:DIFFNKG
DIGIDRIVE,Digidrive Distributors Limited,INE0PSC01024,NSE:DIGIDRIVE
DIGISPICE,DiGiSPICE Technologies Limited,INE927C01020,NSE:DIGISPICE
DIGITIDE,Digitide Solutions Limited,INE0U4701011,NSE:DIGITIDE
DIGJAMLMTD,Digjam Limited,INE731U01028,NSE:DIGJAMLMTD
DISHTV,Dish TV India Limited,INE836F01026,NSE:DISHTV
DIVGIITTS,Divgi Torqtransfer Systems Limited,INE753U01022,NSE:DIVGIITTS
DIVISLAB,Divi's Laboratories Limited,INE361B01024,NSE:DIVISLAB
DIXON,Dixon Technologies (India) Limited,INE935N01020,NSE:DIXON
DLF,DLF Limited,INE271C01023,NSE:DLF
DLINKINDIA,D-Link (India) Limited,INE250K01012,NSE:DLINKINDIA
DMART,Avenue Supermarts Limited,INE192R01011,NSE:DMART
DMCC,DMCC SPECIALITY CHEMICALS LIMITED,INE505A01010,NSE:DMCC
DNAMEDIA,Diligent Media Corporation Limited,INE016M01021,NSE:DNAMEDIA
DODLA,Dodla Dairy Limited,INE021O01019,NSE:DODLA
DOLATALGO,Dolat Algotech Limited,INE966A01022,NSE:DOLATALGO
DOLLAR,Dollar Industries Limited,INE325C01035,NSE:DOLLAR
DOLPHIN,Dolphin Offshore Enterprises (India) Limited,INE920A01037,NSE:DOLPHIN
DOMS,DOMS Industries Limited,INE321T01012,NSE:DOMS
DONEAR,Donear Industries Limited,INE668D01028,NSE:DONEAR
DPABHUSHAN,D. P. Abhushan Limited,INE266Y01019,NSE:DPABHUSHAN
DPSCLTD,DPSC Limited,INE360C01024,NSE:DPSCLTD
DPWIRES,D P Wires Limited,INE864X01013,NSE:DPWIRES
DRCSYSTEMS,DRC Systems India Limited,INE03RS01027,NSE:DRCSYSTEMS
DREAMFOLKS,Dreamfolks Services Limited,INE0JS101016,NSE:DREAMFOLKS
DREDGECORP,Dredging Corporation of India Limited,INE506A01018,NSE:DREDGECORP
DRREDDY,Dr. Reddy's Laboratories Limited,INE089A01031,NSE:DRREDDY
DSFCL,DCM Shriram Fine Chemicals Limited,INE0OFM01015,NSE:DSFCL
DSSL,Dynacons Systems & Solutions Limited,INE417B01040,NSE:DSSL
DTIL,Dhunseri Tea & Industries Limited,INE341R01014,NSE:DTIL
DUCON,Ducon Infratechnologies Limited,INE741L01018,NSE:DUCON
DVL,Dhunseri Ventures Limited,INE477B01010,NSE:DVL
DWARKESH,Dwarikesh Sugar Industries Limited,INE366A01041,NSE:DWARKESH
DYCL,Dynamic Cables Limited,INE600Y01019,NSE:DYCL
DYNAMATECH,Dynamatic Technologies Limited,INE221B01012,NSE:DYNAMATECH
DYNPRO,Dynemic Products Limited,INE256H01015,NSE:DYNPRO
EASEMYTRIP,Easy Trip Planners Limited,INE07O001026,NSE:EASEMYTRIP
EBGNG,GNG Electronics Limited,INE18JU01028,NSE:EBGNG
ECLERX,eClerx Services Limited,INE738I01010,NSE:ECLERX
ECOSMOBLTY,Ecos (India) Mobility & Hospitality Limited,INE06HJ01020,NSE:ECOSMOBLTY
EDELWEISS,Edelweiss Financial Services Limited,INE532F01054,NSE:EDELWEISS
EFCIL,EFC (I) Limited,INE886D01026,NSE:EFCIL
EICHERMOT,Eicher Motors Limited,INE066A01021,NSE:EICHERMOT
EIDPARRY,EID Parry India Limited,INE126A01031,NSE:EIDPARRY
EIEL,Enviro Infra Engineers Limited,INE0LLY01014,NSE:EIEL
EIFFL,Euro India Fresh Foods Limited,INE546V01010,NSE:EIFFL
EIHAHOTELS,EIH Associated Hotels Limited,INE276C01014,NSE:EIHAHOTELS
EIHOTEL,EIH Limited,INE230A01023,NSE:EIHOTEL
EIMCOELECO,Eimco Elecon (India) Limited,INE158B01016,NSE:EIMCOELECO
EKC,Everest Kanto Cylinder Limited,INE184H01027,NSE:EKC
ELDEHSG,Eldeco Housing And Industries Limited,INE668G01021,NSE:ELDEHSG
ELECON,Elecon Engineering Company Limited,INE205B01031,NSE:ELECON
ELECTCAST,Electrosteel Castings Limited,INE086A01029,NSE:ELECTCAST
ELECTHERM,Electrotherm (India) Limited,INE822G01016,NSE:ELECTHERM
ELGIEQUIP,Elgi Equipments Limited,INE285A01027,NSE:ELGIEQUIP
ELGIRUBCO,Elgi Rubber Company Limited,INE819L01012,NSE:ELGIRUBCO
ELIN,Elin Electronics Limited,INE050401020,NSE:ELIN
ELLEN,Ellenbarrie Industrial Gases Limited,INE236E01022,NSE:ELLEN
EMAMILTD,Emami Limited,INE548C01032,NSE:EMAMILTD
EMAMIPAP,Emami Paper Mills Limited,INE830C01026,NSE:EMAMIPAP
EMAMIREAL,Emami Realty Limited,INE778K01012,NSE:EMAMIREAL
EMCURE,Emcure Pharmaceuticals Limited,INE168P01015,NSE:EMCURE
EMIL,Electronics Mart India Limited,INE02YR01019,NSE:EMIL
EMKAY,Emkay Global Financial Services Limited,INE296H01011,NSE:EMKAY
EMMBI,Emmbi Industries Limited,INE753K01015,NSE:EMMBI
EMMVEE,Emmvee Photovoltaic Power Limited,INE1C6T01020,NSE:EMMVEE
EMSLIMITED,EMS Limited,INE0OV601013,NSE:EMSLIMITED
EMUDHRA,eMudhra Limited,INE01QM01018,NSE:EMUDHRA
ENDURANCE,Endurance Technologies Limited,INE913H01037,NSE:ENDURANCE
ENERGYDEV,Energy Development Company Limited,INE306C01019,NSE:ENERGYDEV
ENGINERSIN,Engineers India Limited,INE510A01028,NSE:ENGINERSIN
ENIL,Entertainment Network (India) Limited,INE265F01028,NSE:ENIL
ENRIN,Siemens Energy India Limited,INE1NPP01017,NSE:ENRIN
ENTERO,Entero Healthcare Solutions Limited,INE010601016,NSE:ENTERO
EPACK,EPACK Durable Limited,INE0G5901015,NSE:EPACK
EPACKPEB,EPack Prefab Technologies Limited,INE0MLS01022,NSE:EPACKPEB
EPIGRAL,Epigral Limited,INE071N01016,NSE:EPIGRAL
EPL,EPL Limited,INE255A01020,NSE:EPL
EQUITASBNK,Equitas Small Finance Bank Limited,INE063P01018,NSE:EQUITASBNK
ERIS,Eris Lifesciences Limited,INE406M01024,NSE:ERIS
ESABINDIA,Esab India Limited,INE284A01012,NSE:ESABINDIA
ESAFSFB,ESAF Small Finance Bank Limited,INE818W01011,NSE:ESAFSFB
ESCORTS,Escorts Kubota Limited,INE042A01014,NSE:ESCORTS
ESSARSHPNG,Essar Shipping Limited,INE122M01019,NSE:ESSARSHPNG
ESSENTIA,Integra Essentia Limited,INE418N01035,NSE:ESSENTIA
ESTER,Ester Industries Limited,INE778B01029,NSE:ESTER
ETERNAL,ETERNAL LIMITED,INE758T01015,NSE:ETERNAL
ETHOSLTD,Ethos Limited,INE04TZ01018,NSE:ETHOSLTD
EUREKAFORB,Eureka Forbes Limited,INE0KCE01017,NSE:EUREKAFORB
EUROBOND,Euro Panel Products Limited,INE505V01016,NSE:EUROBOND
EUROPRATIK,Euro Pratik Sales Limited,INE198501012,NSE:EUROPRATIK
EVEREADY,Eveready Industries India Limited,INE128A01029,NSE:EVEREADY
EVERESTIND,Everest Industries Limited,INE295A01018,NSE:EVERESTIND
EXCEL,Excel Realty N Infra Limited,INE688J01023,NSE:EXCEL
EXCELINDUS,Excel Industries Limited,INE369A01029,NSE:EXCELINDUS
EXCELSOFT,Excelsoft Technologies Limited,INE606N01019,NSE:EXCELSOFT
EXICOM,Exicom Tele-Systems Limited,INE777F01014,NSE:EXICOM
EXIDEIND,Exide Industries Limited,INE302A01020,NSE:EXIDEIND
EXPLEOSOL,Expleo Solutions Limited,INE201K01015,NSE:EXPLEOSOL
EXXARO,Exxaro Tiles Limited,INE0GFE01026,NSE:EXXARO
FABTECH,Fabtech Technologies Limited,INE0HF201011,NSE:FABTECH
FACT,Fertilizers and Chemicals Travancore Limited,INE188A01015,NSE:FACT
FAIRCHEMOR,Fairchem Organics Limited,INE0DNW01011,NSE:FAIRCHEMOR
FCL,Fineotex Chemical Limited,INE045J01034,NSE:FCL
FCSSOFT,FCS Software Solutions Limited,INE512B01022,NSE:FCSSOFT
FDC,FDC Limited,INE258B01022,NSE:FDC
FEDERALBNK,The Federal Bank  Limited,INE171A01029,NSE:FEDERALBNK
FEDFINA,Fedbank Financial Services Limited,INE007N01010,NSE:FEDFINA
FIEMIND,Fiem Industries Limited,INE737H01014,NSE:FIEMIND
FILATEX,Filatex India Limited,INE816B01035,NSE:FILATEX
FILATFASH,Filatex Fashions Limited,INE185E01021,NSE:FILATFASH
FINCABLES,Finolex Cables Limited,INE235A01022,NSE:FINCABLES
FINEORG,Fine Organic Industries Limited,INE686Y01026,NSE:FINEORG
FINKURVE,Finkurve Financial Services Limited,INE734I01027,NSE:FINKURVE
FINOPB,Fino Payments Bank Limited,INE02NC01014,NSE:FINOPB
FINPIPE,Finolex Industries Limited,INE183A01024,NSE:FINPIPE
FIRSTCRY,Brainbees Solutions Limited,INE02RE01045,NSE:FIRSTCRY
FISCHER,Fischer Medical Ventures Limited,INE771F01041,NSE:FISCHER
FIVESTAR,Five-Star Business Finance Limited,INE128S01021,NSE:FIVESTAR
FLAIR,Flair Writing Industries Limited,INE00Y201027,NSE:FLAIR
FLEXITUFF,Flexituff Ventures International Limited,INE060J01017,NSE:FLEXITUFF
FLUOROCHEM,Gujarat Fluorochemicals Limited,INE09N301011,NSE:FLUOROCHEM
FMGOETZE,Federal-Mogul Goetze (India) Limited.,INE529A01010,NSE:FMGOETZE
FMNL,Future Market Networks Limited,INE360L01017,NSE:FMNL
FOCUS,Focus Lighting and Fixtures Limited,INE593W01028,NSE:FOCUS
FOODSIN,Foods & Inns Limited,INE976E01023,NSE:FOODSIN
FORCEMOT,FORCE MOTORS LTD,INE451A01017,NSE:FORCEMOT
FORTIS,Fortis Healthcare Limited,INE061F01013,NSE:FORTIS
FOSECOIND,Foseco India Limited,INE519A01011,NSE:FOSECOIND
FRACTAL,Fractal Analytics Limited,INE212S01015,NSE:FRACTAL
FSL,Firstsource Solutions Limited,INE684F01012,NSE:FSL
FUSION,Fusion Finance Limited,INE139R01012,NSE:FUSION
GABRIEL,Gabriel India Limited,INE524A01029,NSE:GABRIEL
GAEL,Gujarat Ambuja Exports Limited,INE036B01030,NSE:GAEL
GAIL,GAIL (India) Limited,INE129A01019,NSE:GAIL
GALAPREC,Gala Precision Engineering Limited,INE0RE001014,NSE:GALAPREC
GALAXYSURF,Galaxy Surfactants Limited,INE600K01018,NSE:GALAXYSURF
GALLANTT,Gallantt Ispat Limited,INE297H01019,NSE:GALLANTT
GANDHAR,Gandhar Oil Refinery (India) Limited,INE717W01049,NSE:GANDHAR
GANDHITUBE,Gandhi Special Tubes Limited,INE524B01027,NSE:GANDHITUBE
GANECOS,Ganesha Ecosphere Limited,INE845D01014,NSE:GANECOS
GANESHBE,Ganesh Benzoplast Limited,INE388A01029,NSE:GANESHBE
GANESHCP,Ganesh Consumer Products Limited,INE652V01016,NSE:GANESHCP
GANESHHOU,GANESH HOUSING LIMITED,INE460C01014,NSE:GANESHHOU
GANGAFORGE,Ganga Forging Limited,INE691Z01023,NSE:GANGAFORGE
GANGESSECU,Ganges Securities Limited,INE335W01016,NSE:GANGESSECU
GARFIBRES,Garware Technical Fibres Limited,INE276A01018,NSE:GARFIBRES
GARUDA,Garuda Construction and Engineering Limited,INE0JVO01026,NSE:GARUDA
GATECH,GACM Technologies Limited,INE224E01028,NSE:GATECH
GATECHDVR,GACM Technologies Limited,INE224E01036,NSE:GATECHDVR
GATEWAY,Gateway Distriparks Limited,INE079J01017,NSE:GATEWAY
GAYAHWS,Gayatri Highways Limited,INE287Z01012,NSE:GAYAHWS
GEECEE,GeeCee Ventures Limited,INE916G01016,NSE:GEECEE
GEEKAYWIRE,Geekay Wires Limited,INE669X01032,NSE:GEEKAYWIRE
GEMAROMA,Gem Aromatics Limited,INE06XZ01023,NSE:GEMAROMA
GENCON,Generic Engineering Construction and Projects Limited,INE854S01022,NSE:GENCON
GENESYS,Genesys International Corporation Limited,INE727B01026,NSE:GENESYS
GENUSPAPER,Genus Paper & Boards Limited,INE949P01018,NSE:GENUSPAPER
GENUSPOWER,Genus Power Infrastructures Limited,INE955D01029,NSE:GENUSPOWER
GEOJITFSL,Geojit Financial Services Limited,INE007B01023,NSE:GEOJITFSL
GESHIP,The Great Eastern Shipping Company Limited,INE017A01032,NSE:GESHIP
GFLLIMITED,GFL Limited,INE538A01037,NSE:GFLLIMITED
GHCL,GHCL Limited,INE539A01019,NSE:GHCL
GHCLTEXTIL,GHCL Textiles Limited,INE0PA801013,NSE:GHCLTEXTIL
GICHSGFIN,GIC Housing Finance Limited,INE289B01019,NSE:GICHSGFIN
GICRE,General Insurance Corporation of India,INE481Y01014,NSE:GICRE
GILLANDERS,Gillanders Arbuthnot & Company Limited,INE047B01011,NSE:GILLANDERS
GILLETTE,Gillette India Limited,INE322A01010,NSE:GILLETTE
GINNIFILA,Ginni Filaments Limited,INE424C01010,NSE:GINNIFILA
GIPCL,Gujarat Industries Power Company Limited,INE162A01010,NSE:GIPCL
GKENERGY,GK Energy Limited,INE1AG301022,NSE:GKENERGY
GKSL,Gujarat Kidney And Super Speciality Limited,INE0V0W01025,NSE:GKSL
GKWLIMITED,GKW Limited,INE528A01020,NSE:GKWLIMITED
GLAND,Gland Pharma Limited,INE068V01023,NSE:GLAND
GLAXO,GlaxoSmithKline Pharmaceuticals Limited,INE159A01016,NSE:GLAXO
GLENMARK,Glenmark Pharmaceuticals Limited,INE935A01035,NSE:GLENMARK
GLOBALE,Globale Tessile Limited,INE0URU01010,NSE:GLOBALE
GLOBALVECT,Global Vectra Helicorp Limited,INE792H01019,NSE:GLOBALVECT
GLOBE,GLOBE ENTERPRISES (INDIA) LIMITED,INE581X01021,NSE:GLOBE
GLOBECIVIL,Globe Civil Projects Limited,INE0V3U01015,NSE:GLOBECIVIL
GLOBUSSPR,Globus Spirits Limited,INE615I01010,NSE:GLOBUSSPR
GLOSTERLTD,Gloster Limited,INE350Z01018,NSE:GLOSTERLTD
GLOTTIS,Glottis Limited,INE0TQE01026,NSE:GLOTTIS
GMBREW,GM Breweries Limited,INE075D01018,NSE:GMBREW
GMDCLTD,Gujarat Mineral Development Corporation Limited,INE131A01031,NSE:GMDCLTD
GMMPFAUDLR,GMM Pfaudler Limited,INE541A01023,NSE:GMMPFAUDLR
GMRAIRPORT,GMR AIRPORTS LIMITED,INE776C01039,NSE:GMRAIRPORT
GMRP&UI,GMR Power and Urban Infra Limited,INE0CU601026,NSE:GMRP&UI
GNA,GNA Axles Limited,INE934S01014,NSE:GNA
GNFC,Gujarat Narmada Valley Fertilizers and Chemicals Limited,INE113A01013,NSE:GNFC
GOACARBON,Goa Carbon Limited,INE426D01013,NSE:GOACARBON
GOCLCORP,GOCL Corporation Limited,INE077F01035,NSE:GOCLCORP
GOCOLORS,Go Fashion (India) Limited,INE0BJS01011,NSE:GOCOLORS
GODAVARIB,Godavari Biorefineries Limited,INE497S01012,NSE:GODAVARIB
GODFRYPHLP,Godfrey Phillips India Limited,INE260B01028,NSE:GODFRYPHLP
GODIGIT,Go Digit General Insurance Limited,INE03JT01014,NSE:GODIGIT
GODREJAGRO,Godrej Agrovet Limited,INE850D01014,NSE:GODREJAGRO
GODREJCP,Godrej Consumer Products Limited,INE102D01028,NSE:GODREJCP
GODREJIND,Godrej Industries Limited,INE233A01035,NSE:GODREJIND
GODREJPROP,Godrej Properties Limited,INE484J01027,NSE:GODREJPROP
GOKEX,Gokaldas Exports Limited,INE887G01027,NSE:GOKEX
GOKUL,Gokul Refoils and Solvent Limited,INE020J01029,NSE:GOKUL
GOKULAGRO,Gokul Agro Resources Limited,INE314T01033,NSE:GOKULAGRO
GOLDIAM,Goldiam International Limited,INE025B01025,NSE:GOLDIAM
GOLDTECH,AION-TECH SOLUTIONS LIMITED,INE805A01014,NSE:GOLDTECH
GOODLUCK,Goodluck India Limited,INE127I01024,NSE:GOODLUCK
GOPAL,Gopal Snacks Limited,INE0L9R01028,NSE:GOPAL
GPIL,Godawari Power And Ispat limited,INE177H01039,NSE:GPIL
GPPL,Gujarat Pipavav Port Limited,INE517F01014,NSE:GPPL
GPTHEALTH,GPT Healthcare Limited,INE486R01017,NSE:GPTHEALTH
GPTINFRA,GPT Infraprojects Limited,INE390G01014,NSE:GPTINFRA
GRANULES,Granules India Limited,INE101D01020,NSE:GRANULES
GRAPHITE,Graphite India Limited,INE371A01025,NSE:GRAPHITE
GRASIM,Grasim Industries Limited,INE047A01021,NSE:GRASIM
GRAVITA,Gravita India Limited,INE024L01027,NSE:GRAVITA
GREAVESCOT,Greaves Cotton Limited,INE224A01026,NSE:GREAVESCOT
GREENLAM,Greenlam Industries Limited,INE544R01021,NSE:GREENLAM
GREENPANEL,Greenpanel Industries Limited,INE08ZM01014,NSE:GREENPANEL
GREENPLY,Greenply Industries Limited,INE461C01038,NSE:GREENPLY
GREENPOWER,Orient Green Power Company Limited,INE999K01014,NSE:GREENPOWER
GRINDWELL,Grindwell Norton Limited,INE536A01023,NSE:GRINDWELL
GRINFRA,G R Infraprojects Limited,INE201P01022,NSE:GRINFRA
GRMOVER,GRM Overseas Limited,INE192H01020,NSE:GRMOVER
GROBTEA,The Grob Tea Company Limited,INE646C01018,NSE:GROBTEA
GROWW,Billionbrains Garage Ventures Limited,INE0HOQ01053,NSE:GROWW
GRPLTD,GRP Limited,INE137I01015,NSE:GRPLTD
GRSE,Garden Reach Shipbuilders & Engineers Limited,INE382Z01011,NSE:GRSE
GRWRHITECH,Garware Hi-Tech Films Limited,INE291A01017,NSE:GRWRHITECH
GSFC,Gujarat State Fertilizers & Chemicals Limited,INE026A01025,NSE:GSFC
GSLSU,Global Surfaces Limited,INE0JSX01015,NSE:GSLSU
GSPL,Gujarat State Petronet Limited,INE246F01010,NSE:GSPL
GSS,GSS Infotech Limited,INE871H01011,NSE:GSS
GTECJAINX,G-TEC JAINX EDUCATION LIMITED,INE586X01012,NSE:GTECJAINX
GTL,GTL Limited,INE043A01012,NSE:GTL
GTLINFRA,GTL Infrastructure Limited,INE221H01019,NSE:GTLINFRA
GTPL,GTPL Hathway Limited,INE869I01013,NSE:GTPL
GUFICBIO,Gufic Biosciences Limited,INE742B01025,NSE:GUFICBIO
GUJALKALI,Gujarat Alkalies and Chemicals Limited,INE186A01019,NSE:GUJALKALI
GUJAPOLLO,Gujarat Apollo Industries Limited,INE826C01016,NSE:GUJAPOLLO
GUJGASLTD,Gujarat Gas Limited,INE844O01030,NSE:GUJGASLTD
GUJRAFFIA,Gujarat Raffia Industries Limited,INE610B01024,NSE:GUJRAFFIA
GUJTHEM,Gujarat Themis Biosyn Limited,INE942C01045,NSE:GUJTHEM
GULFOILLUB,Gulf Oil Lubricants India Limited,INE635Q01029,NSE:GULFOILLUB
GULFPETRO,GP Petroleums Limited,INE586G01017,NSE:GULFPETRO
GULPOLY,Gulshan Polyols Limited,INE255D01024,NSE:GULPOLY
GVPTECH,GVP Infotech Limited,INE382T01030,NSE:GVPTECH
GVT&D,GE Vernova T&D India Limited,INE200A01026,NSE:GVT&D
HAL,Hindustan Aeronautics Limited,INE066F01020,NSE:HAL
HALDER,Halder Venture Limited,INE115S01010,NSE:HALDER
HALEOSLABS,HALEOS LABS LIMITED,INE320X01016,NSE:HALEOSLABS
HAPPSTMNDS,Happiest Minds Technologies Limited,INE419U01012,NSE:HAPPSTMNDS
HAPPYFORGE,Happy Forgings Limited,INE330T01021,NSE:HAPPYFORGE
HARIOMPIPE,Hariom Pipe Industries Limited,INE00EV01017,NSE:HARIOMPIPE
HARRMALAYA,Harrisons  Malayalam Limited,INE544A01019,NSE:HARRMALAYA
HARSHA,Harsha Engineers International Limited,INE0JUS01029,NSE:HARSHA
HATHWAY,Hathway Cable & Datacom Limited,INE982F01036,NSE:HATHWAY
HATSUN,Hatsun Agro Product Limited,INE473B01035,NSE:HATSUN
HAVELLS,Havells India Limited,INE176B01034,NSE:HAVELLS
HAVISHA,Sri Havisha Hospitality and Infrastructure Limited,INE293B01029,NSE:HAVISHA
HBLENGINE,HBL Engineering Limited,INE292B01021,NSE:HBLENGINE
HBSL,HB Stockholdings Limited,INE550B01022,NSE:HBSL
HCC,Hindustan Construction Company Limited,INE549A01026,NSE:HCC
HCG,Healthcare Global Enterprises Limited,INE075I01017,NSE:HCG
HCL-INSYS,HCL Infosystems Limited,INE236A01020,NSE:HCL-INSYS
HCLTECH,HCL Technologies Limited,INE860A01027,NSE:HCLTECH
HDBFS,HDB Financial Services Limited,INE756I01012,NSE:HDBFS
HDFCAMC,HDFC Asset Management Company Limited,INE127D01025,NSE:HDFCAMC
HDFCBANK,HDFC Bank Limited,INE040A01034,NSE:HDFCBANK
HDFCLIFE,HDFC Life Insurance Company Limited,INE795G01014,NSE:HDFCLIFE
HEADSUP,Heads UP Ventures Limited,INE759V01019,NSE:HEADSUP
HECPROJECT,HEC Infra Projects Limited,INE558R01013,NSE:HECPROJECT
HEG,HEG Limited,INE545A01024,NSE:HEG
HEIDELBERG,HeidelbergCement India Limited,INE578A01017,NSE:HEIDELBERG
HEMIPROP,Hemisphere Properties India Limited,INE0AJG01018,NSE:HEMIPROP
HERANBA,Heranba Industries Limited,INE694N01015,NSE:HERANBA
HERITGFOOD,Heritage Foods Limited,INE978A01027,NSE:HERITGFOOD
HEROMOTOCO,Hero MotoCorp Limited,INE158A01026,NSE:HEROMOTOCO
HESTERBIO,Hester Biosciences Limited,INE782E01017,NSE:HESTERBIO
HEXATRADEX,Hexa Tradex Limited,INE750M01017,NSE:HEXATRADEX
HEXT,Hexaware Technologies Limited,INE093A01041,NSE:HEXT
HFCL,HFCL Limited,INE548A01028,NSE:HFCL
HGINFRA,H.G. Infra Engineering Limited,INE926X01010,NSE:HGINFRA
HGM,HandsOn Global Management (HGM) Limited,INE596H01014,NSE:HGM
HGS,Hinduja Global Solutions Limited,INE170I01016,NSE:HGS
HIKAL,Hikal Limited,INE475B01022,NSE:HIKAL
HILINFRA,Highway Infrastructure Limited,INE00RL01028,NSE:HILINFRA
HILTON,Hilton Metal Forging Limited,INE788H01017,NSE:HILTON
HIMATSEIDE,Himatsingka Seide Limited,INE049A01027,NSE:HIMATSEIDE
HINDALCO,Hindalco Industries Limited,INE038A01020,NSE:HINDALCO
HINDCOMPOS,Hindustan Composites Limited,INE310C01029,NSE:HINDCOMPOS
HINDCON,Hindcon Chemicals Limited,INE642Y01029,NSE:HINDCON
HINDCOPPER,Hindustan Copper Limited,INE531E01026,NSE:HINDCOPPER
HINDOILEXP,Hindustan Oil Exploration Company Limited,INE345A01011,NSE:HINDOILEXP
HINDPETRO,Hindustan Petroleum Corporation Limited,INE094A01015,NSE:HINDPETRO
HINDUNILVR,Hindustan Unilever Limited,INE030A01027,NSE:HINDUNILVR
HINDWAREAP,Hindware Home Innovation Limited,INE05AN01011,NSE:HINDWAREAP
HINDZINC,Hindustan Zinc Limited,INE267A01025,NSE:HINDZINC
HIRECT,Hind Rectifiers Limited,INE835D01023,NSE:HIRECT
HISARMETAL,Hisar Metal Industries Limited,INE598C01011,NSE:HISARMETAL
HITECH,Hi-Tech Pipes Limited,INE106T01025,NSE:HITECH
HITECHCORP,Hitech Corporation Limited,INE120D01012,NSE:HITECHCORP
HLEGLAS,HLE Glascoat Limited,INE461D01028,NSE:HLEGLAS
HLVLTD,HLV LIMITED,INE102A01024,NSE:HLVLTD
HMAAGRO,HMA Agro Industries Limited,INE0ECP01024,NSE:HMAAGRO
HMVL,Hindustan Media Ventures Limited,INE871K01015,NSE:HMVL
HNDFDS,Hindustan Foods Limited,INE254N01026,NSE:HNDFDS
HOMEFIRST,Home First Finance Company India Limited,INE481N01025,NSE:HOMEFIRST
HONASA,Honasa Consumer Limited,INE0J5401028,NSE:HONASA
HONAUT,Honeywell Automation India Limited,INE671A01010,NSE:HONAUT
HONDAPOWER,Honda India Power Products Limited,INE634A01018,NSE:HONDAPOWER
HPAL,HP Adhesives Limited,INE0GSL01024,NSE:HPAL
HPIL,Hindprakash Industries Limited,INE05X901010,NSE:HPIL
HPL,HPL Electric & Power Limited,INE495S01016,NSE:HPL
HSCL,Himadri Speciality Chemical Limited,INE019C01026,NSE:HSCL
HTMEDIA,HT Media Limited,INE501G01024,NSE:HTMEDIA
HUBTOWN,Hubtown Limited,INE703H01016,NSE:HUBTOWN
HUDCO,Housing & Urban Development Corporation Limited,INE031A01017,NSE:HUDCO
HUHTAMAKI,Huhtamaki India Limited,INE275B01026,NSE:HUHTAMAKI
HYBRIDFIN,Hybrid Financial Services Limited,INE965B01022,NSE:HYBRIDFIN
HYUNDAI,Hyundai Motor India Limited,INE0V6F01027,NSE:HYUNDAI
IBULLSLTD,Indiabulls Limited,INE126M01010,NSE:IBULLSLTD
ICDSLTD,ICDS Limited,INE613B01010,NSE:ICDSLTD
ICEMAKE,Ice Make Refrigeration Limited,INE520Y01019,NSE:ICEMAKE
ICICIAMC,ICICI Prudential Asset Management Company Limited,INE346A01027,NSE:ICICIAMC
ICICIBANK,ICICI Bank Limited,INE090A01021,NSE:ICICIBANK
ICICIGI,ICICI Lombard General Insurance Company Limited,INE765G01017,NSE:ICICIGI
ICICIPRULI,ICICI Prudential Life Insurance Company Limited,INE726G01019,NSE:ICICIPRULI
ICIL,Indo Count Industries Limited,INE483B01026,NSE:ICIL
ICRA,ICRA Limited,INE725G01011,NSE:ICRA
IDBI,IDBI Bank Limited,INE008A01015,NSE:IDBI
IDEA,Vodafone Idea Limited,INE669E01016,NSE:IDEA
IDEAFORGE,Ideaforge Technology Limited,INE349Y01013,NSE:IDEAFORGE
IDFCFIRSTB,IDFC First Bank Limited,INE092T01019,NSE:IDFCFIRSTB
IEX,Indian Energy Exchange Limited,INE022Q01020,NSE:IEX
IFBAGRO,IFB Agro Industries Limited,INE076C01018,NSE:IFBAGRO
IFBIND,IFB Industries Limited,INE559A01017,NSE:IFBIND
IFCI,IFCI Limited,INE039A01010,NSE:IFCI
IFGLEXPOR,IFGL Refractories Limited,INE133Y01011,NSE:IFGLEXPOR
IGARASHI,Igarashi Motors India Limited,INE188B01013,NSE:IGARASHI
IGCL,Indogulf Cropsciences Limited,INE05J901018,NSE:IGCL
IGIL,International Gemmological Institute (India) Limited,INE0Q9301021,NSE:IGIL
IGL,Indraprastha Gas Limited,INE203G01027,NSE:IGL
IGPL,IG Petrochemicals Limited,INE204A01010,NSE:IGPL
IIFL,IIFL Finance Limited,INE530B01024,NSE:IIFL
IIFLCAPS,IIFL Capital Services Limited,INE489L01022,NSE:IIFLCAPS
IITL,Industrial Investment Trust Limited,INE886A01014,NSE:IITL
IKIO,IKIO Technologies Limited,INE0LOJ01019,NSE:IKIO
IKS,Inventurus Knowledge Solutions Limited,INE115Q01022,NSE:IKS
IMAGICAA,Imagicaaworld Entertainment Limited,INE172N01012,NSE:IMAGICAA
IMFA,Indian Metals & Ferro Alloys Limited,INE919H01018,NSE:IMFA
IMPAL,India Motor Parts and Accessories Limited,INE547E01014,NSE:IMPAL
INA,Insolation Energy Limited,INE0LGX01024,NSE:INA
INCREDIBLE,INCREDIBLE INDUSTRIES LIMITED,INE452L01012,NSE:INCREDIBLE
INDBANK,Indbank Merchant Banking Services Limited,INE841B01017,NSE:INDBANK
INDGN,Indegene Limited,INE065X01017,NSE:INDGN
INDHOTEL,The Indian Hotels Company Limited,INE053A01029,NSE:INDHOTEL
INDIACEM,The India Cements Limited,INE383A01012,NSE:INDIACEM
INDIAGLYCO,India Glycols Limited,INE560A01023,NSE:INDIAGLYCO
INDIAMART,Indiamart Intermesh Limited,INE933S01016,NSE:INDIAMART
INDIANB,Indian Bank,INE562A01011,NSE:INDIANB
INDIANCARD,Indian Card Clothing Company Limited,INE061A01014,NSE:INDIANCARD
INDIANHUME,Indian Hume Pipe Company Limited,INE323C01030,NSE:INDIANHUME
INDIASHLTR,India Shelter Finance Corporation Limited,INE922K01024,NSE:INDIASHLTR
INDIGO,InterGlobe Aviation Limited,INE646L01027,NSE:INDIGO
INDIGOPNTS,Indigo Paints Limited,INE09VQ01012,NSE:INDIGOPNTS
INDIQUBE,Indiqube Spaces Limited,INE06ST01018,NSE:INDIQUBE
INDNIPPON,India Nippon Electricals Limited,INE092B01025,NSE:INDNIPPON
INDOAMIN,Indo Amines Limited,INE760F01028,NSE:INDOAMIN
INDOBORAX,Indo Borax & Chemicals Limited,INE803D01021,NSE:INDOBORAX
INDOCO,Indoco Remedies Limited,INE873D01024,NSE:INDOCO
INDOFARM,Indo Farm Equipment Limited,INE622H01018,NSE:INDOFARM
INDORAMA,Indo Rama Synthetics (India) Limited,INE156A01020,NSE:INDORAMA
INDOSTAR,IndoStar Capital Finance Limited,INE896L01010,NSE:INDOSTAR
INDOTECH,Indo Tech Transformers Limited,INE332H01014,NSE:INDOTECH
INDOTHAI,Indo Thai Securities Limited,INE337M01021,NSE:INDOTHAI
INDOUS,Indo Us Biotech Limited,INE250Z01010,NSE:INDOUS
INDOWIND,Indowind Energy Limited,INE227G01018,NSE:INDOWIND
INDRAMEDCO,Indraprastha Medical Corporation Limited,INE681B01017,NSE:INDRAMEDCO
INDSWFTLAB,Ind-Swift Laboratories Limited,INE915B01019,NSE:INDSWFTLAB
INDTERRAIN,Indian Terrain Fashions Limited,INE611L01021,NSE:INDTERRAIN
INDUSINDBK,IndusInd Bank Limited,INE095A01012,NSE:INDUSINDBK
INDUSTOWER,Indus Towers Limited,INE121J01017,NSE:INDUSTOWER
INFOBEAN,InfoBeans Technologies Limited,INE344S01016,NSE:INFOBEAN
INFOMEDIA,Infomedia Press Limited,INE669A01022,NSE:INFOMEDIA
INFY,Infosys Limited,INE009A01021,NSE:INFY
INGERRAND,Ingersoll Rand (India) Limited,INE177A01018,NSE:INGERRAND
INNOVACAP,Innova Captab Limited,INE0DUT01020,NSE:INNOVACAP
INNOVANA,Innovana Thinklabs Limited,INE403Y01018,NSE:INNOVANA
INOXGREEN,Inox Green Energy Services Limited,INE510W01014,NSE:INOXGREEN
INOXINDIA,INOX India Limited,INE616N01034,NSE:INOXINDIA
INOXWIND,Inox Wind Limited,INE066P01011,NSE:INOXWIND
INSECTICID,Insecticides (India) Limited,INE070I01018,NSE:INSECTICID
INTELLECT,Intellect Design Arena Limited,INE306R01017,NSE:INTELLECT
INTENTECH,Intense Technologies Limited,INE781A01025,NSE:INTENTECH
INTERARCH,Interarch Building Solutions Limited,INE00M901018,NSE:INTERARCH
INTLCONV,International Conveyors Limited,INE575C01027,NSE:INTLCONV
INVENTURE,Inventure Growth & Securities Limited,INE878H01024,NSE:INVENTURE
IOB,Indian Overseas Bank,INE565A01014,NSE:IOB
IOC,Indian Oil Corporation Limited,INE242A01010,NSE:IOC
IOLCP,IOL Chemicals and Pharmaceuticals Limited,INE485C01029,NSE:IOLCP
IONEXCHANG,ION Exchange (India) Limited,INE570A01022,NSE:IONEXCHANG
IPCALAB,IPCA Laboratories Limited,INE571A01038,NSE:IPCALAB
IPL,India Pesticides Limited,INE0D6701023,NSE:IPL
IRB,IRB Infrastructure Developers Limited,INE821I01022,NSE:IRB
IRCON,Ircon International Limited,INE962Y01021,NSE:IRCON
IRCTC,Indian Railway Catering And Tourism Corporation Limited,INE335Y01020,NSE:IRCTC
IREDA,Indian Renewable Energy Development Agency Limited,INE202E01016,NSE:IREDA
IRFC,Indian Railway Finance Corporation Limited,INE053F01010,NSE:IRFC
IRIS,IRIS RegTech Solutions Limited,INE864K01010,NSE:IRIS
IRISDOREME,Iris Clothings Limited,INE01GN01025,NSE:IRISDOREME
IRMENERGY,IRM Energy Limited,INE07U701015,NSE:IRMENERGY
ISFT,Intrasoft Technologies Limited,INE566K01011,NSE:ISFT
ISGEC,Isgec Heavy Engineering Limited,INE858B01029,NSE:ISGEC
ISHANCH,Ishan Dyes and Chemicals Limited,INE561M01018,NSE:ISHANCH
ITC,ITC Limited,INE154A01025,NSE:ITC
ITCHOTELS,ITC Hotels Limited,INE379A01028,NSE:ITCHOTELS
ITDC,India Tourism Development Corporation Limited,INE353K01014,NSE:ITDC
ITI,ITI Limited,INE248A01017,NSE:ITI
IVALUE,Ivalue Infosolutions Limited,INE056801025,NSE:IVALUE
IVC,IL&FS Investment Managers Limited,INE050B01023,NSE:IVC
IVP,IVP Limited,INE043C01018,NSE:IVP
IXIGO,Le Travenues Technology Limited,INE0HV901016,NSE:IXIGO
J&KBANK,The Jammu & Kashmir Bank Limited,INE168A01041,NSE:J&KBANK
JAGRAN,Jagran Prakashan Limited,INE199G01027,NSE:JAGRAN
JAGSNPHARM,Jagsonpal Pharmaceuticals Limited,INE048B01035,NSE:JAGSNPHARM
JAIBALAJI,Jai Balaji Industries Limited,INE091G01026,NSE:JAIBALAJI
JAICORPLTD,Jai Corp Limited,INE070D01027,NSE:JAICORPLTD
JAINREC,Jain Resource Recycling Limited,INE0YD401026,NSE:JAINREC
JAIPURKURT,Nandani Creation Limited,INE696V01013,NSE:JAIPURKURT
JAMNAAUTO,Jamna Auto Industries Limited,INE039C01032,NSE:JAMNAAUTO
JARO,Jaro Institute of Technology Management and Research Limited,INE00YJ01010,NSE:JARO
JASH,Jash Engineering Limited,INE039O01029,NSE:JASH
JAYAGROGN,Jayant Agro Organics Limited,INE785A01026,NSE:JAYAGROGN
JAYBARMARU,Jay Bharat Maruti Limited,INE571B01036,NSE:JAYBARMARU
JAYKAY,Jaykay Enterprises Limited,INE903A01025,NSE:JAYKAY
JAYNECOIND,Jayaswal Neco Industries Limited,INE854B01010,NSE:JAYNECOIND
JAYSREETEA,Jayshree Tea & Industries Limited,INE364A01020,NSE:JAYSREETEA
JBCHEPHARM,JB Chemicals & Pharmaceuticals Limited,INE572A01036,NSE:JBCHEPHARM
JBMA,JBM Auto Limited,INE927D01051,NSE:JBMA
JGCHEM,J.G.Chemicals Limited,INE0MB501011,NSE:JGCHEM
JHS,JHS Svendgaard Laboratories Limited,INE544H01014,NSE:JHS
JINDALPHOT,Jindal Photo Limited,INE796G01012,NSE:JINDALPHOT
JINDALPOLY,Jindal Poly Films Limited,INE197D01010,NSE:JINDALPOLY
JINDALSAW,Jindal Saw Limited,INE324A01032,NSE:JINDALSAW
JINDALSTEL,JINDAL STEEL LIMITED,INE749A01030,NSE:JINDALSTEL
JINDRILL,Jindal Drilling And Industries Limited,INE742C01031,NSE:JINDRILL
JINDWORLD,Jindal Worldwide Limited,INE247D01039,NSE:JINDWORLD
JIOFIN,Jio Financial Services Limited,INE758E01017,NSE:JIOFIN
JISLDVREQS,Jain Irrigation Systems Limited,IN9175A01010,NSE:JISLDVREQS
JISLJALEQS,Jain Irrigation Systems Limited,INE175A01038,NSE:JISLJALEQS
JKCEMENT,JK Cement Limited,INE823G01014,NSE:JKCEMENT
JKIL,J.Kumar Infraprojects Limited,INE576I01022,NSE:JKIL
JKIPL,Jinkushal Industries Limited,INE1FF001016,NSE:JKIPL
JKLAKSHMI,JK Lakshmi Cement Limited,INE786A01032,NSE:JKLAKSHMI
JKPAPER,JK Paper Limited,INE789E01012,NSE:JKPAPER
JKTYRE,JK Tyre & Industries Limited,INE573A01042,NSE:JKTYRE
JLHL,Jupiter Life Line Hospitals Limited,INE682M01012,NSE:JLHL
JMA,Jullundur Motor Agency (Delhi) Limited,INE412C01023,NSE:JMA
JMFINANCIL,JM Financial Limited,INE780C01023,NSE:JMFINANCIL
JNKINDIA,JNK India Limited,INE0OAF01028,NSE:JNKINDIA
JOCIL,Jocil Limited,INE839G01010,NSE:JOCIL
JPOLYINVST,Jindal Poly Investment and Finance Company Limited,INE147P01019,NSE:JPOLYINVST
JPPOWER,Jaiprakash Power Ventures Limited,INE351F01018,NSE:JPPOWER
JSFB,Jana Small Finance Bank Limited,INE953L01027,NSE:JSFB
JSL,Jindal Stainless Limited,INE220G01021,NSE:JSL
JSLL,Jeena Sikho Lifecare Limited,INE0J5801029,NSE:JSLL
JSWCEMENT,JSW Cement Limited,INE718I01012,NSE:JSWCEMENT
JSWENERGY,JSW Energy Limited,INE121E01018,NSE:JSWENERGY
JSWHL,JSW Holdings Limited,INE824G01012,NSE:JSWHL
JSWINFRA,JSW Infrastructure Limited,INE880J01026,NSE:JSWINFRA
JSWSTEEL,JSW Steel Limited,INE019A01038,NSE:JSWSTEEL
JTEKTINDIA,Jtekt India Limited,INE643A01035,NSE:JTEKTINDIA
JTLIND,JTL INDUSTRIES LIMITED,INE391J01032,NSE:JTLIND
JUBLCPL,Jubilant Agri and Consumer Products Limited,INE03CC01015,NSE:JUBLCPL
JUBLFOOD,Jubilant Foodworks Limited,INE797F01020,NSE:JUBLFOOD
JUBLINGREA,Jubilant Ingrevia Limited,INE0BY001018,NSE:JUBLINGREA
JUBLPHARMA,Jubilant Pharmova Limited,INE700A01033,NSE:JUBLPHARMA
JUNIPER,Juniper Hotels Limited,INE696F01016,NSE:JUNIPER
JUSTDIAL,Just Dial Limited,INE599M01018,NSE:JUSTDIAL
JWL,Jupiter Wagons Limited,INE209L01016,NSE:JWL
JYOTHYLAB,Jyothy Labs Limited,INE668F01031,NSE:JYOTHYLAB
JYOTICNC,Jyoti CNC Automation Limited,INE980O01024,NSE:JYOTICNC
JYOTISTRUC,Jyoti Structures Limited,INE197A01024,NSE:JYOTISTRUC
KABRAEXTRU,Kabra Extrusion Technik Limited,INE900B01029,NSE:KABRAEXTRU
KAJARIACER,Kajaria Ceramics Limited,INE217B01036,NSE:KAJARIACER
KAKATCEM,Kakatiya Cement Sugar & Industries Limited,INE437B01014,NSE:KAKATCEM
KALAMANDIR,Sai Silks (Kalamandir) Limited,INE438K01021,NSE:KALAMANDIR
KALPATARU,Kalpataru Limited,INE227J01012,NSE:KALPATARU
KALYANIFRG,Kalyani Forge Limited,INE314G01014,NSE:KALYANIFRG
KALYANKJIL,Kalyan Jewellers India Limited,INE303R01014,NSE:KALYANKJIL
KAMATHOTEL,Kamat Hotels (I) Limited,INE967C01018,NSE:KAMATHOTEL
KAMDHENU,Kamdhenu Limited,INE390H01020,NSE:KAMDHENU
KAMOPAINTS,Kamdhenu Ventures Limited,INE0BTI01037,NSE:KAMOPAINTS
KANANIIND,Kanani Industries Limited,INE879E01037,NSE:KANANIIND
KANORICHEM,Kanoria Chemicals & Industries Limited,INE138C01024,NSE:KANORICHEM
KANPRPLA,Kanpur Plastipack Limited,INE694E01014,NSE:KANPRPLA
KANSAINER,Kansai Nerolac Paints Limited,INE531A01024,NSE:KANSAINER
KARMAENG,Karma Energy Limited,INE725L01011,NSE:KARMAENG
KARURVYSYA,Karur Vysya Bank Limited,INE036D01028,NSE:KARURVYSYA
KAUSHALYA,Kaushalya Infrastructure Development Corporation Limited,INE234I01028,NSE:KAUSHALYA
KAYA,Kaya Limited,INE587G01015,NSE:KAYA
KAYNES,Kaynes Technology India Limited,INE918Z01012,NSE:KAYNES
KCP,KCP Limited,INE805C01028,NSE:KCP
KCPSUGIND,KCP Sugar and Industries Corporation Limited,INE790B01024,NSE:KCPSUGIND
KDDL,KDDL Limited,INE291D01011,NSE:KDDL
KEC,KEC International Limited,INE389H01022,NSE:KEC
KECL,Kirloskar Electric Company Limited,INE134B01017,NSE:KECL
KEEPLEARN,DSJ Keep Learning Limited,INE055C01020,NSE:KEEPLEARN
KEI,KEI Industries Limited,INE878B01027,NSE:KEI
KELLTONTEC,Kellton Tech Solutions Limited,INE164B01030,NSE:KELLTONTEC
KERNEX,Kernex Microsystems (India) Limited,INE202H01019,NSE:KERNEX
KEYFINSERV,Keynote Financial Services Limited,INE681C01015,NSE:KEYFINSERV
KFINTECH,Kfin Technologies Limited,INE138Y01010,NSE:KFINTECH
KHADIM,Khadim India Limited,INE834I01025,NSE:KHADIM
KHAICHEM,Khaitan Chemicals & Fertilizers Limited,INE745B01028,NSE:KHAICHEM
KHAITANLTD,Khaitan (India) Limited,INE731C01018,NSE:KHAITANLTD
KHANDSE,Khandwala Securities Limited,INE060B01014,NSE:KHANDSE
KICL,Kalyani Investment Company Limited,INE029L01018,NSE:KICL
KILITCH,Kilitch Drugs (India) Limited,INE729D01010,NSE:KILITCH
KIMS,Krishna Institute of Medical Sciences Limited,INE967H01025,NSE:KIMS
KINGFA,Kingfa Science & Technology (India) Limited,INE473D01015,NSE:KINGFA
KIOCL,KIOCL Limited,INE880L01014,NSE:KIOCL
KIRIINDUS,Kiri Industries Limited,INE415I01015,NSE:KIRIINDUS
KIRLOSBROS,Kirloskar Brothers Limited,INE732A01036,NSE:KIRLOSBROS
KIRLOSENG,Kirloskar Oil Engines Limited,INE146L01010,NSE:KIRLOSENG
KIRLOSIND,Kirloskar Industries Limited,INE250A01039,NSE:KIRLOSIND
KIRLPNU,Kirloskar Pneumatic Company Limited,INE811A01020,NSE:KIRLPNU
KITEX,Kitex Garments Limited,INE602G01020,NSE:KITEX
KKCL,Kewal Kiran Clothing Limited,INE401H01017,NSE:KKCL
KMEW,Knowledge Marine & Engineering Works Limited,INE0CJD01029,NSE:KMEW
KMSUGAR,K.M.Sugar Mills Limited,INE157H01023,NSE:KMSUGAR
KNAGRI,KN Agri Resources Limited,INE0KNW01016,NSE:KNAGRI
KNRCON,KNR Constructions Limited,INE634I01029,NSE:KNRCON
KOHINOOR,Kohinoor Foods Limited,INE080B01012,NSE:KOHINOOR
KOKUYOCMLN,Kokuyo Camlin Limited,INE760A01029,NSE:KOKUYOCMLN
KOLTEPATIL,Kolte - Patil Developers Limited,INE094I01018,NSE:KOLTEPATIL
KOPRAN,Kopran Limited,INE082A01010,NSE:KOPRAN
KOTAKBANK,Kotak Mahindra Bank Limited,INE237A01036,NSE:KOTAKBANK
KOTARISUG,Kothari Sugars And Chemicals Limited,INE419A01022,NSE:KOTARISUG
KOTHARIPET,Kothari Petrochemicals Limited,INE720A01015,NSE:KOTHARIPET
KOTHARIPRO,Kothari Products Limited,INE823A01017,NSE:KOTHARIPRO
KPEL,K.P. Energy Limited,INE127T01021,NSE:KPEL
KPIGREEN,KPI Green Energy Limited,INE542W01025,NSE:KPIGREEN
KPIL,Kalpataru Projects International Limited,INE220B01022,NSE:KPIL
KPITTECH,KPIT Technologies Limited,INE04I401011,NSE:KPITTECH
KPRMILL,K.P.R. Mill Limited,INE930H01031,NSE:KPRMILL
KRBL,KRBL Limited,INE001B01026,NSE:KRBL
KREBSBIO,Krebs Biochemicals and Industries Limited,INE268B01013,NSE:KREBSBIO
KRIDHANINF,Kridhan Infra Limited,INE524L01026,NSE:KRIDHANINF
KRISHANA,Krishana Phoschem Limited,INE506W01012,NSE:KRISHANA
KRISHIVAL,Krishival Foods Limited,INE0GGO01015,NSE:KRISHIVAL
KRISHNADEF,Krishna Defence And Allied Industries Limited,INE0J5601015,NSE:KRISHNADEF
KRITI,Kriti Industries (India) Limited,INE479D01038,NSE:KRITI
KRITIKA,Kritika Wires Limited,INE00Z501029,NSE:KRITIKA
KRITINUT,Kriti Nutrients Limited,INE798K01010,NSE:KRITINUT
KRN,KRN Heat Exchanger and Refrigeration Limited,INE0Q3J01015,NSE:KRN
KRONOX,Kronox Lab Sciences Limited,INE0ATZ01017,NSE:KRONOX
KROSS,Kross Limited,INE0O6601022,NSE:KROSS
KRSNAA,Krsnaa Diagnostics Limited,INE08LI01020,NSE:KRSNAA
KRYSTAL,Krystal Integrated Services Limited,INE0QN801017,NSE:KRYSTAL
KSB,Ksb Limited,INE999A01023,NSE:KSB
KSCL,Kaveri Seed Company Limited,INE455I01029,NSE:KSCL
KSHINTL,KSH International Limited,INE987S01020,NSE:KSHINTL
KSL,Kalyani Steels Limited,INE907A01026,NSE:KSL
KSOLVES,Ksolves India Limited,INE0D6I01023,NSE:KSOLVES
KTKBANK,The Karnataka Bank Limited,INE614B01018,NSE:KTKBANK
KUANTUM,Kuantum Papers Limited,INE529I01021,NSE:KUANTUM
KWIL,Kwality Wall's (India) Limited,INE2KCE01013,NSE:KWIL
LAGNAM,Lagnam Spintex Limited,INE548Z01017,NSE:LAGNAM
LAL,Lorenzini Apparels Limited,INE740X01023,NSE:LAL
LALPATHLAB,Dr. Lal Path Labs Ltd.,INE600L01024,NSE:LALPATHLAB
LAMBODHARA,Lambodhara Textiles Limited,INE112F01022,NSE:LAMBODHARA
LANDMARK,Landmark Cars Limited,INE559R01029,NSE:LANDMARK
LAOPALA,La Opala RG Limited,INE059D01020,NSE:LAOPALA
LASA,Lasa Supergenerics Limited,INE670X01014,NSE:LASA
LATENTVIEW,Latent View Analytics Limited,INE0I7C01011,NSE:LATENTVIEW
LATTEYS,Latteys Industries Limited,INE262Z01023,NSE:LATTEYS
LAURUSLABS,Laurus Labs Limited,INE947Q01028,NSE:LAURUSLABS
LAXMIDENTL,Laxmi Dental Limited,INE0WO601020,NSE:LAXMIDENTL
LAXMIINDIA,Laxmi India Finance Limited,INE06WU01026,NSE:LAXMIINDIA
LEMERITE,Le Merite Exports Limited,INE0G1L01017,NSE:LEMERITE
LEMONTREE,Lemon Tree Hotels Limited,INE970X01018,NSE:LEMONTREE
LENSKART,Lenskart Solutions Limited,INE956O01016,NSE:LENSKART
LFIC,Lakshmi Finance & Industrial Corporation Limited,INE850E01012,NSE:LFIC
LGBBROSLTD,LG Balakrishnan & Bros Limited,INE337A01034,NSE:LGBBROSLTD
LGEINDIA,LG Electronics India Limited,INE324D01010,NSE:LGEINDIA
LGHL,Laxmi Goldorna House Limited,INE258Y01016,NSE:LGHL
LIBAS,Libas Consumer Products Limited,INE908V01012,NSE:LIBAS
LIBERTSHOE,Liberty Shoes Limited,INE557B01019,NSE:LIBERTSHOE
LICHSGFIN,LIC Housing Finance Limited,INE115A01026,NSE:LICHSGFIN
LICI,Life Insurance Corporation Of India,INE0J1Y01017,NSE:LICI
LIKHITHA,Likhitha Infrastructure Limited,INE060901027,NSE:LIKHITHA
LINC,Linc Limited,INE802B01027,NSE:LINC
LINCOLN,Lincoln Pharmaceuticals Limited,INE405C01035,NSE:LINCOLN
LINDEINDIA,Linde India Limited,INE473A01011,NSE:LINDEINDIA
LLOYDSENGG,LLOYDS ENGINEERING WORKS LIMITED,INE093R01011,NSE:LLOYDSENGG
LLOYDSENT,Lloyds Enterprises Limited,INE080I01025,NSE:LLOYDSENT
LLOYDSME,Lloyds Metals And Energy Limited,INE281B01032,NSE:LLOYDSME
LMW,LMW Limited,INE269B01029,NSE:LMW
LODHA,Lodha Developers Limited,INE670K01029,NSE:LODHA
LOKESHMACH,Lokesh Machines Limited,INE397H01017,NSE:LOKESHMACH
LORDSCHLO,Lords Chloro Alkali Limited,INE846D01012,NSE:LORDSCHLO
LOTUSDEV,Sri Lotus Developers and Realty Limited,INE0V9Q01010,NSE:LOTUSDEV
LOTUSEYE,Lotus Eye Hospital and Institute Limited,INE947I01017,NSE:LOTUSEYE
LOVABLE,Lovable Lingerie Limited,INE597L01014,NSE:LOVABLE
LPDC,Landmark Property Development Company Limited,INE197J01017,NSE:LPDC
LT,Larsen & Toubro Limited,INE018A01030,NSE:LT
LTF,L&T Finance Limited,INE498L01015,NSE:LTF
LTFOODS,LT Foods Limited,INE818H01020,NSE:LTFOODS
LTM,LTIMindtree Limited,INE214T01019,NSE:LTM
LTTS,L&T Technology Services Limited,INE010V01017,NSE:LTTS
LUMAXIND,Lumax Industries Limited,INE162B01018,NSE:LUMAXIND
LUMAXTECH,Lumax Auto Technologies Limited,INE872H01027,NSE:LUMAXTECH
LUPIN,Lupin Limited,INE326A01037,NSE:LUPIN
LUXIND,Lux Industries Limited,INE150G01020,NSE:LUXIND
LXCHEM,Laxmi Organic Industries Limited,INE576O01020,NSE:LXCHEM
LYKALABS,Lyka Labs Limited,INE933A01014,NSE:LYKALABS
LYPSAGEMS,Lypsa Gems & Jewellery Limited,INE142K01011,NSE:LYPSAGEMS
M&M,Mahindra & Mahindra Limited,INE101A01026,NSE:M&M
M&MFIN,Mahindra & Mahindra Financial Services Limited,INE774D01024,NSE:M&MFIN
MACPOWER,Macpower CNC Machines Limited,INE155Z01011,NSE:MACPOWER
MADHAV,Madhav Marbles and Granites Limited,INE925C01016,NSE:MADHAV
MADHUCON,Madhucon Projects Limited,INE378D01032,NSE:MADHUCON
MADRASFERT,Madras Fertilizers Limited,INE414A01015,NSE:MADRASFERT
MAGADSUGAR,Magadh Sugar & Energy Limited,INE347W01011,NSE:MAGADSUGAR
MAGNUM,Magnum Ventures Limited,INE387I01016,NSE:MAGNUM
MAHABANK,Bank of Maharashtra,INE457A01014,NSE:MAHABANK
MAHAPEXLTD,Maha Rashtra Apex Corporation Limited,INE843B01013,NSE:MAHAPEXLTD
MAHASTEEL,Mahamaya Steel Industries Limited,INE451L01014,NSE:MAHASTEEL
MAHEPC,Mahindra EPC Irrigation Limited,INE215D01010,NSE:MAHEPC
MAHESHWARI,Maheshwari Logistics Limited,INE263W01010,NSE:MAHESHWARI
MAHLIFE,Mahindra Lifespace Developers Limited,INE813A01018,NSE:MAHLIFE
MAHLOG,Mahindra Logistics Limited,INE766P01016,NSE:MAHLOG
MAHSCOOTER,Maharashtra Scooters Limited,INE288A01013,NSE:MAHSCOOTER
MAHSEAMLES,Maharashtra Seamless Limited,INE271B01025,NSE:MAHSEAMLES
MAITHANALL,Maithan Alloys Limited,INE683C01011,NSE:MAITHANALL
MALLCOM,Mallcom (India) Limited,INE389C01015,NSE:MALLCOM
MALUPAPER,Malu Paper Mills Limited,INE383H01017,NSE:MALUPAPER
MAMATA,Mamata Machinery Limited,INE0TO701015,NSE:MAMATA
MANAKCOAT,Manaksia Coated Metals & Industries Limited,INE830Q01018,NSE:MANAKCOAT
MANAKSIA,Manaksia Limited,INE015D01022,NSE:MANAKSIA
MANAKSTEEL,Manaksia Steels Limited,INE824Q01011,NSE:MANAKSTEEL
MANALIPETC,Manali Petrochemicals Limited,INE201A01024,NSE:MANALIPETC
MANAPPURAM,Manappuram Finance Limited,INE522D01027,NSE:MANAPPURAM
MANBA,Manba Finance Limited,INE939X01013,NSE:MANBA
MANCREDIT,Mangal Credit and Fincorp Limited,INE545L01039,NSE:MANCREDIT
MANGLMCEM,Mangalam Cement Limited,INE347A01017,NSE:MANGLMCEM
MANINDS,Man Industries (India) Limited,INE993A01026,NSE:MANINDS
MANINFRA,Man Infraconstruction Limited,INE949H01023,NSE:MANINFRA
MANKIND,Mankind Pharma Limited,INE634S01028,NSE:MANKIND
MANORAMA,Manorama Industries Limited,INE00VM01036,NSE:MANORAMA
MANORG,Mangalam Organics Limited,INE370D01013,NSE:MANORG
MANUGRAPH,Manugraph India Limited,INE867A01022,NSE:MANUGRAPH
MANYAVAR,Vedant Fashions Limited,INE825V01034,NSE:MANYAVAR
MAPMYINDIA,C.E. Info Systems Limited,INE0BV301023,NSE:MAPMYINDIA
MARALOVER,Maral Overseas Limited,INE882A01013,NSE:MARALOVER
MARATHON,Marathon Nextgen Realty Limited,INE182D01020,NSE:MARATHON
MARICO,Marico Limited,INE196A01026,NSE:MARICO
MARINE,Marine Electricals (India) Limited,INE01JE01028,NSE:MARINE
MARKOLINES,Markolines Pavement Technologies Limited,INE0FW001016,NSE:MARKOLINES
MARKSANS,Marksans Pharma Limited,INE750C01026,NSE:MARKSANS
MARUTI,Maruti Suzuki India Limited,INE585B01010,NSE:MARUTI
MASFIN,MAS Financial Services Limited,INE348L01012,NSE:MASFIN
MASKINVEST,Mask Investments Limited,INE885F01015,NSE:MASKINVEST
MASTEK,Mastek Limited,INE759A01021,NSE:MASTEK
MASTERTR,Master Trust Limited,INE677D01037,NSE:MASTERTR
MATRIMONY,Matrimony.Com Limited,INE866R01028,NSE:MATRIMONY
MAWANASUG,Mawana Sugars Limited,INE636A01039,NSE:MAWANASUG
MAXESTATES,Max Estates Limited,INE03EI01018,NSE:MAXESTATES
MAXHEALTH,Max Healthcare Institute Limited,INE027H01010,NSE:MAXHEALTH
MAXIND,Max India Limited,INE0CG601016,NSE:MAXIND
MAYURUNIQ,Mayur Uniquoters Ltd,INE040D01038,NSE:MAYURUNIQ
MAZDA,Mazda Limited,INE885E01042,NSE:MAZDA
MAZDOCK,Mazagon Dock Shipbuilders Limited,INE249Z01020,NSE:MAZDOCK
MBAPL,Madhya Bharat Agro Products Limited,INE900L01010,NSE:MBAPL
MBEL,M & B Engineering Limited,INE08N601015,NSE:MBEL
MBLINFRA,MBL Infrastructure Limited,INE912H01013,NSE:MBLINFRA
MCLEODRUSS,Mcleod Russel India Limited,INE942G01012,NSE:MCLEODRUSS
MCLOUD,Magellanic Cloud Limited,INE613C01026,NSE:MCLOUD
MCX,Multi Commodity Exchange of India Limited,INE745G01043,NSE:MCX
MEDANTA,Global Health Limited,INE474Q01031,NSE:MEDANTA
MEDIASSIST,Medi Assist Healthcare Services Limited,INE456Z01021,NSE:MEDIASSIST
MEDICAMEQ,Medicamen Biotech Limited,INE646B01010,NSE:MEDICAMEQ
MEDICO,Medico Remedies Limited,INE630Y01024,NSE:MEDICO
MEDPLUS,Medplus Health Services Limited,INE804L01022,NSE:MEDPLUS
MEESHO,Meesho Limited,INE0VDM01015,NSE:MEESHO
MEGASTAR,Megastar Foods Limited,INE00EM01016,NSE:MEGASTAR
MEIL,Mangal Electrical Industries Limited,INE0PKD01011,NSE:MEIL
MENONBE,Menon Bearings Limited,INE071D01033,NSE:MENONBE
METROBRAND,Metro Brands Limited,INE317I01021,NSE:METROBRAND
METROPOLIS,Metropolis Healthcare Limited,INE112L01020,NSE:METROPOLIS
MFML,Mahalaxmi Fabric Mills Limited,INE0US801024,NSE:MFML
MFSL,Max Financial Services Limited,INE180A01020,NSE:MFSL
MGEL,Mangalam Global Enterprise Limited,INE0APB01032,NSE:MGEL
MGL,Mahanagar Gas Limited,INE002S01010,NSE:MGL
MHLXMIRU,Mahalaxmi Rubtech Limited,INE112D01035,NSE:MHLXMIRU
MHRIL,Mahindra Holidays & Resorts India Limited,INE998I01010,NSE:MHRIL
MICEL,MIC Electronics Limited,INE287C01037,NSE:MICEL
MIDHANI,Mishra Dhatu Nigam Limited,INE099Z01011,NSE:MIDHANI
MIDWESTLTD,Midwest Limited,INE0XAD01024,NSE:MIDWESTLTD
MINDACORP,Minda Corporation Limited,INE842C01021,NSE:MINDACORP
MINDTECK,Mindteck (India) Limited,INE110B01017,NSE:MINDTECK
MIRCELECTR,MIRC Electronics Limited,INE831A01028,NSE:MIRCELECTR
MIRZAINT,Mirza International Limited,INE771A01026,NSE:MIRZAINT
MITCON,MITCON Consultancy & Engineering Services Limited,INE828O01033,NSE:MITCON
MITTAL,Mittal Life Style Limited,INE997Y01027,NSE:MITTAL
MKPL,M K Proteins Limited,INE964W01021,NSE:MKPL
MMFL,MM Forgings Limited,INE227C01017,NSE:MMFL
MMP,MMP Industries Limited,INE511Y01018,NSE:MMP
MMTC,MMTC Limited,INE123F01029,NSE:MMTC
MOBIKWIK,One Mobikwik Systems Limited,INE0HLU01028,NSE:MOBIKWIK
MODINATUR,Modi Naturals Limited,INE537F01012,NSE:MODINATUR
MODIRUBBER,Modi Rubber Limited,INE832A01018,NSE:MODIRUBBER
MODIS,Modis Navnirman Limited,INE0L0L01012,NSE:MODIS
MODISONLTD,MODISON LIMITED,INE737D01021,NSE:MODISONLTD
MODTHREAD,Modern Threads (India) Limited,INE794W01014,NSE:MODTHREAD
MOHITIND,Mohit Industries Limited,INE954E01012,NSE:MOHITIND
MOIL,MOIL Limited,INE490G01020,NSE:MOIL
MOKSH,Moksh Ornaments Limited,INE514Y01020,NSE:MOKSH
MOL,Meghmani Organics Limited,INE0CT101020,NSE:MOL
MOLDTECH,Mold-Tek Technologies Limited,INE835B01035,NSE:MOLDTECH
MOLDTKPAC,Mold-Tek Packaging Limited,INE893J01029,NSE:MOLDTKPAC
MONARCH,Monarch Networth Capital Limited,INE903D01011,NSE:MONARCH
MONEYBOXX,Moneyboxx Finance Limited,INE296Q01012,NSE:MONEYBOXX
MONTECARLO,Monte Carlo Fashions Limited,INE950M01013,NSE:MONTECARLO
MOREPENLAB,Morepen Laboratories Limited,INE083A01026,NSE:MOREPENLAB
MOSCHIP,Moschip Technologies Limited,INE935B01025,NSE:MOSCHIP
MOTHERSON,Samvardhana Motherson International Limited,INE775A01035,NSE:MOTHERSON
MOTILALOFS,Motilal Oswal Financial Services Limited,INE338I01027,NSE:MOTILALOFS
MOTISONS,Motisons Jewellers Limited,INE0FRK01020,NSE:MOTISONS
MOTOGENFIN,The Motor & General Finance Limited,INE861B01023,NSE:MOTOGENFIN
MPHASIS,MphasiS Limited,INE356A01018,NSE:MPHASIS
MPSLTD,MPS Limited,INE943D01017,NSE:MPSLTD
MRF,MRF Limited,INE883A01011,NSE:MRF
MRPL,Mangalore Refinery and Petrochemicals Limited,INE103A01014,NSE:MRPL
MSPL,MSP Steel & Power Limited,INE752G01015,NSE:MSPL
MSTCLTD,Mstc Limited,INE255X01014,NSE:MSTCLTD
MSUMI,Motherson Sumi Wiring India Limited,INE0FS801015,NSE:MSUMI
MTARTECH,Mtar Technologies Limited,INE864I01014,NSE:MTARTECH
MTNL,Mahanagar Telephone Nigam Limited,INE153A01019,NSE:MTNL
MUFIN,Mufin Green Finance Limited,INE08KJ01020,NSE:MUFIN
MUFTI,Credo Brands Marketing Limited,INE220Q01020,NSE:MUFTI
MUKANDLTD,Mukand Limited,INE304A01026,NSE:MUKANDLTD
MUKKA,Mukka Proteins Limited,INE0CG401037,NSE:MUKKA
MUKTAARTS,Mukta Arts Limited,INE374B01019,NSE:MUKTAARTS
MUNJALAU,Munjal Auto Industries Limited,INE672B01032,NSE:MUNJALAU
MUNJALSHOW,Munjal Showa Limited,INE577A01027,NSE:MUNJALSHOW
MURUDCERA,Murudeshwar Ceramics Limited,INE692B01014,NSE:MURUDCERA
MUTHOOTCAP,Muthoot Capital Services Limited,INE296G01013,NSE:MUTHOOTCAP
MUTHOOTFIN,Muthoot Finance Limited,INE414G01012,NSE:MUTHOOTFIN
MUTHOOTMF,Muthoot Microfin Limited,INE046W01019,NSE:MUTHOOTMF
MVGJL,Manoj Vaibhav Gems N Jewellers Limited,INE0KNT01012,NSE:MVGJL
MWL,Mangalam Worldwide Limited,INE0JYY01011,NSE:MWL
NACLIND,NACL Industries Limited,INE295D01020,NSE:NACLIND
NAGAFERT,Nagarjuna Fertilizers and Chemicals Limited,INE454M01024,NSE:NAGAFERT
NAGREEKCAP,Nagreeka Capital & Infrastructure Limited,INE245I01016,NSE:NAGREEKCAP
NAGREEKEXP,Nagreeka Exports Limited,INE123B01028,NSE:NAGREEKEXP
NAHARCAP,Nahar Capital and Financial Services Limited,INE049I01012,NSE:NAHARCAP
NAHARINDUS,Nahar Industrial Enterprises Limited,INE289A01011,NSE:NAHARINDUS
NAHARPOLY,Nahar Poly Films Limited,INE308A01027,NSE:NAHARPOLY
NAHARSPING,Nahar Spinning Mills Limited,INE290A01027,NSE:NAHARSPING
NAM-INDIA,Nippon Life India Asset Management Limited,INE298J01013,NSE:NAM-INDIA
NARMADA,Narmada Agrobase Limited,INE117Z01011,NSE:NARMADA
NATCAPSUQ,Natural Capsules Limited,INE936B01015,NSE:NATCAPSUQ
NATCOPHARM,Natco Pharma Limited,INE987B01026,NSE:NATCOPHARM
NATHBIOGEN,Nath Bio-Genes (India) Limited,INE448G01010,NSE:NATHBIOGEN
NATIONALUM,National Aluminium Company Limited,INE139A01034,NSE:NATIONALUM
NAUKRI,Info Edge (India) Limited,INE663F01032,NSE:NAUKRI
NAVA,NAVA LIMITED,INE725A01030,NSE:NAVA
NAVINFLUOR,Navin Fluorine International Limited,INE048G01026,NSE:NAVINFLUOR
NAVKARCORP,Navkar Corporation Limited,INE278M01019,NSE:NAVKARCORP
NAVKARURB,Navkar Urbanstructure Limited,INE268H01044,NSE:NAVKARURB
NAVNETEDUL,Navneet Education Limited,INE060A01024,NSE:NAVNETEDUL
NAZARA,Nazara Technologies Limited,INE418L01047,NSE:NAZARA
NBCC,NBCC (India) Limited,INE095N01031,NSE:NBCC
NBIFIN,N. B. I. Industrial Finance Company Limited,INE365I01020,NSE:NBIFIN
NCC,NCC Limited,INE868B01028,NSE:NCC
NCLIND,NCL Industries Limited,INE732C01016,NSE:NCLIND
NDGL,Naga Dhunseri Group Limited,INE756C01015,NSE:NDGL
NDL,Nandan Denim Limited,INE875G01048,NSE:NDL
NDLVENTURE,NDL Ventures Limited,INE353A01023,NSE:NDLVENTURE
NDRAUTO,Ndr Auto Components Limited,INE07OG01012,NSE:NDRAUTO
NDTV,New Delhi Television Limited,INE155G01029,NSE:NDTV
NECCLTD,North Eastern Carrying Corporation Limited,INE553C01016,NSE:NECCLTD
NECLIFE,Nectar Lifesciences Limited,INE023H01027,NSE:NECLIFE
NELCAST,Nelcast Limited,INE189I01024,NSE:NELCAST
NELCO,NELCO Limited,INE045B01015,NSE:NELCO
NEOGEN,Neogen Chemicals Limited,INE136S01016,NSE:NEOGEN
NEPHROPLUS,Nephrocare Health Services Limited,INE428V01029,NSE:NEPHROPLUS
NESCO,Nesco Limited,INE317F01035,NSE:NESCO
NESTLEIND,Nestle India Limited,INE239A01024,NSE:NESTLEIND
NETWEB,Netweb Technologies India Limited,INE0NT901020,NSE:NETWEB
NETWORK18,Network18 Media & Investments Limited,INE870H01013,NSE:NETWORK18
NEULANDLAB,Neuland Laboratories Limited,INE794A01010,NSE:NEULANDLAB
NEWGEN,Newgen Software Technologies Limited,INE619B01017,NSE:NEWGEN
NEXTMEDIA,Next Mediaworks Limited,INE747B01016,NSE:NEXTMEDIA
NFL,National Fertilizers Limited,INE870D01012,NSE:NFL
NGIL,Nakoda Group of Industries Limited,INE236Y01012,NSE:NGIL
NGLFINE,NGL Fine-Chem Limited,INE887E01022,NSE:NGLFINE
NH,Narayana Hrudayalaya Ltd.,INE410P01011,NSE:NH
NHPC,NHPC Limited,INE848E01016,NSE:NHPC
NIACL,The New India Assurance Company Limited,INE470Y01017,NSE:NIACL
NIBE,NIBE Limited,INE149O01018,NSE:NIBE
NIBL,NRB Industrial Bearings Limited,INE047O01014,NSE:NIBL
NIITLTD,NIIT Limited,INE161A01038,NSE:NIITLTD
NIITMTS,NIIT Learning Systems Limited,INE342G01023,NSE:NIITMTS
NILAINFRA,Nila Infrastructures Limited,INE937C01029,NSE:NILAINFRA
NILASPACES,Nila Spaces Limited,INE00S901012,NSE:NILASPACES
NILKAMAL,Nilkamal Limited,INE310A01015,NSE:NILKAMAL
NINSYS,NINtec Systems Limited,INE395U01014,NSE:NINSYS
NIPPOBATRY,Indo-National Limited,INE567A01028,NSE:NIPPOBATRY
NIRAJ,Niraj Cement Structurals Limited,INE368I01016,NSE:NIRAJ
NITCO,Nitco Limited,INE858F01012,NSE:NITCO
NITINSPIN,Nitin Spinners Limited,INE229H01012,NSE:NITINSPIN
NITIRAJ,Nitiraj Engineers Limited,INE439T01012,NSE:NITIRAJ
NIVABUPA,Niva Bupa Health Insurance Company Limited,INE995S01015,NSE:NIVABUPA
NKIND,NK Industries Limited,INE542C01019,NSE:NKIND
NLCINDIA,NLC India Limited,INE589A01014,NSE:NLCINDIA
NMDC,NMDC Limited,INE584A01023,NSE:NMDC
NOCIL,NOCIL Limited,INE163A01018,NSE:NOCIL
NOIDATOLL,Noida Toll Bridge Company Limited,INE781B01015,NSE:NOIDATOLL
NORTHARC,Northern Arc Capital Limited,INE850M01015,NSE:NORTHARC
NOVAAGRI,Nova Agritech Limited,INE02H701025,NSE:NOVAAGRI
NPST,Network People Services Technologies Limited,INE0FFK01017,NSE:NPST
NRAIL,N R Agarwal Industries Limited,INE740D01017,NSE:NRAIL
NRBBEARING,NRB Bearing Limited,INE349A01021,NSE:NRBBEARING
NRL,Nupur Recyclers Limited,INE0JM501013,NSE:NRL
NSIL,Nalwa Sons Investments Limited,INE023A01030,NSE:NSIL
NSLNISP,NMDC Steel Limited,INE0NNS01018,NSE:NSLNISP
NTPC,NTPC Limited,INE733E01010,NSE:NTPC
NTPCGREEN,NTPC Green Energy Limited,INE0ONG01011,NSE:NTPCGREEN
NUCLEUS,Nucleus Software Exports Limited,INE096B01018,NSE:NUCLEUS
NURECA,Nureca Limited,INE0DSF01015,NSE:NURECA
NUVAMA,Nuvama Wealth Management Limited,INE531F01023,NSE:NUVAMA
NUVOCO,Nuvoco Vistas Corporation Limited,INE118D01016,NSE:NUVOCO
NYKAA,FSN E-Commerce Ventures Limited,INE388Y01029,NSE:NYKAA
OAL,Oriental Aromatics Limited,INE959C01023,NSE:OAL
OBCL,Orissa Bengal Carrier Limited,INE426Z01016,NSE:OBCL
OBEROIRLTY,Oberoi Realty Limited,INE093I01010,NSE:OBEROIRLTY
OCCLLTD,OCCL Limited,INE0PK601023,NSE:OCCLLTD
ODIGMA,Odigma Consultancy Solutions Limited,INE054301028,NSE:ODIGMA
OFSS,Oracle Financial Services Software Limited,INE881D01027,NSE:OFSS
OIL,Oil India Limited,INE274J01014,NSE:OIL
OILCOUNTUB,Oil Country Tubular Limited,INE591A01010,NSE:OILCOUNTUB
OLAELEC,Ola Electric Mobility Limited,INE0LXG01040,NSE:OLAELEC
OLECTRA,Olectra Greentech Limited,INE260D01016,NSE:OLECTRA
OMAXAUTO,Omax Autos Limited,INE090B01011,NSE:OMAXAUTO
OMAXE,Omaxe Limited,INE800H01010,NSE:OMAXE
OMFREIGHT,Om Freight Forwarders Limited,INE1BZC01019,NSE:OMFREIGHT
OMINFRAL,OM INFRA LIMITED,INE239D01028,NSE:OMINFRAL
OMNI,Omnitech Engineering Limited,INE0UH301010,NSE:OMNI
ONELIFECAP,Onelife Capital Advisors Limited,INE912L01015,NSE:ONELIFECAP
ONEPOINT,One Point One Solutions Limited,INE840Y01029,NSE:ONEPOINT
ONESOURCE,Onesource Specialty Pharma Limited,INE013P01021,NSE:ONESOURCE
ONGC,Oil & Natural Gas Corporation Limited,INE213A01029,NSE:ONGC
ONMOBILE,OnMobile Global Limited,INE809I01019,NSE:ONMOBILE
ONWARDTEC,Onward Technologies Limited,INE229A01017,NSE:ONWARDTEC
OPTIEMUS,Optiemus Infracom Limited,INE350C01017,NSE:OPTIEMUS
ORBTEXP,Orbit Exports Limited,INE231G01010,NSE:ORBTEXP
ORCHASP,Orchasp Limited,INE215B01022,NSE:ORCHASP
ORCHPHARMA,Orchid Pharma Limited,INE191A01027,NSE:ORCHPHARMA
ORICONENT,Oricon Enterprises Limited,INE730A01022,NSE:ORICONENT
ORIENTALTL,Oriental Trimex Limited,INE998H01012,NSE:ORIENTALTL
ORIENTBELL,Orient Bell Limited,INE607D01018,NSE:ORIENTBELL
ORIENTCEM,Orient Cement Limited,INE876N01018,NSE:ORIENTCEM
ORIENTCER,ORIENT CERATECH LIMITED,INE569C01020,NSE:ORIENTCER
ORIENTELEC,Orient Electric Limited,INE142Z01019,NSE:ORIENTELEC
ORIENTHOT,Oriental Hotels Limited,INE750A01020,NSE:ORIENTHOT
ORIENTLTD,Orient Press Limited,INE609C01024,NSE:ORIENTLTD
ORIENTPPR,Orient Paper & Industries Limited,INE592A01026,NSE:ORIENTPPR
ORIENTTECH,Orient Technologies Limited,INE0PPK01015,NSE:ORIENTTECH
ORISSAMINE,The Orissa Minerals Development Company Limited,INE725E01024,NSE:ORISSAMINE
ORKLAINDIA,Orkla India Limited,INE16NZ01023,NSE:ORKLAINDIA
OSIAHYPER,Osia Hyper Retail Limited,INE06IR01021,NSE:OSIAHYPER
OSWALAGRO,Oswal Agro Mills Limited,INE142A01012,NSE:OSWALAGRO
OSWALGREEN,Oswal Greentech Limited,INE143A01010,NSE:OSWALGREEN
OSWALPUMPS,Oswal Pumps Limited,INE0BYP01024,NSE:OSWALPUMPS
OSWALSEEDS,ShreeOswal Seeds And Chemicals Limited,INE00IK01029,NSE:OSWALSEEDS
PACEDIGITK,Pace Digitek Limited,INE0S3G01027,NSE:PACEDIGITK
PAGEIND,Page Industries Limited,INE761H01022,NSE:PAGEIND
PAISALO,Paisalo Digital Limited,INE420C01059,NSE:PAISALO
PAKKA,PAKKA LIMITED,INE551D01018,NSE:PAKKA
PALASHSECU,Palash Securities Limited,INE471W01019,NSE:PALASHSECU
PALREDTEC,Palred Technologies Limited,INE218G01033,NSE:PALREDTEC
PANACEABIO,Panacea Biotec Limited,INE922B01023,NSE:PANACEABIO
PANAMAPET,Panama Petrochem Limited,INE305C01029,NSE:PANAMAPET
PANSARI,Pansari Developers Limited,INE697V01011,NSE:PANSARI
PAR,Par Drugs And Chemicals Limited,INE04LG01015,NSE:PAR
PARACABLES,Paramount Communications Limited,INE074B01023,NSE:PARACABLES
PARADEEP,Paradeep Phosphates Limited,INE088F01024,NSE:PARADEEP
PARAGMILK,Parag Milk Foods Limited,INE883N01014,NSE:PARAGMILK
PARAS,Paras Defence and Space Technologies Limited,INE045601023,NSE:PARAS
PARKHOSPS,Park Medi World Limited,INE119201023,NSE:PARKHOSPS
PARKHOTELS,Apeejay Surrendra Park Hotels Limited,INE988S01028,NSE:PARKHOTELS
PARSVNATH,Parsvnath Developers Limited,INE561H01026,NSE:PARSVNATH
PASHUPATI,Pashupati Cotspin Limited,INE124Y01010,NSE:PASHUPATI
PASUPTAC,Pasupati Acrylon Limited,INE818B01023,NSE:PASUPTAC
PATANJALI,Patanjali Foods Limited,INE619A01035,NSE:PATANJALI
PATELENG,Patel Engineering Limited,INE244B01030,NSE:PATELENG
PATELRMART,Patel Retail Limited,INE0R8B01010,NSE:PATELRMART
PATINTLOG,Patel Integrated Logistics Limited,INE529D01014,NSE:PATINTLOG
PAUSHAKLTD,Paushak Limited,INE111F01024,NSE:PAUSHAKLTD
PAVNAIND,Pavna Industries Limited,INE07S101038,NSE:PAVNAIND
PAYTM,One 97 Communications Limited,INE982J01020,NSE:PAYTM
PCBL,PCBL Chemical Limited,INE602A01031,NSE:PCBL
PCJEWELLER,PC Jeweller Limited,INE785M01021,NSE:PCJEWELLER
PDMJEPAPER,Pudumjee Paper Products Limited,INE865T01018,NSE:PDMJEPAPER
PDSL,PDS Limited,INE111Q01021,NSE:PDSL
PEARLPOLY,Pearl Polymers Limited,INE844A01013,NSE:PEARLPOLY
PENIND,Pennar Industries Limited,INE932A01024,NSE:PENIND
PENINLAND,Peninsula Land Limited,INE138A01028,NSE:PENINLAND
PERSISTENT,Persistent Systems Limited,INE262H01021,NSE:PERSISTENT
PETRONET,Petronet LNG Limited,INE347G01014,NSE:PETRONET
PFC,Power Finance Corporation Limited,INE134E01011,NSE:PFC
PFIZER,Pfizer Limited,INE182A01018,NSE:PFIZER
PFOCUS,Prime Focus Limited,INE367G01038,NSE:PFOCUS
PFS,PTC India Financial Services Limited,INE560K01014,NSE:PFS
PGEL,PG Electroplast Limited,INE457L01029,NSE:PGEL
PGHH,Procter & Gamble Hygiene and Health Care Limited,INE179A01014,NSE:PGHH
PGHL,Procter & Gamble Health Limited,INE199A01012,NSE:PGHL
PGIL,Pearl Global Industries Limited,INE940H01022,NSE:PGIL
PHOENIXLTD,The Phoenix Mills Limited,INE211B01039,NSE:PHOENIXLTD
PICCADIL,Piccadily Agro Industries Limited,INE546C01010,NSE:PICCADIL
PIDILITIND,Pidilite Industries Limited,INE318A01026,NSE:PIDILITIND
PIGL,Power & Instrumentation (Gujarat) Limited,INE557Z01018,NSE:PIGL
PIIND,PI Industries Limited,INE603J01030,NSE:PIIND
PILANIINVS,Pilani Investment and Industries Corporation Limited,INE417C01014,NSE:PILANIINVS
PILITA,PIL ITALICA LIFESTYLE LIMITED,INE600A01035,NSE:PILITA
PINELABS,Pine Labs Limited,INE15B701018,NSE:PINELABS
PIONEEREMB,Pioneer Embroideries Limited,INE156C01018,NSE:PIONEEREMB
PIRAMALFIN,Piramal Finance Limited,INE202B01038,NSE:PIRAMALFIN
PITTIENG,Pitti Engineering Limited,INE450D01021,NSE:PITTIENG
PIXTRANS,Pix Transmissions Limited,INE751B01018,NSE:PIXTRANS
PKTEA,The Peria Karamalai Tea & Produce Company Limited,INE431F01018,NSE:PKTEA
PLASTIBLEN,Plastiblends India Limited,INE083C01022,NSE:PLASTIBLEN
PLATIND,Platinum Industries Limited,INE0PT501018,NSE:PLATIND
PLAZACABLE,Plaza Wires Limited,INE0INJ01017,NSE:PLAZACABLE
PNB,Punjab National Bank,INE160A01022,NSE:PNB
PNBGILTS,PNB Gilts Limited,INE859A01011,NSE:PNBGILTS
PNBHOUSING,PNB Housing Finance Limited,INE572E01012,NSE:PNBHOUSING
PNC,Pritish Nandy Communications Limited,INE392B01011,NSE:PNC
PNCINFRA,PNC Infratech Limited,INE195J01029,NSE:PNCINFRA
PNGJL,P N Gadgil Jewellers Limited,INE953R01016,NSE:PNGJL
PNGSREVA,PNGS Reva Diamond Jewellery Limited,INE1RDG01013,NSE:PNGSREVA
POCL,Pondy Oxides & Chemicals Limited,INE063E01053,NSE:POCL
PODDARMENT,Poddar Pigments Limited,INE371C01013,NSE:PODDARMENT
POKARNA,Pokarna Limited,INE637C01025,NSE:POKARNA
POLICYBZR,PB Fintech Limited,INE417T01026,NSE:POLICYBZR
POLYCAB,Polycab India Limited,INE455K01017,NSE:POLYCAB
POLYMED,Poly Medicure Limited,INE205C01021,NSE:POLYMED
POLYPLEX,Polyplex Corporation Limited,INE633B01018,NSE:POLYPLEX
PONNIERODE,Ponni Sugars (Erode) Limited,INE838E01017,NSE:PONNIERODE
POONAWALLA,Poonawalla Fincorp Limited,INE511C01022,NSE:POONAWALLA
POWERGRID,Power Grid Corporation of India Limited,INE752E01010,NSE:POWERGRID
POWERINDIA,Hitachi Energy India Limited,INE07Y701011,NSE:POWERINDIA
POWERMECH,Power Mech Projects Limited,INE211R01019,NSE:POWERMECH
PPAP,PPAP Automotive Limited,INE095I01015,NSE:PPAP
PPL,Prakash Pipes Limited,INE050001010,NSE:PPL
PPLPHARMA,Piramal Pharma Limited,INE0DK501011,NSE:PPLPHARMA
PRABHA,Prabha Energy Limited,INE0I0M01023,NSE:PRABHA
PRAENG,Prajay Engineers Syndicate Limited,INE505C01016,NSE:PRAENG
PRAJIND,Praj Industries Limited,INE074A01025,NSE:PRAJIND
PRAKASH,Prakash Industries Limited,INE603A01013,NSE:PRAKASH
PRAKASHSTL,Prakash Steelage Limited,INE696K01024,NSE:PRAKASHSTL
PRAXIS,Praxis Home Retail Limited,INE546Y01022,NSE:PRAXIS
PRECAM,Precision Camshafts Limited,INE484I01029,NSE:PRECAM
PRECWIRE,Precision Wires India Limited,INE372C01037,NSE:PRECWIRE
PREMEXPLN,Premier Explosives Limited,INE863B01029,NSE:PREMEXPLN
PREMIERENE,Premier Energies Limited,INE0BS701011,NSE:PREMIERENE
PREMIERPOL,Premier Polyfilm Limited,INE309M01020,NSE:PREMIERPOL
PRESTIGE,Prestige Estates Projects Limited,INE811K01011,NSE:PRESTIGE
PRICOLLTD,Pricol Limited,INE726V01018,NSE:PRICOLLTD
PRIMESECU,Prime Securities Limited,INE032B01021,NSE:PRIMESECU
PRIMO,Primo Chemicals Limited,INE607A01022,NSE:PRIMO
PRINCEPIPE,Prince Pipes And Fittings Limited,INE689W01016,NSE:PRINCEPIPE
PRITI,Priti International Limited,INE974Z01015,NSE:PRITI
PRITIKAUTO,Pritika Auto Industries Limited,INE583R01029,NSE:PRITIKAUTO
PRIVISCL,Privi Speciality Chemicals Limited,INE959A01019,NSE:PRIVISCL
PROSTARM,Prostarm Info Systems Limited,INE0BX301013,NSE:PROSTARM
PROTEAN,Protean eGov Technologies Limited,INE004A01022,NSE:PROTEAN
PROZONER,Prozone Realty Limited,INE195N01013,NSE:PROZONER
PRSMJOHNSN,Prism Johnson Limited,INE010A01011,NSE:PRSMJOHNSN
PRUDENT,Prudent Corporate Advisory Services Limited,INE00F201020,NSE:PRUDENT
PRUDMOULI,Prudential Sugar Corporation Limited,INE024D01016,NSE:PRUDMOULI
PSB,Punjab & Sind Bank,INE608A01012,NSE:PSB
PSPPROJECT,PSP Projects Limited,INE488V01015,NSE:PSPPROJECT
PTC,PTC India Limited,INE877F01012,NSE:PTC
PTCIL,PTC Industries Limited,INE596F01018,NSE:PTCIL
PTL,PTL Enterprises Limited,INE034D01049,NSE:PTL
PUNJABCHEM,Punjab Chemicals & Crop Protection Limited,INE277B01014,NSE:PUNJABCHEM
PURVA,Puravankara Limited,INE323I01011,NSE:PURVA
PVP,PVP Ventures Limited,INE362A01016,NSE:PVP
PVRINOX,PVR INOX Limited,INE191H01014,NSE:PVRINOX
PVSL,Popular Vehicles and Services Limited,INE772T01024,NSE:PVSL
PWL,Physicswallah Limited,INE0LP301011,NSE:PWL
PYRAMID,Pyramid Technoplast Limited,INE0MIS01010,NSE:PYRAMID
QPOWER,Quality Power Electrical Equipments Limited,INE0SII01026,NSE:QPOWER
QUADFUTURE,Quadrant Future Tek Limited,INE0LRY01011,NSE:QUADFUTURE
QUESS,Quess Corp Limited,INE615P01015,NSE:QUESS
QUICKHEAL,Quick Heal Technologies Limited,INE306L01010,NSE:QUICKHEAL
RACE,Race Eco Chain Limited,INE084Q01012,NSE:RACE
RACLGEAR,RACL Geartech Limited,INE704B01017,NSE:RACLGEAR
RADAAN,Radaan Mediaworks India Limited,INE874F01027,NSE:RADAAN
RADHIKAJWE,Radhika Jeweltech Limited,INE583V01021,NSE:RADHIKAJWE
RADIANTCMS,Radiant Cash Management Services Limited,INE855R01021,NSE:RADIANTCMS
RADICO,Radico Khaitan Limited,INE944F01028,NSE:RADICO
RADIOCITY,Music Broadcast Limited,INE919I01024,NSE:RADIOCITY
RAILTEL,Railtel Corporation Of India Limited,INE0DD101019,NSE:RAILTEL
RAIN,Rain Industries Limited,INE855B01025,NSE:RAIN
RAINBOW,Rainbow Childrens Medicare Limited,INE961O01016,NSE:RAINBOW
RAJMET,Rajnandini Metal Limited,INE00KV01022,NSE:RAJMET
RAJOOENG,Rajoo Engineers Limited,INE535F01024,NSE:RAJOOENG
RAJRATAN,Rajratan Global Wire Limited,INE451D01029,NSE:RAJRATAN
RAJSREESUG,Rajshree Sugars & Chemicals Limited,INE562B01019,NSE:RAJSREESUG
RAJTV,Raj Television Network Limited,INE952H01027,NSE:RAJTV
RALLIS,Rallis India Limited,INE613A01020,NSE:RALLIS
RAMANEWS,Shree Rama Newsprint Limited,INE278B01020,NSE:RAMANEWS
RAMAPHO,Rama Phosphates Limited,INE809A01032,NSE:RAMAPHO
RAMASTEEL,Rama Steel Tubes Limited,INE230R01035,NSE:RAMASTEEL
RAMCOCEM,The Ramco Cements Limited,INE331A01037,NSE:RAMCOCEM
RAMCOIND,Ramco Industries Limited,INE614A01028,NSE:RAMCOIND
RAMCOSYS,Ramco Systems Limited,INE246B01019,NSE:RAMCOSYS
RAMKY,Ramky Infrastructure Limited,INE874I01013,NSE:RAMKY
RAMRAT,Ram Ratna Wires Limited,INE207E01023,NSE:RAMRAT
RANASUG,Rana Sugars Limited,INE625B01014,NSE:RANASUG
RANEHOLDIN,Rane Holdings Limited,INE384A01010,NSE:RANEHOLDIN
RATEGAIN,Rategain Travel Technologies Limited,INE0CLI01024,NSE:RATEGAIN
RATNAMANI,Ratnamani Metals & Tubes Limited,INE703B01027,NSE:RATNAMANI
RATNAVEER,Ratnaveer Precision Engineering Limited,INE05CZ01011,NSE:RATNAVEER
RAYMOND,Raymond Limited,INE301A01014,NSE:RAYMOND
RAYMONDLSL,Raymond Lifestyle Limited,INE02ID01020,NSE:RAYMONDLSL
RAYMONDREL,Raymond Realty Limited,INE1SY401010,NSE:RAYMONDREL
RBA,Restaurant Brands Asia Limited,INE07T201019,NSE:RBA
RBLBANK,RBL Bank Limited,INE976G01028,NSE:RBLBANK
RBZJEWEL,RBZ Jewellers Limited,INE0PEQ01016,NSE:RBZJEWEL
RCF,Rashtriya Chemicals and Fertilizers Limited,INE027A01015,NSE:RCF
RECLTD,REC Limited,INE020B01018,NSE:RECLTD
REDINGTON,Redington Limited,INE891D01026,NSE:REDINGTON
REDTAPE,Redtape Limited,INE0LXT01019,NSE:REDTAPE
REFEX,Refex Industries Limited,INE056I01025,NSE:REFEX
REGAAL,Regaal Resources Limited,INE0MHO01029,NSE:REGAAL
REGENCERAM,Regency Ceramics Limited,INE277C01012,NSE:REGENCERAM
RELAXO,Relaxo Footwears Limited,INE131B01039,NSE:RELAXO
RELCHEMQ,Reliance Chemotex Industries Limited,INE750D01016,NSE:RELCHEMQ
RELIABLE,Reliable Data Services Limited,INE375Y01018,NSE:RELIABLE
RELIANCE,Reliance Industries Limited,INE002A01018,NSE:RELIANCE
RELIGARE,Religare Enterprises Limited,INE621H01010,NSE:RELIGARE
RELTD,Ravindra Energy Limited,INE206N01018,NSE:RELTD
REMSONSIND,Remsons Industries Limited,INE474C01023,NSE:REMSONSIND
RENUKA,Shree Renuka Sugars Limited,INE087H01022,NSE:RENUKA
REPCOHOME,Repco Home Finance Limited,INE612J01015,NSE:REPCOHOME
REPL,Rudrabhishek Enterprises Limited,INE364Z01019,NSE:REPL
REPRO,Repro India Limited,INE461B01014,NSE:REPRO
RESPONIND,Responsive Industries Limited,INE688D01026,NSE:RESPONIND
RETAIL,JHS Svendgaard Retail Ventures Limited,INE03DD01011,NSE:RETAIL
RGL,Renaissance Global Limited,INE722H01024,NSE:RGL
RHETAN,Rhetan TMT Limited,INE0KKN01029,NSE:RHETAN
RHIM,RHI MAGNESITA INDIA LIMITED,INE743M01012,NSE:RHIM
RHL,Robust Hotels Limited,INE508K01013,NSE:RHL
RICOAUTO,Rico Auto Industries Limited,INE209B01025,NSE:RICOAUTO
RIIL,Reliance Industrial Infrastructure Limited,INE046A01015,NSE:RIIL
RISHABH,Rishabh Instruments Limited,INE0N2P01017,NSE:RISHABH
RITCO,Ritco Logistics Limited,INE01EG01016,NSE:RITCO
RITES,RITES Limited,INE320J01015,NSE:RITES
RKDL,Ravi Kumar Distilleries Limited,INE722J01012,NSE:RKDL
RKEC,RKEC Projects Limited,INE786W01010,NSE:RKEC
RKFORGE,Ramkrishna Forgings Limited,INE399G01023,NSE:RKFORGE
RKSWAMY,R K Swamy Limited,INE0NQ801033,NSE:RKSWAMY
RMDRIP,R M Drip and Sprinklers Systems Limited,INE219Y01026,NSE:RMDRIP
RML,Rane (Madras) Limited,INE050H01012,NSE:RML
ROHLTD,Royal Orchid Hotels Limited,INE283H01019,NSE:ROHLTD
ROLEXRINGS,Rolex Rings Limited,INE645S01024,NSE:ROLEXRINGS
ROML,Raj Oil Mills Limited,INE294G01026,NSE:ROML
ROSSARI,Rossari Biotech Limited,INE02A801020,NSE:ROSSARI
ROSSELLIND,Rossell India Limited,INE847C01020,NSE:ROSSELLIND
ROSSTECH,Rossell Techsys Limited,INE0OJW01016,NSE:ROSSTECH
ROTO,Roto Pumps Limited,INE535D01037,NSE:ROTO
ROUTE,ROUTE MOBILE LIMITED,INE450U01017,NSE:ROUTE
RPEL,Raghav Productivity Enhancers Limited,INE912T01018,NSE:RPEL
RPGLIFE,RPG Life Sciences Limited,INE105J01010,NSE:RPGLIFE
RPOWER,Reliance Power Limited,INE614G01033,NSE:RPOWER
RPPINFRA,R.P.P. Infra Projects Limited,INE324L01013,NSE:RPPINFRA
RPPL,Rajshree Polypack Limited,INE760W01023,NSE:RPPL
RPSGVENT,RPSG VENTURES LIMITED,INE425Y01011,NSE:RPSGVENT
RPTECH,Rashi Peripherals Limited,INE0J1F01024,NSE:RPTECH
RRKABEL,R R Kabel Limited,INE777K01022,NSE:RRKABEL
RSSOFTWARE,R. S. Software (India) Limited,INE165B01029,NSE:RSSOFTWARE
RSWM,RSWM Limited,INE611A01016,NSE:RSWM
RSYSTEMS,R Systems International Limited,INE411H01032,NSE:RSYSTEMS
RTNINDIA,RattanIndia Enterprises Limited,INE834M01019,NSE:RTNINDIA
RTNPOWER,RattanIndia Power Limited,INE399K01017,NSE:RTNPOWER
RUBFILA,Rubfila International Limited,INE642C01025,NSE:RUBFILA
RUBICON,Rubicon Research Limited,INE506V01022,NSE:RUBICON
RUBYMILLS,The Ruby Mills Limited,INE301D01026,NSE:RUBYMILLS
RUCHINFRA,Ruchi Infrastructure Limited,INE413B01023,NSE:RUCHINFRA
RUCHIRA,Ruchira Papers Limited,INE803H01014,NSE:RUCHIRA
RUDRA,Rudra Global Infra Products Limited,INE027T01023,NSE:RUDRA
RUPA,Rupa & Company Limited,INE895B01021,NSE:RUPA
RUSHIL,Rushil Decor Limited,INE573K01025,NSE:RUSHIL
RUSTOMJEE,Keystone Realtors Limited,INE263M01029,NSE:RUSTOMJEE
RVHL,Ravinder Heights Limited,INE09E501017,NSE:RVHL
RVNL,Rail Vikas Nigam Limited,INE415G01027,NSE:RVNL
RVTH,Revathi Equipment India Limited,INE0DAB01012,NSE:RVTH
SAATVIKGL,Saatvik Green Energy Limited,INE13B501022,NSE:SAATVIKGL
SADBHIN,Sadbhav Infrastructure Project Limited,INE764L01010,NSE:SADBHIN
SADHNANIQ,Sadhana Nitrochem Limited,INE888C01040,NSE:SADHNANIQ
SAFARI,Safari Industries (India) Limited,INE429E01023,NSE:SAFARI
SAGARDEEP,Sagardeep Alloys Limited,INE976T01013,NSE:SAGARDEEP
SAGCEM,Sagar Cements Limited,INE229C01021,NSE:SAGCEM
SAGILITY,SAGILITY LIMITED,INE0W2G01015,NSE:SAGILITY
SAHYADRI,Sahyadri Industries Limited,INE280H01015,NSE:SAHYADRI
SAIL,Steel Authority of India Limited,INE114A01011,NSE:SAIL
SAILIFE,Sai Life Sciences Limited,INE570L01029,NSE:SAILIFE
SAKAR,Sakar Healthcare Limited,INE732S01012,NSE:SAKAR
SAKHTISUG,Sakthi Sugars Limited,INE623A01011,NSE:SAKHTISUG
SAKSOFT,Saksoft Limited,INE667G01023,NSE:SAKSOFT
SAKUMA,Sakuma Exports Limited,INE190H01024,NSE:SAKUMA
SALASAR,Salasar Techno Engineering Limited,INE170V01027,NSE:SALASAR
SALONA,Salona Cotspin Limited,INE498E01010,NSE:SALONA
SALZERELEC,Salzer Electronics Limited,INE457F01013,NSE:SALZERELEC
SAMBHAAV,Sambhaav Media Limited,INE699B01027,NSE:SAMBHAAV
SAMBHV,Sambhv Steel Tubes Limited,INE12NJ01018,NSE:SAMBHV
SAMHI,Samhi Hotels Limited,INE08U801020,NSE:SAMHI
SAMMAANCAP,Sammaan Capital Limited,INE148I01020,NSE:SAMMAANCAP
SAMPANN,Sampann Utpadan India Limited,INE735M01018,NSE:SAMPANN
SANATHAN,Sanathan Textiles Limited,INE0JPD01013,NSE:SANATHAN
SANDESH,The Sandesh Limited,INE583B01015,NSE:SANDESH
SANDHAR,Sandhar Technologies Limited,INE278H01035,NSE:SANDHAR
SANDUMA,Sandur Manganese & Iron Ores Limited,INE149K01016,NSE:SANDUMA
SANGAMIND,Sangam (India) Limited,INE495C01010,NSE:SANGAMIND
SANGHIIND,Sanghi Industries Limited,INE999B01013,NSE:SANGHIIND
SANGHVIMOV,Sanghvi Movers Limited,INE989A01032,NSE:SANGHVIMOV
SANOFI,Sanofi India Limited,INE058A01010,NSE:SANOFI
SANOFICONR,Sanofi Consumer Healthcare India Limited,INE0UOS01011,NSE:SANOFICONR
SANSERA,Sansera Engineering Limited,INE953O01021,NSE:SANSERA
SANSTAR,Sanstar Limited,INE08NE01025,NSE:SANSTAR
SAPPHIRE,Sapphire Foods India Limited,INE806T01020,NSE:SAPPHIRE
SARDAEN,Sarda Energy & Minerals Limited,INE385C01021,NSE:SARDAEN
SAREGAMA,Saregama India Limited,INE979A01025,NSE:SAREGAMA
SARLAPOLY,Sarla Performance Fibers Limited,INE453D01025,NSE:SARLAPOLY
SARVESHWAR,Sarveshwar Foods Limited,INE324X01026,NSE:SARVESHWAR
SASKEN,Sasken Technologies Limited,INE231F01020,NSE:SASKEN
SASTASUNDR,Sastasundar Ventures Limited,INE019J01013,NSE:SASTASUNDR
SATIA,Satia Industries Limited,INE170E01023,NSE:SATIA
SATIN,Satin Creditcare Network Limited,INE836B01017,NSE:SATIN
SAURASHCEM,Saurashtra Cement Limited,INE626A01014,NSE:SAURASHCEM
SBC,SBC Exports Limited,INE04AK01028,NSE:SBC
SBCL,Shivalik Bimetal Controls Limited,INE386D01027,NSE:SBCL
SBFC,SBFC Finance Limited,INE423Y01016,NSE:SBFC
SBGLP,Suratwwala Business Group Limited,INE05ST01028,NSE:SBGLP
SBICARD,SBI Cards and Payment Services Limited,INE018E01016,NSE:SBICARD
SBILIFE,SBI Life Insurance Company Limited,INE123W01016,NSE:SBILIFE
SBIN,State Bank of India,INE062A01020,NSE:SBIN
SCHAEFFLER,Schaeffler India Limited,INE513A01022,NSE:SCHAEFFLER
SCHAND,S Chand And Company Limited,INE807K01035,NSE:SCHAND
SCI,Shipping Corporation Of India Limited,INE109A01011,NSE:SCI
SCILAL,Shipping Corporation of India Land and Assets Limited,INE0PB301013,NSE:SCILAL
SCODATUBES,Scoda Tubes Limited,INE090501011,NSE:SCODATUBES
SDBL,Som Distilleries & Breweries Limited,INE480C01038,NSE:SDBL
SEAMECLTD,Seamec Limited,INE497B01018,NSE:SEAMECLTD
SECMARK,SecMark Consultancy Limited,INE0BTM01013,NSE:SECMARK
SECURKLOUD,SECUREKLOUD TECHNOLOGIES LIMITED,INE650K01021,NSE:SECURKLOUD
SEJALLTD,Sejal Glass Limited,INE955I01044,NSE:SEJALLTD
SELMC,SEL Manufacturing Company Limited,INE105I01020,NSE:SELMC
SEMAC,Semac Construction Limited,INE617A01013,NSE:SEMAC
SENCO,Senco Gold Limited,INE602W01027,NSE:SENCO
SENORES,Senores Pharmaceuticals Limited,INE0RB801010,NSE:SENORES
SEPC,SEPC Limited,INE964H01014,NSE:SEPC
SERVOTECH,Servotech Renewable Power System Limited,INE782X01033,NSE:SERVOTECH
SESHAPAPER,Seshasayee Paper and Boards Limited,INE630A01024,NSE:SESHAPAPER
SETCO,Setco Automotive Limited,INE878E01021,NSE:SETCO
SETL,Standard Engineering Technology Limited,INE0M4D01010,NSE:SETL
SFL,Sheela Foam Limited,INE916U01025,NSE:SFL
SGFIN,SG Finserve Limited,INE618R01015,NSE:SGFIN
SGIL,Synergy Green Industries Limited,INE00QT01015,NSE:SGIL
SGL,STL Global Limited,INE353H01010,NSE:SGL
SGMART,SG Mart Limited,INE385F01024,NSE:SGMART
SHADOWFAX,Shadowfax Technologies Limited,INE12UN01015,NSE:SHADOWFAX
SHAH,Shah Metacorp Limited,INE482J01021,NSE:SHAH
SHAHALLOYS,Shah Alloys Limited,INE640C01011,NSE:SHAHALLOYS
SHAILY,Shaily Engineering Plastics Limited,INE151G01028,NSE:SHAILY
SHAKTIPUMP,Shakti Pumps (India) Limited,INE908D01010,NSE:SHAKTIPUMP
SHALBY,Shalby Limited,INE597J01018,NSE:SHALBY
SHALPAINTS,Shalimar Paints Limited,INE849C01026,NSE:SHALPAINTS
SHANKARA,Shankara Building Products Limited,INE274V01019,NSE:SHANKARA
SHANTI,Shanti Overseas (India) Limited,INE933X01016,NSE:SHANTI
SHANTIGEAR,Shanthi Gears Limited,INE631A01022,NSE:SHANTIGEAR
SHANTIGOLD,Shanti Gold International Limited,INE06ZD01017,NSE:SHANTIGOLD
SHARDACROP,Sharda Cropchem Limited,INE221J01015,NSE:SHARDACROP
SHARDAMOTR,Sharda Motor Industries Limited,INE597I01028,NSE:SHARDAMOTR
SHAREINDIA,Share India Securities Limited,INE932X01026,NSE:SHAREINDIA
SHEKHAWATI,Shekhawati Industries Limited,INE268L01046,NSE:SHEKHAWATI
SHEMAROO,Shemaroo Entertainment Limited,INE363M01019,NSE:SHEMAROO
SHILCTECH,Shilchar Technologies Limited,INE024F01011,NSE:SHILCTECH
SHILPAMED,Shilpa Medicare Limited,INE790G01031,NSE:SHILPAMED
SHIVALIK,Shivalik Rasayan Limited,INE788J01021,NSE:SHIVALIK
SHIVAMAUTO,Shivam Autotech Limited,INE637H01024,NSE:SHIVAMAUTO
SHIVAMILLS,Shiva Mills Limited,INE644Y01017,NSE:SHIVAMILLS
SHIVATEX,Shiva Texyarn Limited,INE705C01020,NSE:SHIVATEX
SHIVAUM,Shiv Aum Steels Limited,INE719F01016,NSE:SHIVAUM
SHK,S H Kelkar and Company Limited,INE500L01026,NSE:SHK
SHOPERSTOP,Shoppers Stop Limited,INE498B01024,NSE:SHOPERSTOP
SHRADHA,Shradha Realty Limited,INE715Y01031,NSE:SHRADHA
SHREDIGCEM,Shree Digvijay Cement Co.Ltd,INE232A01011,NSE:SHREDIGCEM
SHREECEM,SHREE CEMENT LIMITED,INE070A01015,NSE:SHREECEM
SHREEJISPG,Shreeji Shipping Global Limited,INE1B6101010,NSE:SHREEJISPG
SHREEPUSHK,Shree Pushkar Chemicals & Fertilisers Limited,INE712K01011,NSE:SHREEPUSHK
SHREERAMA,Shree Rama Multi-Tech Limited,INE879A01019,NSE:SHREERAMA
SHREYANIND,Shreyans Industries Limited,INE231C01019,NSE:SHREYANIND
SHRINGARMS,Shringar House of Mangalsutra Limited,INE1B3L01017,NSE:SHRINGARMS
SHRIPISTON,Shriram Pistons & Rings Limited,INE526E01018,NSE:SHRIPISTON
SHRIRAMFIN,Shriram Finance Limited,INE721A01047,NSE:SHRIRAMFIN
SHRIRAMPPS,Shriram Properties Limited,INE217L01019,NSE:SHRIRAMPPS
SHYAMCENT,Shyam Century Ferrous Limited,INE979R01011,NSE:SHYAMCENT
SHYAMMETL,Shyam Metalics and Energy Limited,INE810G01011,NSE:SHYAMMETL
SHYAMTEL,Shyam Telecom Limited,INE635A01023,NSE:SHYAMTEL
SIEMENS,Siemens Limited,INE003A01024,NSE:SIEMENS
SIGACHI,Sigachi Industries Limited,INE0D0K01022,NSE:SIGACHI
SIGIND,Signet Industries Limited,INE529F01035,NSE:SIGIND
SIGMA,Sigma Solve Limited,INE0A0S01028,NSE:SIGMA
SIGMAADV,SIGMA ADVANCED SYSTEMS LIMITED,INE933B01012,NSE:SIGMAADV
SIGNATURE,Signatureglobal (India) Limited,INE903U01023,NSE:SIGNATURE
SIGNPOST,Signpost India Limited,INE0KGZ01021,NSE:SIGNPOST
SIKKO,Sikko Industries Limited,INE112X01025,NSE:SIKKO
SIL,Standard Industries Limited,INE173A01025,NSE:SIL
SILGO,Silgo Retail Limited,INE01II01013,NSE:SILGO
SILINV,SIL Investments Limited,INE923A01015,NSE:SILINV
SILLYMONKS,Silly Monks Entertainment Limited,INE203Y01012,NSE:SILLYMONKS
SILVERTUC,Silver Touch Technologies Limited,INE625X01026,NSE:SILVERTUC
SIMPLEXINF,Simplex Infrastructures Limited,INE059B01024,NSE:SIMPLEXINF
SINCLAIR,Sinclairs Hotels Limited,INE985A01022,NSE:SINCLAIR
SINDHUTRAD,Sindhu Trade Links Limited,INE325D01025,NSE:SINDHUTRAD
SINTERCOM,Sintercom India Limited,INE129Z01016,NSE:SINTERCOM
SIRCA,Sirca Paints India Limited,INE792Z01011,NSE:SIRCA
SIS,SIS LIMITED,INE285J01028,NSE:SIS
SIYSIL,Siyaram Silk Mills Limited,INE076B01028,NSE:SIYSIL
SJS,S.J.S. Enterprises Limited,INE284S01014,NSE:SJS
SJVN,SJVN Limited,INE002L01015,NSE:SJVN
SKFINDIA,SKF India Limited,INE640A01023,NSE:SKFINDIA
SKFINDUS,SKF India (Industrial) Limited,INE2J8701016,NSE:SKFINDUS
SKIPPER,Skipper Limited,INE439E01022,NSE:SKIPPER
SKMEGGPROD,SKM Egg Products Export (India) Limited,INE411D01023,NSE:SKMEGGPROD
SKYGOLD,SKY GOLD AND DIAMONDS LIMITED,INE01IU01018,NSE:SKYGOLD
SMARTLINK,Smartlink Holdings Limited,INE178C01020,NSE:SMARTLINK
SMARTWORKS,Smartworks Coworking Spaces Limited,INE0NAZ01010,NSE:SMARTWORKS
SMCGLOBAL,SMC Global Securities Limited,INE103C01036,NSE:SMCGLOBAL
SMLMAH,SML Mahindra Limited,INE294B01019,NSE:SMLMAH
SMLT,Sarthak Metals Limited,INE017W01010,NSE:SMLT
SMSPHARMA,SMS Pharmaceuticals Limited,INE812G01025,NSE:SMSPHARMA
SNOWMAN,Snowman Logistics Limited,INE734N01019,NSE:SNOWMAN
SOBHA,Sobha Limited,INE671H01015,NSE:SOBHA
SOFTTECH,Softtech Engineers Limited,INE728Z01015,NSE:SOFTTECH
SOLARA,Solara Active Pharma Sciences Limited,INE624Z01016,NSE:SOLARA
SOLARINDS,Solar Industries India Limited,INE343H01029,NSE:SOLARINDS
SOLARWORLD,Solarworld Energy Solutions Limited,INE0TY101024,NSE:SOLARWORLD
SOLEX,Solex Energy Limited,INE880Y01017,NSE:SOLEX
SOMANYCERA,Somany Ceramics Limited,INE355A01028,NSE:SOMANYCERA
SOMICONVEY,Somi Conveyor Beltings Limited,INE323J01019,NSE:SOMICONVEY
SONACOMS,Sona BLW Precision Forgings Limited,INE073K01018,NSE:SONACOMS
SONAMLTD,SONAM LIMITED,INE00LM01029,NSE:SONAMLTD
SONATSOFTW,Sonata Software Limited,INE269A01021,NSE:SONATSOFTW
SOTL,Savita Oil Technologies Limited,INE035D01020,NSE:SOTL
SOUTHBANK,The South Indian Bank Limited,INE683A01023,NSE:SOUTHBANK
SPAL,S. P. Apparels Limited,INE212I01016,NSE:SPAL
SPANDANA,Spandana Sphoorty Financial Limited,INE572J01011,NSE:SPANDANA
SPARC,Sun Pharma Advanced Research Company Limited,INE232I01014,NSE:SPARC
SPCENET,Spacenet Enterprises India Limited,INE970N01027,NSE:SPCENET
SPECIALITY,Speciality Restaurants Limited,INE247M01014,NSE:SPECIALITY
SPECTRUM,Spectrum Electrical Industries Limited,INE01EO01010,NSE:SPECTRUM
SPENCERS,Spencer's Retail Limited,INE020801028,NSE:SPENCERS
SPIC,Southern Petrochemicals Industries Corporation  Limited,INE147A01011,NSE:SPIC
SPLIL,SPL Industries Limited,INE978G01016,NSE:SPLIL
SPLPETRO,Supreme Petrochem Limited,INE663A01033,NSE:SPLPETRO
SPMLINFRA,SPML Infra Limited,INE937A01023,NSE:SPMLINFRA
SPORTKING,Sportking India Limited,INE885H01029,NSE:SPORTKING
SRD,Shankar Lal Rampal Dye-Chem Limited,INE01NE01012,NSE:SRD
SREEL,Sreeleathers Limited,INE099F01013,NSE:SREEL
SRF,SRF Limited,INE647A01010,NSE:SRF
SRGHFL,SRG Housing Finance Limited,INE559N01010,NSE:SRGHFL
SRHHYPOLTD,Sree Rayalaseema Hi-Strength Hypo Limited,INE917H01012,NSE:SRHHYPOLTD
SRM,SRM Contractors Limited,INE0R6Z01013,NSE:SRM
SSDL,Saraswati Saree Depot Limited,INE0PQ101010,NSE:SSDL
SSWL,Steel Strips Wheels Limited,INE802C01033,NSE:SSWL
STALLION,Stallion India Fluorochemicals Limited,INE0RYC01010,NSE:STALLION
STANLEY,Stanley Lifestyles Limited,INE01A001028,NSE:STANLEY
STAR,Strides Pharma Science Limited,INE939A01011,NSE:STAR
STARCEMENT,Star Cement Limited,INE460H01021,NSE:STARCEMENT
STARHEALTH,Star Health and Allied Insurance Company Limited,INE575P01011,NSE:STARHEALTH
STARPAPER,Star Paper Mills Limited,INE733A01018,NSE:STARPAPER
STARTECK,Starteck Finance Limited,INE992I01013,NSE:STARTECK
STCINDIA,The State Trading Corporation of India Limited,INE655A01013,NSE:STCINDIA
STEELCAS,Steelcast Limited,INE124E01038,NSE:STEELCAS
STEELCITY,Steel City Securities Limited,INE395H01011,NSE:STEELCITY
STEELXIND,STEEL EXCHANGE INDIA LIMITED,INE503B01021,NSE:STEELXIND
STEL,Stel Holdings Limited,INE577L01016,NSE:STEL
STERTOOLS,Sterling Tools Limited,INE334A01023,NSE:STERTOOLS
STLNETWORK,STL Networks Limited,INE1VXE01018,NSE:STLNETWORK
STLTECH,Sterlite Technologies Limited,INE089C01029,NSE:STLTECH
STOVEKRAFT,Stove Kraft Limited,INE00IN01015,NSE:STOVEKRAFT
STUDDS,Studds Accessories Limited,INE00Q601028,NSE:STUDDS
STYL,Seshaasai Technologies Limited,INE04VU01023,NSE:STYL
STYLAMIND,Stylam Industries Limited,INE239C01020,NSE:STYLAMIND
STYLEBAAZA,Baazar Style Retail Limited,INE01FR01028,NSE:STYLEBAAZA
STYRENIX,Styrenix Performance Materials Limited,INE189B01011,NSE:STYRENIX
SUBEXLTD,Subex Limited,INE754A01055,NSE:SUBEXLTD
SUBROS,Subros Limited,INE287B01021,NSE:SUBROS
SUDARCOLOR,Sudarshan Colorants India Limited,INE492A01029,NSE:SUDARCOLOR
SUDARSCHEM,Sudarshan Chemical Industries Limited,INE659A01023,NSE:SUDARSCHEM
SUDEEPPHRM,Sudeep Pharma Limited,INE0QPI01025,NSE:SUDEEPPHRM
SUKHJITS,Sukhjit Starch & Chemicals Limited,INE450E01029,NSE:SUKHJITS
SULA,Sula Vineyards Limited,INE142Q01026,NSE:SULA
SUMEETINDS,Sumeet Industries Limited,INE235C01036,NSE:SUMEETINDS
SUMICHEM,Sumitomo Chemical India Limited,INE258G01013,NSE:SUMICHEM
SUMIT,Sumit Woods Limited,INE748Z01013,NSE:SUMIT
SUMMITSEC,Summit Securities Limited,INE519C01017,NSE:SUMMITSEC
SUNCLAY,Sundaram Clayton Limited,INE0Q3R01026,NSE:SUNCLAY
SUNDARAM,Sundaram Multi Pap Limited,INE108E01023,NSE:SUNDARAM
SUNDARMFIN,Sundaram Finance Limited,INE660A01013,NSE:SUNDARMFIN
SUNDRMBRAK,Sundaram Brake Linings Limited,INE073D01013,NSE:SUNDRMBRAK
SUNDRMFAST,Sundram Fasteners Limited,INE387A01021,NSE:SUNDRMFAST
SUNDROP,Sundrop Brands Limited,INE209A01019,NSE:SUNDROP
SUNFLAG,Sunflag Iron And Steel Company Limited,INE947A01014,NSE:SUNFLAG
SUNPHARMA,Sun Pharmaceutical Industries Limited,INE044A01036,NSE:SUNPHARMA
SUNTECK,Sunteck Realty Limited,INE805D01034,NSE:SUNTECK
SUNTV,Sun TV Network Limited,INE424H01027,NSE:SUNTV
SUPERHOUSE,Superhouse Limited,INE712B01010,NSE:SUPERHOUSE
SUPERSPIN,Super Spinning Mills Limited,INE662A01027,NSE:SUPERSPIN
SUPRAJIT,Suprajit Engineering Limited,INE399C01030,NSE:SUPRAJIT
SUPREME,Supreme Holdings & Hospitality (India) Limited,INE822E01011,NSE:SUPREME
SUPREMEIND,Supreme Industries Limited,INE195A01028,NSE:SUPREMEIND
SUPRIYA,Supriya Lifescience Limited,INE07RO01027,NSE:SUPRIYA
SURAJEST,Suraj Estate Developers Limited,INE843S01025,NSE:SURAJEST
SURAJLTD,Suraj Limited,INE713C01016,NSE:SURAJLTD
SURAKSHA,Suraksha Diagnostic Limited,INE877V01027,NSE:SURAKSHA
SURANASOL,Surana Solar Limited,INE272L01022,NSE:SURANASOL
SURANAT&P,Surana Telecom and Power Limited,INE130B01031,NSE:SURANAT&P
SURYALAXMI,Suryalakshmi Cotton Mills Limited,INE713B01026,NSE:SURYALAXMI
SURYAROSNI,Surya Roshni Limited,INE335A01020,NSE:SURYAROSNI
SURYODAY,Suryoday Small Finance Bank Limited,INE428Q01011,NSE:SURYODAY
SUTLEJTEX,Sutlej Textiles and Industries Limited,INE645H01027,NSE:SUTLEJTEX
SUVEN,Suven Life Sciences Limited,INE495B01038,NSE:SUVEN
SUVIDHAA,Suvidhaa Infoserve Limited,INE018401013,NSE:SUVIDHAA
SUYOG,Suyog Telematics Limited,INE442P01014,NSE:SUYOG
SUZLON,Suzlon Energy Limited,INE040H01021,NSE:SUZLON
SVLL,Shree Vasu Logistics Limited,INE00CE01017,NSE:SVLL
SWANCORP,SWAN CORP LIMITED,INE665A01038,NSE:SWANCORP
SWARAJENG,Swaraj Engines Limited,INE277A01016,NSE:SWARAJENG
SWELECTES,Swelect Energy Systems Limited,INE409B01013,NSE:SWELECTES
SWIGGY,Swiggy Limited,INE00H001014,NSE:SWIGGY
SWSOLAR,Sterling and Wilson Renewable Energy Limited,INE00M201021,NSE:SWSOLAR
SYMPHONY,Symphony Limited,INE225D01027,NSE:SYMPHONY
SYNCOMF,Syncom Formulations (India) Limited,INE312C01025,NSE:SYNCOMF
SYNGENE,Syngene International Limited,INE398R01022,NSE:SYNGENE
SYRMA,Syrma SGS Technology Limited,INE0DYJ01015,NSE:SYRMA
SYSTMTXC,Systematix Corporate Services Limited,INE356B01024,NSE:SYSTMTXC
TAINWALCHM,Tainwala Chemical and Plastic (I) Limited,INE123C01018,NSE:TAINWALCHM
TAJGVK,Taj GVK Hotels & Resorts Limited,INE586B01026,NSE:TAJGVK
TALBROAUTO,Talbros Automotive Components Limited,INE187D01029,NSE:TALBROAUTO
TANLA,Tanla Platforms Limited,INE483C01032,NSE:TANLA
TARACHAND,Tara Chand InfraLogistic Solutions Limited,INE555Z01020,NSE:TARACHAND
TARAPUR,Tarapur Transformers Limited,INE747K01017,NSE:TARAPUR
TARC,TARC Limited,INE0EK901012,NSE:TARC
TARIL,Transformers And Rectifiers (India) Limited,INE763I01026,NSE:TARIL
TARSONS,Tarsons Products Limited,INE144Z01023,NSE:TARSONS
TASTYBITE,Tasty Bite Eatables Limited,INE488B01017,NSE:TASTYBITE
TATACAP,Tata Capital Limited,INE976I01016,NSE:TATACAP
TATACHEM,Tata Chemicals Limited,INE092A01019,NSE:TATACHEM
TATACOMM,Tata Communications Limited,INE151A01013,NSE:TATACOMM
TATACONSUM,TATA CONSUMER PRODUCTS LIMITED,INE192A01025,NSE:TATACONSUM
TATAELXSI,Tata Elxsi Limited,INE670A01012,NSE:TATAELXSI
TATAINVEST,Tata Investment Corporation Limited,INE672A01026,NSE:TATAINVEST
TATAPOWER,Tata Power Company Limited,INE245A01021,NSE:TATAPOWER
TATASTEEL,Tata Steel Limited,INE081A01020,NSE:TATASTEEL
TATATECH,Tata Technologies Limited,INE142M01025,NSE:TATATECH
TATVA,Tatva Chintan Pharma Chem Limited,INE0GK401011,NSE:TATVA
TBOTEK,TBO Tek Limited,INE673O01025,NSE:TBOTEK
TBZ,Tribhovandas Bhimji Zaveri Limited,INE760L01018,NSE:TBZ
TCC,TCC Concept Limited,INE887D01016,NSE:TCC
TCI,Transport Corporation of India Limited,INE688A01022,NSE:TCI
TCIEXP,TCI Express Limited,INE586V01016,NSE:TCIEXP
TCPLPACK,TCPL Packaging Limited,INE822C01015,NSE:TCPLPACK
TCS,Tata Consultancy Services Limited,INE467B01029,NSE:TCS
TDPOWERSYS,TD Power Systems Limited,INE419M01027,NSE:TDPOWERSYS
TEAMGTY,Team India Guaranty Limited,INE289C01025,NSE:TEAMGTY
TEAMLEASE,Teamlease Services Limited,INE985S01024,NSE:TEAMLEASE
TECHM,Tech Mahindra Limited,INE669C01036,NSE:TECHM
TECHNOE,Techno Electric & Engineering Company Limited,INE285K01026,NSE:TECHNOE
TECILCHEM,TECIL Chemicals and Hydro Power Limited,INE014B01011,NSE:TECILCHEM
TEGA,Tega Industries Limited,INE011K01018,NSE:TEGA
TEJASNET,Tejas Networks Limited,INE010J01012,NSE:TEJASNET
TEMBO,Tembo Global Industries Limited,INE869Y01010,NSE:TEMBO
TENNIND,Tenneco Clean Air India Limited,INE19RI01016,NSE:TENNIND
TERASOFT,Tera Software Limited,INE482B01010,NSE:TERASOFT
TEXINFRA,Texmaco Infrastructure & Holdings Limited,INE435C01024,NSE:TEXINFRA
TEXMOPIPES,Texmo Pipes and Products Limited,INE141K01013,NSE:TEXMOPIPES
TEXRAIL,Texmaco Rail & Engineering Limited,INE621L01012,NSE:TEXRAIL
TFCILTD,Tourism Finance Corporation of India Limited,INE305A01023,NSE:TFCILTD
TFL,Transwarranty Finance Limited,INE804H01012,NSE:TFL
TGBHOTELS,TGB Banquets And Hotels Limited,INE797H01018,NSE:TGBHOTELS
THANGAMAYL,Thangamayil Jewellery Limited,INE085J01014,NSE:THANGAMAYL
THEINVEST,The Investment Trust Of India Limited,INE924D01017,NSE:THEINVEST
THEJO,Thejo Engineering Limited,INE121N01019,NSE:THEJO
THELEELA,Leela Palaces Hotels & Resorts Limited,INE0AQ201015,NSE:THELEELA
THEMISMED,Themis Medicare Limited,INE083B01024,NSE:THEMISMED
THERMAX,Thermax Limited,INE152A01029,NSE:THERMAX
THOMASCOOK,Thomas Cook  (India)  Limited,INE332A01027,NSE:THOMASCOOK
THOMASCOTT,Thomas Scott (India) Limited,INE480M01011,NSE:THOMASCOTT
THYROCARE,Thyrocare Technologies Limited,INE594H01019,NSE:THYROCARE
TI,Tilaknagar Industries Limited,INE133E01013,NSE:TI
TICL,Twamev Construction and Infrastructure Limited,INE388G01026,NSE:TICL
TIGERLOGS,Tiger Logistics (India) Limited,INE906O01029,NSE:TIGERLOGS
TIIL,Technocraft Industries (India) Limited,INE545H01011,NSE:TIIL
TIINDIA,Tube Investments of India Limited,INE974X01010,NSE:TIINDIA
TIL,TIL Limited,INE806C01018,NSE:TIL
TIMETECHNO,Time Technoplast Limited,INE508G01029,NSE:TIMETECHNO
TIMKEN,Timken India Limited,INE325A01013,NSE:TIMKEN
TINNARUBR,Tinna Rubber and Infrastructure Limited,INE015C01016,NSE:TINNARUBR
TIPSFILMS,Tips Films Limited,INE0LQS01015,NSE:TIPSFILMS
TIPSMUSIC,Tips Music Limited,INE716B01029,NSE:TIPSMUSIC
TIRUMALCHM,Thirumalai Chemicals Limited,INE338A01024,NSE:TIRUMALCHM
TIRUPATIFL,Tirupati Forge Limited,INE319Y01024,NSE:TIRUPATIFL
TITAGARH,TITAGARH RAIL SYSTEMS LIMITED,INE615H01020,NSE:TITAGARH
TITAN,Titan Company Limited,INE280A01028,NSE:TITAN
TMB,Tamilnad Mercantile Bank Limited,INE668A01016,NSE:TMB
TMCV,Tata Motors Limited,INE1TAE01010,NSE:TMCV
TMPV,Tata Motors Passenger Vehicles Limited,INE155A01022,NSE:TMPV
TNPETRO,Tamilnadu PetroProducts Limited,INE148A01019,NSE:TNPETRO
TNPL,Tamil Nadu Newsprint & Papers Limited,INE107A01015,NSE:TNPL
TNTELE,Tamilnadu Telecommunication Limited,INE141D01018,NSE:TNTELE
TOKYOPLAST,Tokyo Plast International Limited,INE932C01012,NSE:TOKYOPLAST
TOLINS,Tolins Tyres Limited,INE0RWQ01014,NSE:TOLINS
TORNTPHARM,Torrent Pharmaceuticals Limited,INE685A01028,NSE:TORNTPHARM
TORNTPOWER,Torrent Power Limited,INE813H01021,NSE:TORNTPOWER
TOTAL,Total Transport Systems Limited,INE336X01012,NSE:TOTAL
TOUCHWOOD,Touchwood Entertainment Limited,INE486Y01013,NSE:TOUCHWOOD
TPHQ,Teamo Productions HQ Limited,INE065J01024,NSE:TPHQ
TPLPLASTEH,TPL Plastech Limited,INE413G01022,NSE:TPLPLASTEH
TRACXN,Tracxn Technologies Limited,INE0HMF01019,NSE:TRACXN
TRANSRAILL,Transrail Lighting Limited,INE454P01035,NSE:TRANSRAILL
TRANSWORLD,TRANSWORLD SHIPPING LINES LIMITED,INE757B01015,NSE:TRANSWORLD
TRAVELFOOD,Travel Food Services Limited,INE103V01028,NSE:TRAVELFOOD
TREL,Transindia Real Estate Limited,INE0O3901029,NSE:TREL
TRENT,Trent Limited,INE849A01020,NSE:TRENT
TRF,TRF Limited,INE391D01019,NSE:TRF
TRIDENT,Trident Limited,INE064C01022,NSE:TRIDENT
TRIGYN,Trigyn Technologies Limited,INE948A01012,NSE:TRIGYN
TRITURBINE,Triveni Turbine Limited,INE152M01016,NSE:TRITURBINE
TRIVENI,Triveni Engineering & Industries Limited,INE256C01024,NSE:TRIVENI
TRU,TruCap Finance Limited,INE615R01029,NSE:TRU
TRUALT,TruAlt Bioenergy Limited,INE0MWH01014,NSE:TRUALT
TSFINV,TSF INVESTMENTS LIMITED,INE202Z01029,NSE:TSFINV
TTKHLTCARE,TTK Healthcare Limited,INE910C01018,NSE:TTKHLTCARE
TTKPRESTIG,TTK Prestige Limited,INE690A01028,NSE:TTKPRESTIG
TTML,Tata Teleservices (Maharashtra) Limited,INE517B01013,NSE:TTML
TVSHLTD,TVS Holdings Limited,INE105A01035,NSE:TVSHLTD
TVSMOTOR,TVS Motor Company Limited,INE494B01023,NSE:TVSMOTOR
TVSSRICHAK,TVS Srichakra Limited,INE421C01016,NSE:TVSSRICHAK
TVTODAY,TV Today Network Limited,INE038F01029,NSE:TVTODAY
UBL,United Breweries Limited,INE686F01025,NSE:UBL
UCAL,UCAL LIMITED,INE139B01016,NSE:UCAL
UCOBANK,UCO Bank,INE691A01018,NSE:UCOBANK
UDS,Updater Services Limited,INE851I01011,NSE:UDS
UEL,Ujaas Energy Limited,INE899L01030,NSE:UEL
UFBL,United Foodbrands Limited,INE382M01027,NSE:UFBL
UFLEX,UFLEX Limited,INE516A01017,NSE:UFLEX
UFO,UFO Moviez India Limited,INE527H01019,NSE:UFO
UGARSUGAR,The Ugar Sugar Works Limited,INE071E01023,NSE:UGARSUGAR
UGROCAP,Ugro Capital Limited,INE583D01011,NSE:UGROCAP
UJJIVANSFB,Ujjivan Small Finance Bank Limited,INE551W01018,NSE:UJJIVANSFB
ULTRACEMCO,UltraTech Cement Limited,INE481G01011,NSE:ULTRACEMCO
UMAEXPORTS,Uma Exports Limited,INE0GIU01018,NSE:UMAEXPORTS
UMESLTD,Usha Martin Education & Solutions Limited,INE240C01028,NSE:UMESLTD
UMIYA-MRO,UMIYA BUILDCON LIMITED,INE398B01018,NSE:UMIYA-MRO
UNICHEMLAB,Unichem Laboratories Limited,INE351A01035,NSE:UNICHEMLAB
UNIDT,United Drilling Tools Limited,INE961D01019,NSE:UNIDT
UNIECOM,Unicommerce Esolutions Limited,INE00U401027,NSE:UNIECOM
UNIENTER,Uniphos Enterprises Limited,INE037A01022,NSE:UNIENTER
UNIINFO,Uniinfo Telecom Services Limited,INE481Z01011,NSE:UNIINFO
UNIMECH,Unimech Aerospace and Manufacturing Limited,INE0U3I01011,NSE:UNIMECH
UNIONBANK,Union Bank of India,INE692A01016,NSE:UNIONBANK
UNIPARTS,Uniparts India Limited,INE244O01017,NSE:UNIPARTS
UNITDSPR,United Spirits Limited,INE854D01024,NSE:UNITDSPR
UNITECH,Unitech Limited,INE694A01020,NSE:UNITECH
UNITEDPOLY,United Polyfab Gujarat Limited,INE368U01029,NSE:UNITEDPOLY
UNITEDTEA,The United Nilgiri Tea Estates Company Limited,INE458F01011,NSE:UNITEDTEA
UNIVASTU,Univastu India Limited,INE562X01013,NSE:UNIVASTU
UNIVCABLES,Universal Cables Limited,INE279A01012,NSE:UNIVCABLES
UNOMINDA,UNO Minda Limited,INE405E01023,NSE:UNOMINDA
UPL,UPL Limited,INE628A01036,NSE:UPL
URAVIDEF,Uravi Defence and Technology Limited,INE568Z01015,NSE:URAVIDEF
URBANCO,Urban Company Limited,INE0CAZ01013,NSE:URBANCO
URJA,Urja Global Limited,INE550C01020,NSE:URJA
USHAMART,Usha Martin Limited,INE228A01035,NSE:USHAMART
UTIAMC,UTI Asset Management Company Limited,INE094J01016,NSE:UTIAMC
UTKARSHBNK,Utkarsh Small Finance Bank Limited,INE735W01017,NSE:UTKARSHBNK
UTLSOLAR,Fujiyama Power Systems Limited,INE12UR01024,NSE:UTLSOLAR
UTTAMSUGAR,Uttam Sugar Mills Limited,INE786F01031,NSE:UTTAMSUGAR
UYFINCORP,U. Y. Fincorp Limited,INE152C01025,NSE:UYFINCORP
V2RETAIL,V2 Retail Limited,INE945H01013,NSE:V2RETAIL
VADILALIND,Vadilal Industries Limited,INE694D01016,NSE:VADILALIND
VAIBHAVGBL,Vaibhav Global Limited,INE884A01027,NSE:VAIBHAVGBL
VAISHALI,Vaishali Pharma Limited,INE972X01022,NSE:VAISHALI
VAKRANGEE,Vakrangee Limited,INE051B01021,NSE:VAKRANGEE
VALIANTLAB,Valiant Laboratories Limited,INE0JWS01017,NSE:VALIANTLAB
VALIANTORG,Valiant Organics Limited,INE565V01010,NSE:VALIANTORG
VARDHACRLC,Vardhman Acrylics Limited,INE116G01013,NSE:VARDHACRLC
VARROC,Varroc Engineering Limited,INE665L01035,NSE:VARROC
VASCONEQ,Vascon Engineers Limited,INE893I01013,NSE:VASCONEQ
VASWANI,Vaswani Industries Limited,INE590L01019,NSE:VASWANI
VBL,Varun Beverages Limited,INE200M01039,NSE:VBL
VEDL,Vedanta Limited,INE205A01025,NSE:VEDL
VEEDOL,Veedol Corporation Limited,INE484C01030,NSE:VEEDOL
VENKEYS,Venky's (India) Limited,INE398A01010,NSE:VENKEYS
VENTIVE,Ventive Hospitality Limited,INE781S01027,NSE:VENTIVE
VENUSPIPES,Venus Pipes & Tubes Limited,INE0JA001018,NSE:VENUSPIPES
VERANDA,Veranda Learning Solutions Limited,INE0IQ001011,NSE:VERANDA
VERTOZ,Vertoz Limited,INE188Y01031,NSE:VERTOZ
VESUVIUS,Vesuvius India Limited,INE386A01023,NSE:VESUVIUS
VETO,Veto Switchgears And Cables Limited,INE918N01018,NSE:VETO
VGL,VARVEE GLOBAL LIMITED,INE273D01027,NSE:VGL
VGUARD,V-Guard Industries Limited,INE951I01027,NSE:VGUARD
VHL,Vardhman Holdings Limited,INE701A01023,NSE:VHL
VIDHIING,Vidhi Specialty Food Ingredients Limited,INE632C01026,NSE:VIDHIING
VIDYAWIRES,Vidya Wires Limited,INE14UN01029,NSE:VIDYAWIRES
VIJAYA,Vijaya Diagnostic Centre Limited,INE043W01024,NSE:VIJAYA
VIJIFIN,Viji Finance Limited,INE159N01027,NSE:VIJIFIN
VIKASECO,Vikas EcoTech Limited,INE806A01020,NSE:VIKASECO
VIKASLIFE,Vikas Lifecare Limited,INE161L01027,NSE:VIKASLIFE
VIKRAMSOLR,Vikram Solar Limited,INE078V01014,NSE:VIKRAMSOLR
VIKRAN,Vikran Engineering Limited,INE01R501028,NSE:VIKRAN
VIMTALABS,Vimta Labs Limited,INE579C01029,NSE:VIMTALABS
VINATIORGA,Vinati Organics Limited,INE410B01037,NSE:VINATIORGA
VINCOFE,Vintage Coffee And Beverages Limited,INE498Q01014,NSE:VINCOFE
VINDHYATEL,Vindhya Telelinks Limited,INE707A01012,NSE:VINDHYATEL
VINEETLAB,Vineet Laboratories Limited,INE505Y01010,NSE:VINEETLAB
VINNY,Vinny Overseas Limited,INE01KI01027,NSE:VINNY
VINYLINDIA,Vinyl Chemicals (India) Limited,INE250B01029,NSE:VINYLINDIA
VIPCLOTHNG,VIP Clothing Limited,INE450G01024,NSE:VIPCLOTHNG
VIPIND,VIP Industries Limited,INE054A01027,NSE:VIPIND
VIRINCHI,Virinchi Limited,INE539B01017,NSE:VIRINCHI
VISAKAIND,Visaka Industries Limited,INE392A01021,NSE:VISAKAIND
VISASTEEL,Visa Steel Limited,INE286H01012,NSE:VISASTEEL
VISHNU,Vishnu Chemicals Limited,INE270I01022,NSE:VISHNU
VISHWARAJ,Vishwaraj Sugar Industries Limited,INE430N01022,NSE:VISHWARAJ
VIVIDHA,Visagar Polytex Limited,INE370E01029,NSE:VIVIDHA
VIVIMEDLAB,Vivimed Labs Limited,INE526G01021,NSE:VIVIMEDLAB
VIYASH,Viyash Scientific Limited,INE807F01027,NSE:VIYASH
VLEGOV,VL E-Governance & IT Solutions Limited,INE03HW01020,NSE:VLEGOV
VLSFINANCE,VLS Finance Limited,INE709A01018,NSE:VLSFINANCE
VMART,V-Mart Retail Limited,INE665J01013,NSE:VMART
VMM,Vishal Mega Mart Limited,INE01EA01019,NSE:VMM
VMSTMT,VMS TMT Limited,INE0SJA01013,NSE:VMSTMT
VOLTAMP,Voltamp Transformers Limited,INE540H01012,NSE:VOLTAMP
VOLTAS,Voltas Limited,INE226A01021,NSE:VOLTAS
VPRPL,Vishnu Prakash R Punglia Limited,INE0AE001013,NSE:VPRPL
VRAJ,Vraj Iron and Steel Limited,INE0S2V01010,NSE:VRAJ
VRLLOG,VRL Logistics Limited,INE366I01010,NSE:VRLLOG
VSSL,Vardhman Special Steels Limited,INE050M01012,NSE:VSSL
VSTIND,VST Industries Limited,INE710A01016,NSE:VSTIND
VSTL,Vibhor Steel Tubes Limited,INE0QTF01015,NSE:VSTL
VSTTILLERS,V.S.T Tillers Tractors Limited,INE764D01017,NSE:VSTTILLERS
VTL,Vardhman Textiles Limited,INE825A01020,NSE:VTL
WAAREEENER,Waaree Energies Limited,INE377N01017,NSE:WAAREEENER
WAAREERTL,Waaree Renewable Technologies Limited,INE299N01021,NSE:WAAREERTL
WABAG,VA Tech Wabag Limited,INE956G01038,NSE:WABAG
WAKEFIT,Wakefit Innovations Limited,INE0E7301029,NSE:WAKEFIT
WALCHANNAG,Walchandnagar Industries Limited,INE711A01022,NSE:WALCHANNAG
WCIL,Western Carriers (India) Limited,INE0CJF01024,NSE:WCIL
WEALTH,Wealth First Portfolio Managers Limited,INE658T01017,NSE:WEALTH
WEBELSOLAR,Websol Energy System Limited,INE855C01023,NSE:WEBELSOLAR
WEIZMANIND,Weizmann Limited,INE080A01014,NSE:WEIZMANIND
WEL,Wonder Electricals Limited,INE02WG01024,NSE:WEL
WELCORP,Welspun Corp Limited,INE191B01025,NSE:WELCORP
WELENT,Welspun Enterprises Limited,INE625G01013,NSE:WELENT
WELINV,Welspun Investments and Commercials Limited,INE389K01018,NSE:WELINV
WELSPUNLIV,Welspun Living Limited,INE192B01031,NSE:WELSPUNLIV
WENDT,Wendt (India) Limited,INE274C01019,NSE:WENDT
WESTLIFE,WESTLIFE FOODWORLD LIMITED,INE274F01020,NSE:WESTLIFE
WEWIN,WE WIN LIMITED,INE082W01014,NSE:WEWIN
WEWORK,WeWork India Management Limited,INE085001019,NSE:WEWORK
WHEELS,Wheels India Limited,INE715A01015,NSE:WHEELS
WHIRLPOOL,Whirlpool of India Limited,INE716A01013,NSE:WHIRLPOOL
WILLAMAGOR,Williamson Magor & Company Limited,INE210A01017,NSE:WILLAMAGOR
WINDLAS,Windlas Biotech Limited,INE0H5O01029,NSE:WINDLAS
WINDMACHIN,Windsor Machines Limited,INE052A01021,NSE:WINDMACHIN
WIPL,The Western India Plywoods Limited,INE215F01023,NSE:WIPL
WIPRO,Wipro Limited,INE075A01022,NSE:WIPRO
WOCKPHARMA,Wockhardt Limited,INE049B01025,NSE:WOCKPHARMA
WONDERLA,Wonderla Holidays Limited,INE066O01014,NSE:WONDERLA
WORTHPERI,Worth Peripherals Limited,INE196Y01018,NSE:WORTHPERI
WSI,W S Industries (I) Limited,INE100D01014,NSE:WSI
WSTCSTPAPR,West Coast Paper Mills Limited,INE976A01021,NSE:WSTCSTPAPR
XCHANGING,Xchanging Solutions Limited,INE692G01013,NSE:XCHANGING
XELPMOC,Xelpmoc Design And Tech Limited,INE01P501012,NSE:XELPMOC
XPROINDIA,Xpro India Limited,INE445C01015,NSE:XPROINDIA
XTGLOBAL,Xtglobal Infotech Limited,INE547B01028,NSE:XTGLOBAL
YASHO,Yasho Industries Limited,INE616Z01012,NSE:YASHO
YATHARTH,Yatharth Hospital & Trauma Care Services Limited,INE0JO301016,NSE:YATHARTH
YATRA,Yatra Online Limited,INE0JR601024,NSE:YATRA
YESBANK,Yes Bank Limited,INE528G01035,NSE:YESBANK
YUKEN,Yuken India Limited,INE384C01016,NSE:YUKEN
ZAGGLE,Zaggle Prepaid Ocean Services Limited,INE07K301024,NSE:ZAGGLE
ZEEL,Zee Entertainment Enterprises Limited,INE256A01028,NSE:ZEEL
ZEELEARN,Zee Learn Limited,INE565L01011,NSE:ZEELEARN
ZENITHEXPO,Zenith Exports Limited,INE058B01018,NSE:ZENITHEXPO
ZENITHSTL,Zenith Steel Pipes & Industries Limited,INE318D01020,NSE:ZENITHSTL
ZENSARTECH,Zensar Technologies Limited,INE520A01027,NSE:ZENSARTECH
ZENTEC,Zen Technologies Limited,INE251B01027,NSE:ZENTEC
ZFCVINDIA,ZF Commercial Vehicle Control Systems India Limited,INE342J01019,NSE:ZFCVINDIA
ZIMLAB,Zim Laboratories Limited,INE518E01015,NSE:ZIMLAB
ZODIAC,Zodiac Energy Limited,INE761Y01019,NSE:ZODIAC
ZODIACLOTH,Zodiac Clothing Company Limited,INE206B01013,NSE:ZODIACLOTH
ZOTA,Zota Health Care LImited,INE358U01012,NSE:ZOTA
ZUARI,Zuari Agro Chemicals Limited,INE840M01016,NSE:ZUARI
ZUARIIND,ZUARI INDUSTRIES LIMITED,INE217A01012,NSE:ZUARIIND
ZYDUSLIFE,Zydus Lifesciences Limited,INE010B01027,NSE:ZYDUSLIFE
ZYDUSWELL,Zydus Wellness Limited,INE768C01028,NSE:ZYDUSWELL
